FilePath,Package,ClassName,FieldName,Id,parentId,FieldType,Annotations
C:\Users\Seba\IdeaProjects\eam-light-backend\eam-wshub-core\src\main\java\ch\cern\eam\wshub\core\services\material\entities\PartStore.java,ch.cern.eam.wshub.core.services.material.entities,PartStore,abcClass,1,,String,
C:\Users\Seba\IdeaProjects\eam-light-backend\eam-wshub-core\src\main\java\ch\cern\eam\wshub\core\services\material\entities\PhysicalInventory.java,ch.cern.eam.wshub.core.services.material.entities,PhysicalInventory,abcClass,2,,String,"@InforField(xpath = ""ABCCODE"")"
C:\Users\Seba\IdeaProjects\eam-light-backend\eam-wshub-core\src\main\java\ch\cern\eam\wshub\core\services\workorders\entities\Employee.java,ch.cern.eam.wshub.core.services.workorders.entities,Employee,accountBlocked,3,,String,"@Column(name = ""PER_UDFCHKBOX01"")"
C:\Users\Seba\IdeaProjects\eam-light-backend\eam-wshub-core\src\main\java\ch\cern\eam\wshub\core\services\equipment\entities\NonConformityObservation.java,ch.cern.eam.wshub.core.services.equipment.entities,NonConformityObservation,acknowledgedBy,4,,String,"@GridField(name = ""acknowledgedby""), @InforField(xpath = ""ACKNOWLEDGEDBY/USERCODE"")"
C:\Users\Seba\IdeaProjects\eam-light-backend\eam-wshub-core\src\main\java\ch\cern\eam\wshub\core\services\equipment\entities\NonConformityObservation.java,ch.cern.eam.wshub.core.services.equipment.entities,NonConformityObservation,acknowledgedCopiedFrom,5,,String,"@GridField(name = ""acknowledgedcopiedfromdes""), @InforField(xpath = ""ACKNOWLEDGEDCOPIEDFROM/DESCRIPTION"")"
C:\Users\Seba\IdeaProjects\eam-light-backend\eam-wshub-core\src\main\java\ch\cern\eam\wshub\core\services\equipment\entities\NonConformityObservation.java,ch.cern.eam.wshub.core.services.equipment.entities,NonConformityObservation,acknowledgedDate,6,,String,"@GridField(name = ""dateacknowledged""), @InforField(xpath = ""DATEACKNOWLEDGED"")"
C:\Users\Seba\IdeaProjects\eam-light-backend\eam-wshub-core\src\main\java\ch\cern\eam\wshub\core\services\equipment\entities\NonConformityObservation.java,ch.cern.eam.wshub.core.services.equipment.entities,NonConformityObservation,acknowledgedDescription,7,,String,"@GridField(name = ""massacknowledgeddesc""), @InforField(xpath = ""MASSACKNOWLEDGED/DESCRIPTION"")"
C:\Users\Seba\IdeaProjects\eam-light-backend\eam-wshub-core\src\main\java\ch\cern\eam\wshub\core\services\equipment\entities\NonConformityObservation.java,ch.cern.eam.wshub.core.services.equipment.entities,NonConformityObservation,acknowledgedSourceObservation,8,,String,"@GridField(name = ""acknowledgedsourceobservseq""), @InforField(xpath = ""ACKNOWLEDGEDSOURCEOBSERVATION/OBSERVATIONNUM"")"
C:\Users\Seba\IdeaProjects\eam-light-backend\eam-wshub-core\src\main\java\ch\cern\eam\wshub\core\services\workorders\entities\WorkOrder.java,ch.cern.eam.wshub.core.services.workorders.entities,WorkOrder,actionCode,9,,String,"@Transient, @InforField(xpath = ""ACTIONCODEID/ACTIONCODE"")"
C:\Users\Seba\IdeaProjects\eam-light-backend\eam-wshub-core\src\main\java\ch\cern\eam\wshub\core\services\equipment\entities\EquipmentGenerationEntity.java,ch.cern.eam.wshub.core.services.equipment.entities,EquipmentGenerationEntity,activateMps,10,,String,@Transient
C:\Users\Seba\IdeaProjects\eam-light-backend\eam-wshub-core\src\main\java\ch\cern\eam\wshub\core\services\equipment\entities\EquipmentGenerationEntity.java,ch.cern.eam.wshub.core.services.equipment.entities,EquipmentGenerationEntity,active,11,,String,@Transient
C:\Users\Seba\IdeaProjects\eam-light-backend\eam-wshub-core\src\main\java\ch\cern\eam\wshub\core\services\equipment\entities\EquipmentWarranty.java,ch.cern.eam.wshub.core.services.equipment.entities,EquipmentWarranty,active,12,,Boolean,@Transient
C:\Users\Seba\IdeaProjects\eam-light-backend\eam-wshub-core\src\main\java\ch\cern\eam\wshub\core\services\workorders\entities\Activity.java,ch.cern.eam.wshub.core.services.workorders.entities,Activity,activityCode,13,,BigInteger,"@Id, @Column(name = ""ACT_ACT""), @GridField(name = ""activity""), @InforField(xpath = ""ACTIVITYID/ACTIVITYCODE/value"")"
C:\Users\Seba\IdeaProjects\eam-light-backend\eam-wshub-core\src\main\java\ch\cern\eam\wshub\core\services\material\entities\IssueReturnPartTransaction.java,ch.cern.eam.wshub.core.services.material.entities,IssueReturnPartTransaction,activityCode,14,13,String,@ManyToOne
C:\Users\Seba\IdeaProjects\eam-light-backend\eam-wshub-core\src\main\java\ch\cern\eam\wshub\core\services\workorders\entities\LaborBooking.java,ch.cern.eam.wshub.core.services.workorders.entities,LaborBooking,activityCode,15,13,String,"@Column(name = ""BOO_ACT""), @GridField(name = ""booactivity""), @ManyToOne"
C:\Users\Seba\IdeaProjects\eam-light-backend\eam-wshub-core\src\main\java\ch\cern\eam\wshub\core\services\workorders\entities\WorkOrderActivityChecklist.java,ch.cern.eam.wshub.core.services.workorders.entities,WorkOrderActivityChecklist,activityCode,16,13,long,"@NonNull, @InforField(xpath = ""ACTIVITYID/ACTIVITYCODE/value""), @ManyToOne"
C:\Users\Seba\IdeaProjects\eam-light-backend\eam-wshub-core\src\main\java\ch\cern\eam\wshub\core\services\workorders\entities\WorkOrderActivityChecklistItem.java,ch.cern.eam.wshub.core.services.workorders.entities,WorkOrderActivityChecklistItem,activityCode,17,13,String,@ManyToOne
C:\Users\Seba\IdeaProjects\eam-light-backend\eam-wshub-core\src\main\java\ch\cern\eam\wshub\core\services\workorders\entities\WorkOrderActivityChecklistSignature.java,ch.cern.eam.wshub.core.services.workorders.entities,WorkOrderActivityChecklistSignature,activityCodeAutoGenerated,18,13,String,"@InforField(xpath = ""ACTIVITYID/ACTIVITYCODE/auto_generated""), @ManyToOne"
C:\Users\Seba\IdeaProjects\eam-light-backend\eam-wshub-core\src\main\java\ch\cern\eam\wshub\core\services\workorders\entities\WorkOrderActivityChecklistSignature.java,ch.cern.eam.wshub.core.services.workorders.entities,WorkOrderActivityChecklistSignature,activityCodeValue,19,13,BigInteger,"@InforField(xpath = ""ACTIVITYID/ACTIVITYCODE/value""), @ManyToOne"
C:\Users\Seba\IdeaProjects\eam-light-backend\eam-wshub-core\src\main\java\ch\cern\eam\wshub\core\services\material\entities\IssueReturnPartTransaction.java,ch.cern.eam.wshub.core.services.material.entities,IssueReturnPartTransaction,activityDesc,20,13,String,@ManyToOne
C:\Users\Seba\IdeaProjects\eam-light-backend\eam-wshub-core\src\main\java\ch\cern\eam\wshub\core\services\workorders\entities\Activity.java,ch.cern.eam.wshub.core.services.workorders.entities,Activity,activityNote,21,13,String,"@Column(name = ""ACT_NOTE""), @GridField(name = ""activitynote""), @InforField(xpath = ""ACTIVITYID/ACTIVITYNOTE"", nullifyParentLevel = 0), @ManyToOne"
C:\Users\Seba\IdeaProjects\eam-light-backend\eam-wshub-core\src\main\java\ch\cern\eam\wshub\core\services\material\entities\PickTicket.java,ch.cern.eam.wshub.core.services.material.entities,PickTicket,activityNumber,22,13,Long,"@InforField(xpath = ""WORKORDERACTIVITY/ACTIVITYID/ACTIVITYCODE""), @ManyToOne"
C:\Users\Seba\IdeaProjects\eam-light-backend\eam-wshub-core\src\main\java\ch\cern\eam\wshub\core\services\workorders\entities\MeterReading.java,ch.cern.eam.wshub.core.services.workorders.entities,MeterReading,actualValue,23,,BigDecimal,
C:\Users\Seba\IdeaProjects\eam-light-backend\eam-wshub-core\src\main\java\ch\cern\eam\wshub\core\services\workorders\entities\Employee.java,ch.cern.eam.wshub.core.services.workorders.entities,Employee,address,24,,String,"@Column(name = ""PER_ADDRESS""), @InforField(xpath = ""ADDRESS"")"
C:\Users\Seba\IdeaProjects\eam-light-backend\eam-wshub-core\src\main\java\ch\cern\eam\wshub\core\services\contractmanagement\entities\EquipmentReservationAdjustment.java,ch.cern.eam.wshub.core.services.contractmanagement.entities,EquipmentReservationAdjustment,adjustmentCode,25,,String,"@GridField(name = ""adjustmentcode""), @InforField(xpath = ""ADJUSTMENTID/ADJUSTMENTCODE"")"
C:\Users\Seba\IdeaProjects\eam-light-backend\eam-wshub-core\src\main\java\ch\cern\eam\wshub\core\services\material\entities\Store2StoreTransferDTO.java,ch.cern.eam.wshub.core.services.material.entities,Store2StoreTransferDTO,adviceNumber,26,,String,"@InforField(xpath = ""ADVICENUMBER"")"
C:\Users\Seba\IdeaProjects\eam-light-backend\eam-wshub-core\src\main\java\ch\cern\eam\wshub\core\services\equipment\entities\Equipment.java,ch.cern.eam.wshub.core.services.equipment.entities,Equipment,alias,27,,String,"@Transient, @InforField(xpath = ""EQUIPMENTALIAS"")"
C:\Users\Seba\IdeaProjects\eam-light-backend\eam-wshub-core\src\main\java\ch\cern\eam\wshub\core\services\administration\entities\EAMUser.java,ch.cern.eam.wshub.core.services.administration.entities,EAMUser,ALL_ACTIVE_USERS,28,,String,
C:\Users\Seba\IdeaProjects\eam-light-backend\eam-wshub-core\src\main\java\ch\cern\eam\wshub\core\services\administration\entities\EAMUser.java,ch.cern.eam.wshub.core.services.administration.entities,EAMUser,ALL_GROUP_MEMBER_USERNAMES,29,,String,
C:\Users\Seba\IdeaProjects\eam-light-backend\eam-wshub-core\src\main\java\ch\cern\eam\wshub\core\services\equipment\entities\EquipmentGenerationEntity.java,ch.cern.eam.wshub.core.services.equipment.entities,EquipmentGenerationEntity,allCostRollup,30,,String,@Transient
C:\Users\Seba\IdeaProjects\eam-light-backend\eam-wshub-core\src\main\java\ch\cern\eam\wshub\core\services\equipment\entities\EquipmentGenerationEntity.java,ch.cern.eam.wshub.core.services.equipment.entities,EquipmentGenerationEntity,allDependent,31,,String,@Transient
C:\Users\Seba\IdeaProjects\eam-light-backend\eam-wshub-core\src\main\java\ch\cern\eam\wshub\core\services\equipment\entities\EquipmentGenerationEntity.java,ch.cern.eam.wshub.core.services.equipment.entities,EquipmentGenerationEntity,allSpecific,32,,String,@Transient
C:\Users\Seba\IdeaProjects\eam-light-backend\eam-wshub-core\src\main\java\ch\cern\eam\wshub\core\services\grids\impl\InforGrids.java,ch.cern.eam.wshub.core.services.grids.impl,InforGrids,applicationData,33,,ApplicationData,
C:\Users\Seba\IdeaProjects\eam-light-backend\eam-wshub-core\src\main\java\ch\cern\eam\wshub\core\services\grids\impl\JPAGrids.java,ch.cern.eam.wshub.core.services.grids.impl,JPAGrids,applicationData,34,,ApplicationData,
C:\Users\Seba\IdeaProjects\eam-light-backend\eam-wshub-core\src\main\java\ch\cern\eam\wshub\core\services\material\entities\PickTicket.java,ch.cern.eam.wshub.core.services.material.entities,PickTicket,approvedate,35,,Date,"@InforField(xpath = ""APPROVEDATE"")"
C:\Users\Seba\IdeaProjects\eam-light-backend\eam-wshub-core\src\main\java\ch\cern\eam\wshub\core\services\material\entities\PickTicket.java,ch.cern.eam.wshub.core.services.material.entities,PickTicket,approverCode,36,,String,"@InforField(xpath = ""APPROVER/USERCODE"")"
C:\Users\Seba\IdeaProjects\eam-light-backend\eam-wshub-core\src\main\java\ch\cern\eam\wshub\core\services\casemanagement\entities\EAMCaseManagement.java,ch.cern.eam.wshub.core.services.casemanagement.entities,EAMCaseManagement,area,37,,String,"@InforField(xpath = ""CaseDetails/AREA"", nullifyParentLevel = 0)"
C:\Users\Seba\IdeaProjects\eam-light-backend\eam-wshub-core\src\main\java\ch\cern\eam\wshub\core\services\equipment\entities\NonConformityObservation.java,ch.cern.eam.wshub.core.services.equipment.entities,NonConformityObservation,aspectCode,38,,String,"@GridField(name = ""aspectcode""), @InforField(xpath = ""ASPECTID/ASPECTCODE"")"
C:\Users\Seba\IdeaProjects\eam-light-backend\eam-wshub-core\src\main\java\ch\cern\eam\wshub\core\services\equipment\entities\NonConformityObservation.java,ch.cern.eam.wshub.core.services.equipment.entities,NonConformityObservation,aspectDescription,39,,String,"@GridField(name = ""aspectdescription""), @InforField(xpath = ""ASPECTID/DESCRIPTION"")"
C:\Users\Seba\IdeaProjects\eam-light-backend\eam-wshub-core\src\main\java\ch\cern\eam\wshub\core\services\material\entities\IssueReturnPartTransactionLine.java,ch.cern.eam.wshub.core.services.material.entities,IssueReturnPartTransactionLine,assetIDCode,45,431,String,"@InforField(xpath = ""EQUIPMENTID/EQUIPMENTCODE""), @ManyToOne"
C:\Users\Seba\IdeaProjects\eam-light-backend\eam-wshub-core\src\main\java\ch\cern\eam\wshub\core\services\material\entities\IssueReturnPartTransactionLine.java,ch.cern.eam.wshub.core.services.material.entities,IssueReturnPartTransactionLine,assetIDDesc,46,431,String,"@InforField(xpath = ""EQUIPMENTID/DESCRIPTION"", readOnly = true), @ManyToOne"
C:\Users\Seba\IdeaProjects\eam-light-backend\eam-wshub-core\src\main\java\ch\cern\eam\wshub\core\client\InforClient.java,ch.cern.eam.wshub.core.client,InforClient,assetService,47,,AssetService,
C:\Users\Seba\IdeaProjects\eam-light-backend\eam-wshub-core\src\main\java\ch\cern\eam\wshub\core\services\workorders\entities\WorkOrder.java,ch.cern.eam.wshub.core.services.workorders.entities,WorkOrder,assignedBy,48,,String,"@Transient, @InforField(xpath = ""SCHEDGROUP"")"
C:\Users\Seba\IdeaProjects\eam-light-backend\eam-wshub-core\src\main\java\ch\cern\eam\wshub\core\services\casemanagement\entities\EAMCaseManagement.java,ch.cern.eam.wshub.core.services.casemanagement.entities,EAMCaseManagement,assignedTo,49,399,String,"@InforField(xpath = ""TrackingDetails/ASSIGNEDTO/PERSONCODE"", nullifyParentLevel = 1), @ManyToOne"
C:\Users\Seba\IdeaProjects\eam-light-backend\eam-wshub-core\src\main\java\ch\cern\eam\wshub\core\services\equipment\entities\Equipment.java,ch.cern.eam.wshub.core.services.equipment.entities,Equipment,assignedTo,50,399,String,"@Transient, @InforField(xpath = ""ASSIGNEDTO/PERSONCODE"", nullifyParentLevel = 1), @ManyToOne"
C:\Users\Seba\IdeaProjects\eam-light-backend\eam-wshub-core\src\main\java\ch\cern\eam\wshub\core\services\equipment\entities\EquipmentPMSchedule.java,ch.cern.eam.wshub.core.services.equipment.entities,EquipmentPMSchedule,assignedTo,51,399,String,"@Transient, @ManyToOne"
C:\Users\Seba\IdeaProjects\eam-light-backend\eam-wshub-core\src\main\java\ch\cern\eam\wshub\core\services\material\entities\PhysicalInventory.java,ch.cern.eam.wshub.core.services.material.entities,PhysicalInventory,assignedTo,52,399,String,"@Column(name = ""TRA_PERS""), @InforField(xpath = ""ASSIGNEDTO/PERSONCODE""), @ManyToOne"
C:\Users\Seba\IdeaProjects\eam-light-backend\eam-wshub-core\src\main\java\ch\cern\eam\wshub\core\services\workorders\entities\InforCaseTask.java,ch.cern.eam.wshub.core.services.workorders.entities,InforCaseTask,assignedTo,53,399,String,"@Column(name = ""TCM_ASSIGNEDTO""), @ManyToOne"
C:\Users\Seba\IdeaProjects\eam-light-backend\eam-wshub-core\src\main\java\ch\cern\eam\wshub\core\services\workorders\entities\WorkOrder.java,ch.cern.eam.wshub.core.services.workorders.entities,WorkOrder,assignedTo,54,399,String,"@Transient, @InforField(xpath = ""ASSIGNEDTO/PERSONCODE""), @ManyToOne"
C:\Users\Seba\IdeaProjects\eam-light-backend\eam-wshub-core\src\main\java\ch\cern\eam\wshub\core\services\workorders\entities\InforCase.java,ch.cern.eam.wshub.core.services.workorders.entities,InforCase,assignedToCode,55,399,String,"@Transient, @ManyToOne"
C:\Users\Seba\IdeaProjects\eam-light-backend\eam-wshub-core\src\main\java\ch\cern\eam\wshub\core\services\equipment\entities\Equipment.java,ch.cern.eam.wshub.core.services.equipment.entities,Equipment,assignedToDesc,56,399,String,"@Transient, @InforField(xpath = ""ASSIGNEDTO/DESCRIPTION"", readOnly = true), @ManyToOne"
C:\Users\Seba\IdeaProjects\eam-light-backend\eam-wshub-core\src\main\java\ch\cern\eam\wshub\core\services\workorders\entities\InforCase.java,ch.cern.eam.wshub.core.services.workorders.entities,InforCase,assignedToDesc,57,399,String,"@Transient, @ManyToOne"
C:\Users\Seba\IdeaProjects\eam-light-backend\eam-wshub-core\src\main\java\ch\cern\eam\wshub\core\services\workorders\entities\InforCaseTask.java,ch.cern.eam.wshub.core.services.workorders.entities,InforCaseTask,assignedToDesc,58,399,String,"@Column(name = ""TCM_ASSIGNEDTO_NAME""), @ManyToOne"
C:\Users\Seba\IdeaProjects\eam-light-backend\eam-wshub-core\src\main\java\ch\cern\eam\wshub\core\services\workorders\entities\WorkOrder.java,ch.cern.eam.wshub.core.services.workorders.entities,WorkOrder,assignedToDesc,59,399,String,"@Transient, @InforField(xpath = ""ASSIGNEDTO/DESCRIPTION"", readOnly = true), @ManyToOne"
C:\Users\Seba\IdeaProjects\eam-light-backend\eam-wshub-core\src\main\java\ch\cern\eam\wshub\core\services\casemanagement\entities\EAMCaseManagement.java,ch.cern.eam.wshub.core.services.casemanagement.entities,EAMCaseManagement,assignedToEmail,60,399,String,"@InforField(xpath = ""TrackingDetails/ASSIGNEDTOEMAIL"", nullifyParentLevel = 0), @ManyToOne"
C:\Users\Seba\IdeaProjects\eam-light-backend\eam-wshub-core\src\main\java\ch\cern\eam\wshub\core\services\workorders\entities\InforCase.java,ch.cern.eam.wshub.core.services.workorders.entities,InforCase,assignedToEMail,61,399,String,"@Transient, @ManyToOne"
C:\Users\Seba\IdeaProjects\eam-light-backend\eam-wshub-core\src\main\java\ch\cern\eam\wshub\core\services\workorders\entities\InforCaseTask.java,ch.cern.eam.wshub.core.services.workorders.entities,InforCaseTask,assignedToEMail,62,399,String,"@Column(name = ""TCM_ASSIGNEDTO_EMAIL""), @ManyToOne"
C:\Users\Seba\IdeaProjects\eam-light-backend\eam-wshub-core\src\main\java\ch\cern\eam\wshub\core\services\equipment\entities\NonConformityObservation.java,ch.cern.eam.wshub.core.services.equipment.entities,NonConformityObservation,asslevel,63,,String,"@GridField(name = ""asslevel""), @InforField(xpath = ""VMRSCODE/VMRSASSEMBLYID/ASSEMBLYLEVELID/ASSEMBLYLEVELCODE"")"
C:\Users\Seba\IdeaProjects\eam-light-backend\eam-wshub-core\src\main\java\ch\cern\eam\wshub\core\services\material\entities\PartAssociation.java,ch.cern.eam.wshub.core.services.material.entities,PartAssociation,associationEntity,64,,String,@Transient
C:\Users\Seba\IdeaProjects\eam-light-backend\eam-wshub-core\src\main\java\ch\cern\eam\wshub\core\client\InforContext.java,ch.cern.eam.wshub.core.client,InforContext,authToken,65,,String,
C:\Users\Seba\IdeaProjects\eam-light-backend\eam-wshub-core\src\main\java\ch\cern\eam\wshub\core\services\equipment\entities\EquipmentConfigurationEntity.java,ch.cern.eam.wshub.core.services.equipment.entities,EquipmentConfigurationEntity,autoNumber,66,,Boolean,"@Transient, @InforField(xpath = ""EquipmentGenerationDetails/AUTONUMBER"")"
C:\Users\Seba\IdeaProjects\eam-light-backend\eam-wshub-core\src\main\java\ch\cern\eam\wshub\core\services\grids\entities\GridDataspy.java,ch.cern.eam.wshub.core.services.grids.entities,GridDataspy,autorun,67,,boolean,"@Column(name = ""dds_autorun""), @Convert(converter = BooleanTFConverter.class)"
C:\Users\Seba\IdeaProjects\eam-light-backend\eam-wshub-core\src\main\java\ch\cern\eam\wshub\core\services\equipment\entities\Equipment.java,ch.cern.eam.wshub.core.services.equipment.entities,Equipment,availabilityStatus,68,,String,"@Transient, @InforField(xpath = ""FleetVehicleInfo/AVAILABILITYSTATUS/STATUSCODE"", nullifyParentLevel = 1)"
C:\Users\Seba\IdeaProjects\eam-light-backend\eam-wshub-core\src\main\java\ch\cern\eam\wshub\core\services\material\entities\Part.java,ch.cern.eam.wshub.core.services.material.entities,Part,averagePrice,69,,BigDecimal,"@Transient, @InforField(xpath = ""AVERAGEPRICE"")"
C:\Users\Seba\IdeaProjects\eam-light-backend\eam-wshub-core\src\main\java\ch\cern\eam\wshub\core\services\equipment\entities\EquipmentGenerationEntity.java,ch.cern.eam.wshub.core.services.equipment.entities,EquipmentGenerationEntity,awaitingPurchase,70,,String,@Transient
C:\Users\Seba\IdeaProjects\eam-light-backend\eam-wshub-core\src\main\java\ch\cern\eam\wshub\core\services\material\entities\Part.java,ch.cern.eam.wshub.core.services.material.entities,Part,basePrice,71,,BigDecimal,"@Transient, @InforField(xpath = ""BASEPRICE"")"
C:\Users\Seba\IdeaProjects\eam-light-backend\eam-wshub-core\src\main\java\ch\cern\eam\wshub\core\services\equipment\entities\NonConformityObservation.java,ch.cern.eam.wshub.core.services.equipment.entities,NonConformityObservation,beforeMerge,72,,String,"@GridField(name = ""nonconformitybeforemerge""), @InforField(xpath = ""NONCONFORMITYCODEBEFOREMERGE"")"
C:\Users\Seba\IdeaProjects\eam-light-backend\eam-wshub-core\src\main\java\ch\cern\eam\wshub\core\services\workorders\entities\WorkOrder.java,ch.cern.eam.wshub.core.services.workorders.entities,WorkOrder,billable,73,,Boolean,"@Transient, @InforField(xpath = ""BILLABLE"", booleanType = BooleanType.PLUS_MINUS)"
C:\Users\Seba\IdeaProjects\eam-light-backend\eam-wshub-core\src\main\java\ch\cern\eam\wshub\core\services\equipment\entities\Equipment.java,ch.cern.eam.wshub.core.services.equipment.entities,Equipment,bin,74,,String,"@Transient, @InforField(xpath = ""PartAssociation/STORELOCATION/BIN"", enforceValidXpath = false, nullifyParentLevel = 0)"
C:\Users\Seba\IdeaProjects\eam-light-backend\eam-wshub-core\src\main\java\ch\cern\eam\wshub\core\services\material\entities\BuildKitPartParam.java,ch.cern.eam.wshub.core.services.material.entities,BuildKitPartParam,bin,75,,String,
C:\Users\Seba\IdeaProjects\eam-light-backend\eam-wshub-core\src\main\java\ch\cern\eam\wshub\core\services\material\entities\IssueReturnPartTransactionLine.java,ch.cern.eam.wshub.core.services.material.entities,IssueReturnPartTransactionLine,bin,76,,String,"@InforField(xpath = ""BIN"")"
C:\Users\Seba\IdeaProjects\eam-light-backend\eam-wshub-core\src\main\java\ch\cern\eam\wshub\core\services\material\entities\NoPoReceiptPart.java,ch.cern.eam.wshub.core.services.material.entities,NoPoReceiptPart,bin,77,,String,"@GridField(name = ""bincode""), @InforField(xpath = ""BINID/BIN"")"
C:\Users\Seba\IdeaProjects\eam-light-backend\eam-wshub-core\src\main\java\ch\cern\eam\wshub\core\services\material\entities\PartStock.java,ch.cern.eam.wshub.core.services.material.entities,PartStock,bin,78,,String,"@GridField(name = ""bisbin"")"
C:\Users\Seba\IdeaProjects\eam-light-backend\eam-wshub-core\src\main\java\ch\cern\eam\wshub\core\services\material\entities\PhysicalInventoryRow.java,ch.cern.eam.wshub.core.services.material.entities,PhysicalInventoryRow,bin,79,,String,"@Column(name = ""STL_BIN""), @InforField(xpath = ""BIN"")"
C:\Users\Seba\IdeaProjects\eam-light-backend\eam-wshub-core\src\main\java\ch\cern\eam\wshub\core\services\material\entities\Bin.java,ch.cern.eam.wshub.core.services.material.entities,Bin,binCode,80,,String,"@InforField(xpath = ""STOREBINID/BINID/BIN"", nullifyParentLevel = 1)"
C:\Users\Seba\IdeaProjects\eam-light-backend\eam-wshub-core\src\main\java\ch\cern\eam\wshub\core\services\equipment\entities\Equipment.java,ch.cern.eam.wshub.core.services.equipment.entities,Equipment,binDesc,81,,String,@Transient
C:\Users\Seba\IdeaProjects\eam-light-backend\eam-wshub-core\src\main\java\ch\cern\eam\wshub\core\services\material\entities\Bin.java,ch.cern.eam.wshub.core.services.material.entities,Bin,binDesc,82,,String,"@InforField(xpath = ""STOREBINID/BINID/DESCRIPTION"", nullifyParentLevel = 0)"
C:\Users\Seba\IdeaProjects\eam-light-backend\eam-wshub-core\src\main\java\ch\cern\eam\wshub\core\client\InforClient.java,ch.cern.eam.wshub.core.client,InforClient,bindingProvider,83,,BindingProvider,
C:\Users\Seba\IdeaProjects\eam-light-backend\eam-wshub-core\src\main\java\ch\cern\eam\wshub\core\services\material\entities\IssueReturnPartTransaction.java,ch.cern.eam.wshub.core.services.material.entities,IssueReturnPartTransaction,budgetCode,84,,String,
C:\Users\Seba\IdeaProjects\eam-light-backend\eam-wshub-core\src\main\java\ch\cern\eam\wshub\core\services\material\entities\IssueReturnPartTransaction.java,ch.cern.eam.wshub.core.services.material.entities,IssueReturnPartTransaction,budgetDesc,85,,String,
C:\Users\Seba\IdeaProjects\eam-light-backend\eam-wshub-core\src\main\java\ch\cern\eam\wshub\core\services\material\entities\Part.java,ch.cern.eam.wshub.core.services.material.entities,Part,buyerCode,86,,String,"@Transient, @InforField(xpath = ""BUYER/USERCODE"")"
C:\Users\Seba\IdeaProjects\eam-light-backend\eam-wshub-core\src\main\java\ch\cern\eam\wshub\core\client\InforClient.java,ch.cern.eam.wshub.core.client,InforClient,cacheMap,87,,"Map<CacheKey,Cache<String,Object>>",
C:\Users\Seba\IdeaProjects\eam-light-backend\eam-wshub-core\src\main\java\ch\cern\eam\wshub\core\services\workorders\entities\InforCaseTask.java,ch.cern.eam.wshub.core.services.workorders.entities,InforCaseTask,calculatedCosts,88,,String,"@Column(name = ""TCM_CALCULATEDCOST"")"
C:\Users\Seba\IdeaProjects\eam-light-backend\eam-wshub-core\src\main\java\ch\cern\eam\wshub\core\services\workorders\entities\InforCaseTask.java,ch.cern.eam.wshub.core.services.workorders.entities,InforCaseTask,calculatedCostsCurr,89,,String,@Transient
C:\Users\Seba\IdeaProjects\eam-light-backend\eam-wshub-core\src\main\java\ch\cern\eam\wshub\core\services\equipment\entities\EquipmentCampaign.java,ch.cern.eam.wshub.core.services.equipment.entities,EquipmentCampaign,campaign,90,,String,
C:\Users\Seba\IdeaProjects\eam-light-backend\eam-wshub-core\src\main\java\ch\cern\eam\wshub\core\services\casemanagement\entities\EAMCaseManagement.java,ch.cern.eam.wshub.core.services.casemanagement.entities,EAMCaseManagement,campaignCode,91,,String,"@InforField(xpath = ""CaseDetails/CAMPAIGNID/CAMPAIGNCODE"", nullifyParentLevel = 1)"
C:\Users\Seba\IdeaProjects\eam-light-backend\eam-wshub-core\src\main\java\ch\cern\eam\wshub\core\services\workorders\entities\InforCase.java,ch.cern.eam.wshub.core.services.workorders.entities,InforCase,code,92,,String,"@Id, @Column(name = ""CSM_CODE"")"
C:\Users\Seba\IdeaProjects\eam-light-backend\eam-wshub-core\src\main\java\ch\cern\eam\wshub\core\services\casemanagement\entities\EAMCaseManagement.java,ch.cern.eam.wshub.core.services.casemanagement.entities,EAMCaseManagement,caseCode,93,,String,"@InforField(xpath = ""CASEID/CASECODE"")"
C:\Users\Seba\IdeaProjects\eam-light-backend\eam-wshub-core\src\main\java\ch\cern\eam\wshub\core\services\workorders\entities\InforCaseTask.java,ch.cern.eam.wshub.core.services.workorders.entities,InforCaseTask,caseCode,94,,String,"@Column(name = ""TCM_CASEMANAGEMENT"")"
C:\Users\Seba\IdeaProjects\eam-light-backend\eam-wshub-core\src\main\java\ch\cern\eam\wshub\core\services\casemanagement\entities\EAMCaseManagement.java,ch.cern.eam.wshub.core.services.casemanagement.entities,EAMCaseManagement,caseDescription,95,,String,"@InforField(xpath = ""CASEID/DESCRIPTION"", nullifyParentLevel = 0)"
C:\Users\Seba\IdeaProjects\eam-light-backend\eam-wshub-core\src\main\java\ch\cern\eam\wshub\core\client\InforClient.java,ch.cern.eam.wshub.core.client,InforClient,caseManagementService,96,,CaseManagementService,@Setter
C:\Users\Seba\IdeaProjects\eam-light-backend\eam-wshub-core\src\main\java\ch\cern\eam\wshub\core\services\casemanagement\entities\EAMCaseManagement.java,ch.cern.eam.wshub.core.services.casemanagement.entities,EAMCaseManagement,caseParentCode,97,,String,"@InforField(xpath = ""CaseDetails/CASEPARENT/CASECODE"", nullifyParentLevel = 1)"
C:\Users\Seba\IdeaProjects\eam-light-backend\eam-wshub-core\src\main\java\ch\cern\eam\wshub\core\services\casemanagement\entities\EAMCaseManagement.java,ch.cern.eam.wshub.core.services.casemanagement.entities,EAMCaseManagement,casePriorityCode,98,,String,"@InforField(xpath = ""CaseDetails/CASEPRIORITY/USERDEFINEDCODE"", nullifyParentLevel = 1)"
C:\Users\Seba\IdeaProjects\eam-light-backend\eam-wshub-core\src\main\java\ch\cern\eam\wshub\core\services\casemanagement\entities\EAMCaseManagement.java,ch.cern.eam.wshub.core.services.casemanagement.entities,EAMCaseManagement,casePriorityEntity,99,,String,"@InforField(xpath = ""CaseDetails/CASEPRIORITY/ENTITY"", nullifyParentLevel = 0)"
C:\Users\Seba\IdeaProjects\eam-light-backend\eam-wshub-core\src\main\java\ch\cern\eam\wshub\core\client\InforClient.java,ch.cern.eam.wshub.core.client,InforClient,caseService,100,,CaseService,
C:\Users\Seba\IdeaProjects\eam-light-backend\eam-wshub-core\src\main\java\ch\cern\eam\wshub\core\services\casemanagement\entities\EAMCaseManagement.java,ch.cern.eam.wshub.core.services.casemanagement.entities,EAMCaseManagement,casetaskJobPlan,101,,String,"@InforField(xpath = ""FollowupWODetails/CASETASKJOBPLANID/TASKCODE"", nullifyParentLevel = 0)"
C:\Users\Seba\IdeaProjects\eam-light-backend\eam-wshub-core\src\main\java\ch\cern\eam\wshub\core\client\InforClient.java,ch.cern.eam.wshub.core.client,InforClient,caseTaskService,102,,CaseTaskService,
C:\Users\Seba\IdeaProjects\eam-light-backend\eam-wshub-core\src\main\java\ch\cern\eam\wshub\core\services\casemanagement\entities\EAMCaseManagement.java,ch.cern.eam.wshub.core.services.casemanagement.entities,EAMCaseManagement,caseType,103,,String,"@InforField(xpath = ""CASETYPE/TYPECODE"")"
C:\Users\Seba\IdeaProjects\eam-light-backend\eam-wshub-core\src\main\java\ch\cern\eam\wshub\core\services\material\entities\PartSupplier.java,ch.cern.eam.wshub.core.services.material.entities,PartSupplier,catalogReference,104,,String,
C:\Users\Seba\IdeaProjects\eam-light-backend\eam-wshub-core\src\main\java\ch\cern\eam\wshub\core\services\equipment\entities\Category.java,ch.cern.eam.wshub.core.services.equipment.entities,Category,code,105,,String,"@Id, @Column(name = ""OBJ_CODE""), @InforField(xpath = ""CATEGORYID/CATEGORYCODE"")"
C:\Users\Seba\IdeaProjects\eam-light-backend\eam-wshub-core\src\main\java\ch\cern\eam\wshub\core\services\equipment\entities\Equipment.java,ch.cern.eam.wshub.core.services.equipment.entities,Equipment,categoryCode,106,105,String,"@Transient, @InforField(xpath = ""CATEGORYID/CATEGORYCODE"", nullifyParentLevel = 1), @ManyToOne"
C:\Users\Seba\IdeaProjects\eam-light-backend\eam-wshub-core\src\main\java\ch\cern\eam\wshub\core\services\material\entities\Part.java,ch.cern.eam.wshub.core.services.material.entities,Part,categoryCode,107,105,String,"@Transient, @InforField(xpath = ""CATEGORYID/CATEGORYCODE""), @ManyToOne"
C:\Users\Seba\IdeaProjects\eam-light-backend\eam-wshub-core\src\main\java\ch\cern\eam\wshub\core\services\equipment\entities\Equipment.java,ch.cern.eam.wshub.core.services.equipment.entities,Equipment,categoryDesc,108,105,String,"@Transient, @InforField(xpath = ""CATEGORYID/DESCRIPTION"", readOnly = true), @ManyToOne"
C:\Users\Seba\IdeaProjects\eam-light-backend\eam-wshub-core\src\main\java\ch\cern\eam\wshub\core\services\material\entities\Part.java,ch.cern.eam.wshub.core.services.material.entities,Part,categoryDesc,109,105,String,"@Transient, @InforField(xpath = ""CATEGORYID/DESCRIPTION"", readOnly = true), @ManyToOne"
C:\Users\Seba\IdeaProjects\eam-light-backend\eam-wshub-core\src\main\java\ch\cern\eam\wshub\core\client\InforClient.java,ch.cern.eam.wshub.core.client,InforClient,categoryService,110,,CategoryService,
C:\Users\Seba\IdeaProjects\eam-light-backend\eam-wshub-core\src\main\java\ch\cern\eam\wshub\core\services\workorders\entities\WorkOrder.java,ch.cern.eam.wshub.core.services.workorders.entities,WorkOrder,causeCode,111,,String,"@Transient, @InforField(xpath = ""CAUSECODEID/CAUSECODE"")"
C:\Users\Seba\IdeaProjects\eam-light-backend\eam-wshub-core\src\main\java\ch\cern\eam\wshub\core\services\grids\entities\GridRequestRow.java,ch.cern.eam.wshub.core.services.grids.entities,GridRequestRow,cell,112,,GridRequestCell[],"@XmlElement(name = ""cell"")"
C:\Users\Seba\IdeaProjects\eam-light-backend\eam-wshub-core\src\main\java\ch\cern\eam\wshub\core\services\equipment\entities\Equipment.java,ch.cern.eam.wshub.core.services.equipment.entities,Equipment,cernCao,113,,Integer,@Transient
C:\Users\Seba\IdeaProjects\eam-light-backend\eam-wshub-core\src\main\java\ch\cern\eam\wshub\core\services\equipment\entities\Equipment.java,ch.cern.eam.wshub.core.services.equipment.entities,Equipment,cernFonc,114,,String,@Transient
C:\Users\Seba\IdeaProjects\eam-light-backend\eam-wshub-core\src\main\java\ch\cern\eam\wshub\core\services\equipment\entities\Equipment.java,ch.cern.eam.wshub.core.services.equipment.entities,Equipment,cernMachine,115,,String,@Transient
C:\Users\Seba\IdeaProjects\eam-light-backend\eam-wshub-core\src\main\java\ch\cern\eam\wshub\core\services\equipment\entities\Equipment.java,ch.cern.eam.wshub.core.services.equipment.entities,Equipment,cernPos,116,,String,@Transient
C:\Users\Seba\IdeaProjects\eam-light-backend\eam-wshub-core\src\main\java\ch\cern\eam\wshub\core\services\equipment\entities\Equipment.java,ch.cern.eam.wshub.core.services.equipment.entities,Equipment,cernX,117,,Double,@Transient
C:\Users\Seba\IdeaProjects\eam-light-backend\eam-wshub-core\src\main\java\ch\cern\eam\wshub\core\services\equipment\entities\Equipment.java,ch.cern.eam.wshub.core.services.equipment.entities,Equipment,cernY,118,,Double,@Transient
C:\Users\Seba\IdeaProjects\eam-light-backend\eam-wshub-core\src\main\java\ch\cern\eam\wshub\core\services\equipment\entities\Equipment.java,ch.cern.eam.wshub.core.services.equipment.entities,Equipment,cernZ,119,,Double,@Transient
C:\Users\Seba\IdeaProjects\eam-light-backend\eam-wshub-core\src\main\java\ch\cern\eam\wshub\core\services\equipment\entities\Equipment.java,ch.cern.eam.wshub.core.services.equipment.entities,Equipment,cGMP,120,,String,"@Transient, @InforField(xpath = ""CGMP"")"
C:\Users\Seba\IdeaProjects\eam-light-backend\eam-wshub-core\src\main\java\ch\cern\eam\wshub\core\services\equipment\entities\EquipmentPMSchedule.java,ch.cern.eam.wshub.core.services.equipment.entities,EquipmentPMSchedule,changed,121,,Boolean,@Transient
C:\Users\Seba\IdeaProjects\eam-light-backend\eam-wshub-core\src\main\java\ch\cern\eam\wshub\core\services\equipment\entities\EquipmentDepreciation.java,ch.cern.eam.wshub.core.services.equipment.entities,EquipmentDepreciation,changeEstimatedLifetimeOutput,122,,BigDecimal,@Transient
C:\Users\Seba\IdeaProjects\eam-light-backend\eam-wshub-core\src\main\java\ch\cern\eam\wshub\core\services\equipment\entities\EquipmentDepreciation.java,ch.cern.eam.wshub.core.services.equipment.entities,EquipmentDepreciation,changeLife,123,,BigDecimal,@Transient
C:\Users\Seba\IdeaProjects\eam-light-backend\eam-wshub-core\src\main\java\ch\cern\eam\wshub\core\services\equipment\entities\EquipmentDepreciation.java,ch.cern.eam.wshub.core.services.equipment.entities,EquipmentDepreciation,changeValue,124,,BigDecimal,@Transient
C:\Users\Seba\IdeaProjects\eam-light-backend\eam-wshub-core\src\main\java\ch\cern\eam\wshub\core\services\workorders\entities\WorkOrderActivityChecklistItem.java,ch.cern.eam.wshub.core.services.workorders.entities,WorkOrderActivityChecklistItem,checkListCode,125,,String,
C:\Users\Seba\IdeaProjects\eam-light-backend\eam-wshub-core\src\main\java\ch\cern\eam\wshub\core\services\workorders\entities\WorkOrderActivityChecklistItem.java,ch.cern.eam.wshub.core.services.workorders.entities,WorkOrderActivityChecklistItem,checklistDefinitionCode,126,,String,
C:\Users\Seba\IdeaProjects\eam-light-backend\eam-wshub-core\src\main\java\ch\cern\eam\wshub\core\services\workorders\entities\Activity.java,ch.cern.eam.wshub.core.services.workorders.entities,Activity,checklists,127,,WorkOrderActivityChecklistItem[],@Transient
C:\Users\Seba\IdeaProjects\eam-light-backend\eam-wshub-core\src\main\java\ch\cern\eam\wshub\core\client\InforClient.java,ch.cern.eam.wshub.core.client,InforClient,checklistService,128,,ChecklistService,
C:\Users\Seba\IdeaProjects\eam-light-backend\eam-wshub-core\src\main\java\ch\cern\eam\wshub\core\services\equipment\entities\EquipmentStructure.java,ch.cern.eam.wshub.core.services.equipment.entities,EquipmentStructure,childCode,129,,String,
C:\Users\Seba\IdeaProjects\eam-light-backend\eam-wshub-core\src\main\java\ch\cern\eam\wshub\core\services\equipment\entities\EquipmentStructure.java,ch.cern.eam.wshub.core.services.equipment.entities,EquipmentStructure,childDesc,130,,String,
C:\Users\Seba\IdeaProjects\eam-light-backend\eam-wshub-core\src\main\java\ch\cern\eam\wshub\core\services\equipment\entities\EquipmentStructure.java,ch.cern.eam.wshub.core.services.equipment.entities,EquipmentStructure,childType,131,,String,
C:\Users\Seba\IdeaProjects\eam-light-backend\eam-wshub-core\src\main\java\ch\cern\eam\wshub\core\services\administration\entities\EAMUser.java,ch.cern.eam.wshub.core.services.administration.entities,EAMUser,classCode,132,,String,"@Column(name = ""USR_CLASS""), @InforField(xpath = ""CLASSID/CLASSCODE"")"
C:\Users\Seba\IdeaProjects\eam-light-backend\eam-wshub-core\src\main\java\ch\cern\eam\wshub\core\services\casemanagement\entities\EAMCaseManagement.java,ch.cern.eam.wshub.core.services.casemanagement.entities,EAMCaseManagement,classCode,133,,String,"@InforField(xpath = ""CaseDetails/CASECLASSID/CLASSCODE"", nullifyParentLevel = 1)"
C:\Users\Seba\IdeaProjects\eam-light-backend\eam-wshub-core\src\main\java\ch\cern\eam\wshub\core\services\entities\CustomField.java,ch.cern.eam.wshub.core.services.entities,CustomField,classCode,134,,String,
C:\Users\Seba\IdeaProjects\eam-light-backend\eam-wshub-core\src\main\java\ch\cern\eam\wshub\core\services\equipment\entities\Category.java,ch.cern.eam.wshub.core.services.equipment.entities,Category,classCode,135,,String,"@Transient, @InforField(xpath = ""CLASSID/CLASSCODE"")"
C:\Users\Seba\IdeaProjects\eam-light-backend\eam-wshub-core\src\main\java\ch\cern\eam\wshub\core\services\equipment\entities\Equipment.java,ch.cern.eam.wshub.core.services.equipment.entities,Equipment,classCode,136,,String,"@Transient, @InforField(xpath = ""CLASSID/CLASSCODE"", nullifyParentLevel = 1)"
C:\Users\Seba\IdeaProjects\eam-light-backend\eam-wshub-core\src\main\java\ch\cern\eam\wshub\core\services\equipment\entities\LinearReference.java,ch.cern.eam.wshub.core.services.equipment.entities,LinearReference,classCode,137,,String,
C:\Users\Seba\IdeaProjects\eam-light-backend\eam-wshub-core\src\main\java\ch\cern\eam\wshub\core\services\equipment\entities\Location.java,ch.cern.eam.wshub.core.services.equipment.entities,Location,classCode,138,,String,"@Transient, @InforField(xpath = ""CLASSID/CLASSCODE"")"
C:\Users\Seba\IdeaProjects\eam-light-backend\eam-wshub-core\src\main\java\ch\cern\eam\wshub\core\services\equipment\entities\NonConformityObservation.java,ch.cern.eam.wshub.core.services.equipment.entities,NonConformityObservation,classCode,139,,String,"@GridField(name = ""classCode""), @InforField(xpath = ""CLASSID/CLASSCODE"")"
C:\Users\Seba\IdeaProjects\eam-light-backend\eam-wshub-core\src\main\java\ch\cern\eam\wshub\core\services\material\entities\Part.java,ch.cern.eam.wshub.core.services.material.entities,Part,classCode,140,,String,"@Column(name = ""PAR_CLASS""), @InforField(xpath = ""CLASSID/CLASSCODE"")"
C:\Users\Seba\IdeaProjects\eam-light-backend\eam-wshub-core\src\main\java\ch\cern\eam\wshub\core\services\material\entities\PickTicket.java,ch.cern.eam.wshub.core.services.material.entities,PickTicket,classCode,141,,String,"@InforField(xpath = ""CLASSID/CLASSCODE"")"
C:\Users\Seba\IdeaProjects\eam-light-backend\eam-wshub-core\src\main\java\ch\cern\eam\wshub\core\services\workorders\entities\InforCase.java,ch.cern.eam.wshub.core.services.workorders.entities,InforCase,classCode,142,,String,"@Column(name = ""CSM_CLASS"")"
C:\Users\Seba\IdeaProjects\eam-light-backend\eam-wshub-core\src\main\java\ch\cern\eam\wshub\core\services\workorders\entities\WorkOrder.java,ch.cern.eam.wshub.core.services.workorders.entities,WorkOrder,classCode,143,,String,"@Transient, @InforField(xpath = ""CLASSID/CLASSCODE"", nullifyParentLevel = 1)"
C:\Users\Seba\IdeaProjects\eam-light-backend\eam-wshub-core\src\main\java\ch\cern\eam\wshub\core\services\equipment\entities\Category.java,ch.cern.eam.wshub.core.services.equipment.entities,Category,classDesc,144,,String,"@Transient, @InforField(xpath = ""CLASSID/DESCRIPTION"", readOnly = true)"
C:\Users\Seba\IdeaProjects\eam-light-backend\eam-wshub-core\src\main\java\ch\cern\eam\wshub\core\services\equipment\entities\Equipment.java,ch.cern.eam.wshub.core.services.equipment.entities,Equipment,classDesc,145,,String,"@Transient, @InforField(xpath = ""CLASSID/DESCRIPTION"", readOnly = true)"
C:\Users\Seba\IdeaProjects\eam-light-backend\eam-wshub-core\src\main\java\ch\cern\eam\wshub\core\services\equipment\entities\Location.java,ch.cern.eam.wshub.core.services.equipment.entities,Location,classDesc,146,,String,"@Transient, @InforField(xpath = ""CLASSID/DESCRIPTION"", readOnly = true)"
C:\Users\Seba\IdeaProjects\eam-light-backend\eam-wshub-core\src\main\java\ch\cern\eam\wshub\core\services\material\entities\Part.java,ch.cern.eam.wshub.core.services.material.entities,Part,classDesc,147,,String,"@Transient, @InforField(xpath = ""CLASSID/DESCRIPTION"", readOnly = true)"
C:\Users\Seba\IdeaProjects\eam-light-backend\eam-wshub-core\src\main\java\ch\cern\eam\wshub\core\services\workorders\entities\InforCase.java,ch.cern.eam.wshub.core.services.workorders.entities,InforCase,classDesc,148,,String,@Transient
C:\Users\Seba\IdeaProjects\eam-light-backend\eam-wshub-core\src\main\java\ch\cern\eam\wshub\core\services\workorders\entities\WorkOrder.java,ch.cern.eam.wshub.core.services.workorders.entities,WorkOrder,classDesc,149,,String,"@Transient, @InforField(xpath = ""CLASSID/DESCRIPTION"", readOnly = true)"
C:\Users\Seba\IdeaProjects\eam-light-backend\eam-wshub-core\src\main\java\ch\cern\eam\wshub\core\services\workorders\entities\WorkOrder.java,ch.cern.eam.wshub.core.services.workorders.entities,WorkOrder,classOrganization,150,,String,"@Transient, @InforField(xpath = ""CLASSID/ORGANIZATIONID/ORGANIZATIONCODE"")"
C:\Users\Seba\IdeaProjects\eam-light-backend\eam-wshub-core\src\main\java\ch\cern\eam\wshub\core\services\equipment\entities\EquipmentConfigurationEntity.java,ch.cern.eam.wshub.core.services.equipment.entities,EquipmentConfigurationEntity,classOrganizationCode,151,,String,"@Transient, @InforField(xpath = ""ConfigurationDetails/CLASSID/ORGANIZATIONID/ORGANIZATIONCODE"")"
C:\Users\Seba\IdeaProjects\eam-light-backend\eam-wshub-core\src\main\java\ch\cern\eam\wshub\core\services\equipment\entities\NonConformityObservation.java,ch.cern.eam.wshub.core.services.equipment.entities,NonConformityObservation,classOrgCode,152,,String,"@GridField(name = ""classorg""), @InforField(xpath = ""CLASSID/ORGANIZATIONID/ORGANIZATIONCODE"")"
C:\Users\Seba\IdeaProjects\eam-light-backend\eam-wshub-core\src\main\java\ch\cern\eam\wshub\core\services\workorders\entities\Employee.java,ch.cern.eam.wshub.core.services.workorders.entities,Employee,clazz,153,,String,"@Column(name = ""PER_CLASS""), @InforField(xpath = ""CLASSID/CLASSCODE"")"
C:\Users\Seba\IdeaProjects\eam-light-backend\eam-wshub-core\src\main\java\ch\cern\eam\wshub\core\services\contractmanagement\entities\EquipmentReservationAdjustment.java,ch.cern.eam.wshub.core.services.contractmanagement.entities,EquipmentReservationAdjustment,code,154,,String,"@GridField(name = ""adjustmentid""), @InforField(xpath = ""CUSTOMERRENTALADJUSTMENTID/CUSTOMERRENTALADJUSTMENTPK"")"
C:\Users\Seba\IdeaProjects\eam-light-backend\eam-wshub-core\src\main\java\ch\cern\eam\wshub\core\services\documents\entities\InforDocEntity.java,ch.cern.eam.wshub.core.services.documents.entities,InforDocEntity,code,155,,String,"@Id, @Column(name = ""DAE_CODE"")"
C:\Users\Seba\IdeaProjects\eam-light-backend\eam-wshub-core\src\main\java\ch\cern\eam\wshub\core\services\documents\entities\InforDocEntityPK.java,ch.cern.eam.wshub.core.services.documents.entities,InforDocEntityPK,code,156,,String,
C:\Users\Seba\IdeaProjects\eam-light-backend\eam-wshub-core\src\main\java\ch\cern\eam\wshub\core\services\entities\CustomField.java,ch.cern.eam.wshub.core.services.entities,CustomField,code,157,,String,
C:\Users\Seba\IdeaProjects\eam-light-backend\eam-wshub-core\src\main\java\ch\cern\eam\wshub\core\services\entities\Entity.java,ch.cern.eam.wshub.core.services.entities,Entity,code,158,,String,
C:\Users\Seba\IdeaProjects\eam-light-backend\eam-wshub-core\src\main\java\ch\cern\eam\wshub\core\services\entities\InstallParameters.java,ch.cern.eam.wshub.core.services.entities,InstallParameters,code,159,,String,"@Id, @Column(name = ""ins_code"")"
C:\Users\Seba\IdeaProjects\eam-light-backend\eam-wshub-core\src\main\java\ch\cern\eam\wshub\core\services\entities\Pair.java,ch.cern.eam.wshub.core.services.entities,Pair,code,160,,String,
C:\Users\Seba\IdeaProjects\eam-light-backend\eam-wshub-core\src\main\java\ch\cern\eam\wshub\core\services\equipment\entities\Node.java,ch.cern.eam.wshub.core.services.equipment.entities,Node,code,161,,String,
C:\Users\Seba\IdeaProjects\eam-light-backend\eam-wshub-core\src\main\java\ch\cern\eam\wshub\core\services\equipment\entities\NonConformityObservation.java,ch.cern.eam.wshub.core.services.equipment.entities,NonConformityObservation,code,162,,String,"@GridField(name = ""nonconformity""), @InforField(xpath = ""NONCONFORMITYOBSERVATIONID/NONCONFORMITYCODE"")"
C:\Users\Seba\IdeaProjects\eam-light-backend\eam-wshub-core\src\main\java\ch\cern\eam\wshub\core\services\material\entities\NoPoReceipt.java,ch.cern.eam.wshub.core.services.material.entities,NoPoReceipt,code,163,,String,"@InforField(xpath = ""TRANSACTIONID/TRANSACTIONCODE"")"
C:\Users\Seba\IdeaProjects\eam-light-backend\eam-wshub-core\src\main\java\ch\cern\eam\wshub\core\services\material\entities\PickTicket.java,ch.cern.eam.wshub.core.services.material.entities,PickTicket,code,164,,String,"@InforField(xpath = ""PICKLISTID/PICKLIST"")"
C:\Users\Seba\IdeaProjects\eam-light-backend\eam-wshub-core\src\main\java\ch\cern\eam\wshub\core\services\material\entities\BuildKitPartParam.java,ch.cern.eam.wshub.core.services.material.entities,BuildKitPartParam,codePk,165,,String,
C:\Users\Seba\IdeaProjects\eam-light-backend\eam-wshub-core\src\main\java\ch\cern\eam\wshub\core\services\grids\entities\GridRequestCell.java,ch.cern.eam.wshub.core.services.grids.entities,GridRequestCell,col,166,,String,"@XmlAttribute(name = ""n"")"
C:\Users\Seba\IdeaProjects\eam-light-backend\eam-wshub-core\src\main\java\ch\cern\eam\wshub\core\services\workorders\entities\WorkOrderActivityChecklistItem.java,ch.cern.eam.wshub.core.services.workorders.entities,WorkOrderActivityChecklistItem,color,167,,String,
C:\Users\Seba\IdeaProjects\eam-light-backend\eam-wshub-core\src\main\java\ch\cern\eam\wshub\core\services\equipment\entities\LinearReference.java,ch.cern.eam.wshub.core.services.equipment.entities,LinearReference,colorCode,168,,String,
C:\Users\Seba\IdeaProjects\eam-light-backend\eam-wshub-core\src\main\java\ch\cern\eam\wshub\core\services\userdefinedscreens\entities\UDTOpBean.java,ch.cern.eam.wshub.core.services.userdefinedscreens.entities,UDTOpBean,columnsList,169,,List<String>,
C:\Users\Seba\IdeaProjects\eam-light-backend\eam-wshub-core\src\main\java\ch\cern\eam\wshub\core\services\equipment\entities\Equipment.java,ch.cern.eam.wshub.core.services.equipment.entities,Equipment,comissionDate,170,,Date,"@Transient, @InforField(xpath = ""COMMISSIONDATE"")"
C:\Users\Seba\IdeaProjects\eam-light-backend\eam-wshub-core\src\main\java\ch\cern\eam\wshub\core\services\workorders\entities\WorkOrder.java,ch.cern.eam.wshub.core.services.workorders.entities,WorkOrder,comment,171,,String,@Transient
C:\Users\Seba\IdeaProjects\eam-light-backend\eam-wshub-core\src\main\java\ch\cern\eam\wshub\core\services\contractmanagement\entities\EquipmentReservationAdjustment.java,ch.cern.eam.wshub.core.services.contractmanagement.entities,EquipmentReservationAdjustment,comments,172,,String,"@GridField(name = ""comments""), @InforField(xpath = ""AJUSTMENTCOMMENTS"")"
C:\Users\Seba\IdeaProjects\eam-light-backend\eam-wshub-core\src\main\java\ch\cern\eam\wshub\core\services\workorders\entities\InforCase.java,ch.cern.eam.wshub.core.services.workorders.entities,InforCase,comments,173,,int,@Transient
C:\Users\Seba\IdeaProjects\eam-light-backend\eam-wshub-core\src\main\java\ch\cern\eam\wshub\core\client\InforClient.java,ch.cern.eam.wshub.core.client,InforClient,commentService,174,,CommentService,
C:\Users\Seba\IdeaProjects\eam-light-backend\eam-wshub-core\src\main\java\ch\cern\eam\wshub\core\services\equipment\entities\EquipmentGenerationEntity.java,ch.cern.eam.wshub.core.services.equipment.entities,EquipmentGenerationEntity,commissionDate,175,,Date,@Transient
C:\Users\Seba\IdeaProjects\eam-light-backend\eam-wshub-core\src\main\java\ch\cern\eam\wshub\core\services\equipment\entities\EquipmentGenerationEntity.java,ch.cern.eam.wshub.core.services.equipment.entities,EquipmentGenerationEntity,commissioningWOAssignedTo,176,399,String,"@Transient, @ManyToOne"
C:\Users\Seba\IdeaProjects\eam-light-backend\eam-wshub-core\src\main\java\ch\cern\eam\wshub\core\services\equipment\entities\EquipmentGenerationEntity.java,ch.cern.eam.wshub.core.services.equipment.entities,EquipmentGenerationEntity,commissioningWOCostCode,177,,String,@Transient
C:\Users\Seba\IdeaProjects\eam-light-backend\eam-wshub-core\src\main\java\ch\cern\eam\wshub\core\services\equipment\entities\EquipmentGenerationEntity.java,ch.cern.eam.wshub.core.services.equipment.entities,EquipmentGenerationEntity,commissioningWOCostDesc,178,,String,@Transient
C:\Users\Seba\IdeaProjects\eam-light-backend\eam-wshub-core\src\main\java\ch\cern\eam\wshub\core\services\equipment\entities\EquipmentGenerationEntity.java,ch.cern.eam.wshub.core.services.equipment.entities,EquipmentGenerationEntity,commissioningWODepartmentCode,179,827,String,"@Transient, @ManyToOne"
C:\Users\Seba\IdeaProjects\eam-light-backend\eam-wshub-core\src\main\java\ch\cern\eam\wshub\core\services\equipment\entities\EquipmentGenerationEntity.java,ch.cern.eam.wshub.core.services.equipment.entities,EquipmentGenerationEntity,commissioningWODepartmentDesc,180,827,String,"@Transient, @ManyToOne"
C:\Users\Seba\IdeaProjects\eam-light-backend\eam-wshub-core\src\main\java\ch\cern\eam\wshub\core\services\equipment\entities\EquipmentConfigurationEntity.java,ch.cern.eam.wshub.core.services.equipment.entities,EquipmentConfigurationEntity,commissioningWODesc,181,,String,"@Transient, @InforField(xpath = ""EquipmentGenerationDetails/COMMISSIONINGWORKORDERID/DESCRIPTION"", readOnly = true)"
C:\Users\Seba\IdeaProjects\eam-light-backend\eam-wshub-core\src\main\java\ch\cern\eam\wshub\core\services\equipment\entities\EquipmentGenerationEntity.java,ch.cern.eam.wshub.core.services.equipment.entities,EquipmentGenerationEntity,commissioningWODesc,182,,String,@Transient
C:\Users\Seba\IdeaProjects\eam-light-backend\eam-wshub-core\src\main\java\ch\cern\eam\wshub\core\services\equipment\entities\EquipmentGenerationEntity.java,ch.cern.eam.wshub.core.services.equipment.entities,EquipmentGenerationEntity,commissioningWOLocationCode,183,679,String,"@Transient, @ManyToOne"
C:\Users\Seba\IdeaProjects\eam-light-backend\eam-wshub-core\src\main\java\ch\cern\eam\wshub\core\services\equipment\entities\EquipmentGenerationEntity.java,ch.cern.eam.wshub.core.services.equipment.entities,EquipmentGenerationEntity,commissioningWOLocationDesc,184,679,String,"@Transient, @ManyToOne"
C:\Users\Seba\IdeaProjects\eam-light-backend\eam-wshub-core\src\main\java\ch\cern\eam\wshub\core\services\equipment\entities\EquipmentConfigurationEntity.java,ch.cern.eam.wshub.core.services.equipment.entities,EquipmentConfigurationEntity,commissioningWONum,185,769,String,"@Transient, @InforField(xpath = ""EquipmentGenerationDetails/COMMISSIONINGWORKORDERID/JOBNUM""), @ManyToOne"
C:\Users\Seba\IdeaProjects\eam-light-backend\eam-wshub-core\src\main\java\ch\cern\eam\wshub\core\services\equipment\entities\EquipmentGenerationEntity.java,ch.cern.eam.wshub.core.services.equipment.entities,EquipmentGenerationEntity,commissioningWONumber,186,769,String,"@Transient, @ManyToOne"
C:\Users\Seba\IdeaProjects\eam-light-backend\eam-wshub-core\src\main\java\ch\cern\eam\wshub\core\services\equipment\entities\EquipmentGenerationEntity.java,ch.cern.eam.wshub.core.services.equipment.entities,EquipmentGenerationEntity,commissioningWOStatusCode,187,,String,@Transient
C:\Users\Seba\IdeaProjects\eam-light-backend\eam-wshub-core\src\main\java\ch\cern\eam\wshub\core\services\equipment\entities\EquipmentGenerationEntity.java,ch.cern.eam.wshub.core.services.equipment.entities,EquipmentGenerationEntity,commissioningWOStatusDesc,188,,String,@Transient
C:\Users\Seba\IdeaProjects\eam-light-backend\eam-wshub-core\src\main\java\ch\cern\eam\wshub\core\services\material\entities\Part.java,ch.cern.eam.wshub.core.services.material.entities,Part,commodityCode,189,,String,"@Transient, @InforField(xpath = ""PRIMARYCOMMODITY/COMMODITYCODE"")"
C:\Users\Seba\IdeaProjects\eam-light-backend\eam-wshub-core\src\main\java\ch\cern\eam\wshub\core\services\material\entities\Part.java,ch.cern.eam.wshub.core.services.material.entities,Part,commodityDesc,190,,String,"@Transient, @InforField(xpath = ""PRIMARYCOMMODITY/DESCRIPTION"", readOnly = true)"
C:\Users\Seba\IdeaProjects\eam-light-backend\eam-wshub-core\src\main\java\ch\cern\eam\wshub\core\services\casemanagement\entities\EAMCaseManagement.java,ch.cern.eam.wshub.core.services.casemanagement.entities,EAMCaseManagement,completedDate,191,,Date,"@InforField(xpath = ""TrackingDetails/COMPLETEDDATE"", nullifyParentLevel = 0)"
C:\Users\Seba\IdeaProjects\eam-light-backend\eam-wshub-core\src\main\java\ch\cern\eam\wshub\core\services\workorders\entities\InforCase.java,ch.cern.eam.wshub.core.services.workorders.entities,InforCase,completedDate,192,,Date,@Transient
C:\Users\Seba\IdeaProjects\eam-light-backend\eam-wshub-core\src\main\java\ch\cern\eam\wshub\core\services\workorders\entities\InforCaseTask.java,ch.cern.eam.wshub.core.services.workorders.entities,InforCaseTask,completedDate,193,,Date,"@Column(name = ""TCM_DATECOMPLETED"")"
C:\Users\Seba\IdeaProjects\eam-light-backend\eam-wshub-core\src\main\java\ch\cern\eam\wshub\core\services\workorders\entities\WorkOrder.java,ch.cern.eam.wshub.core.services.workorders.entities,WorkOrder,completedDate,194,,Date,"@Transient, @InforField(xpath = ""COMPLETEDDATE"")"
C:\Users\Seba\IdeaProjects\eam-light-backend\eam-wshub-core\src\main\java\ch\cern\eam\wshub\core\services\workorders\entities\InforCase.java,ch.cern.eam.wshub.core.services.workorders.entities,InforCase,completedTasks,195,,int,@Transient
C:\Users\Seba\IdeaProjects\eam-light-backend\eam-wshub-core\src\main\java\ch\cern\eam\wshub\core\services\equipment\entities\NonConformityObservation.java,ch.cern.eam.wshub.core.services.equipment.entities,NonConformityObservation,complevel,196,,String,"@GridField(name = ""complevel""), @InforField(xpath = ""VMRSCODE/VMRSCOMPNENTID/COMPONENTLEVELID/COMPONENTLEVELCODE"")"
C:\Users\Seba\IdeaProjects\eam-light-backend\eam-wshub-core\src\main\java\ch\cern\eam\wshub\core\services\material\entities\NoPoReceiptPart.java,ch.cern.eam.wshub.core.services.material.entities,NoPoReceiptPart,condition,197,,String,"@InforField(xpath = ""PARTCONDITIONTEMPLATECONDITIONCODE"")"
C:\Users\Seba\IdeaProjects\eam-light-backend\eam-wshub-core\src\main\java\ch\cern\eam\wshub\core\services\material\entities\PartSubstitute.java,ch.cern.eam.wshub.core.services.material.entities,PartSubstitute,condition,198,,String,
C:\Users\Seba\IdeaProjects\eam-light-backend\eam-wshub-core\src\main\java\ch\cern\eam\wshub\core\services\workorders\entities\WorkOrderActivityChecklistItem.java,ch.cern.eam.wshub.core.services.workorders.entities,WorkOrderActivityChecklistItem,conditional,199,,Boolean,
C:\Users\Seba\IdeaProjects\eam-light-backend\eam-wshub-core\src\main\java\ch\cern\eam\wshub\core\services\equipment\entities\NonConformityObservation.java,ch.cern.eam.wshub.core.services.equipment.entities,NonConformityObservation,conditionDescription,200,,String,"@GridField(name = ""conditionindex""), @InforField(xpath = ""TrackingDetails/CONDITIONINDEX/DESCRIPTION"")"
C:\Users\Seba\IdeaProjects\eam-light-backend\eam-wshub-core\src\main\java\ch\cern\eam\wshub\core\services\workorders\entities\WorkOrderActivityChecklist.java,ch.cern.eam.wshub.core.services.workorders.entities,WorkOrderActivityChecklist,conditionOptionUserDefinedCode,201,,String,"@InforField(xpath = ""CONDITIONOPTION/USERDEFINEDCODE"")"
C:\Users\Seba\IdeaProjects\eam-light-backend\eam-wshub-core\src\main\java\ch\cern\eam\wshub\core\services\equipment\entities\NonConformityObservation.java,ch.cern.eam.wshub.core.services.equipment.entities,NonConformityObservation,conditionScore,202,,BigDecimal,"@GridField(name = ""conditionscore""), @InforField(xpath = ""TrackingDetails/CONDITIONSCORE"")"
C:\Users\Seba\IdeaProjects\eam-light-backend\eam-wshub-core\src\main\java\ch\cern\eam\wshub\core\services\equipment\entities\EquipmentConfigurationEntity.java,ch.cern.eam.wshub.core.services.equipment.entities,EquipmentConfigurationEntity,configurationCategoryCode,203,105,String,"@Transient, @InforField(xpath = ""ConfigurationDetails/CATEGORYID/CATEGORYCODE""), @ManyToOne"
C:\Users\Seba\IdeaProjects\eam-light-backend\eam-wshub-core\src\main\java\ch\cern\eam\wshub\core\services\equipment\entities\EquipmentConfigurationEntity.java,ch.cern.eam.wshub.core.services.equipment.entities,EquipmentConfigurationEntity,configurationCategoryDesc,204,105,String,"@Transient, @InforField(xpath = ""ConfigurationDetails/CATEGORYID/DESCRIPTION"", readOnly = true), @ManyToOne"
C:\Users\Seba\IdeaProjects\eam-light-backend\eam-wshub-core\src\main\java\ch\cern\eam\wshub\core\services\equipment\entities\EquipmentConfigurationEntity.java,ch.cern.eam.wshub.core.services.equipment.entities,EquipmentConfigurationEntity,configurationClassCode,205,,String,"@Transient, @InforField(xpath = ""ConfigurationDetails/CLASSID/CLASSCODE"")"
C:\Users\Seba\IdeaProjects\eam-light-backend\eam-wshub-core\src\main\java\ch\cern\eam\wshub\core\services\equipment\entities\EquipmentConfigurationEntity.java,ch.cern.eam.wshub.core.services.equipment.entities,EquipmentConfigurationEntity,configurationClassDesc,206,,String,"@Transient, @InforField(xpath = ""ConfigurationDetails/CLASSID/DESCRIPTION"", readOnly = true)"
C:\Users\Seba\IdeaProjects\eam-light-backend\eam-wshub-core\src\main\java\ch\cern\eam\wshub\core\services\equipment\entities\EquipmentConfigurationEntity.java,ch.cern.eam.wshub.core.services.equipment.entities,EquipmentConfigurationEntity,configurationDepartmentCode,207,827,String,"@Transient, @InforField(xpath = ""DEPARTMENTID/DEPARTMENTCODE"", nullifyParentLevel = 1), @ManyToOne"
C:\Users\Seba\IdeaProjects\eam-light-backend\eam-wshub-core\src\main\java\ch\cern\eam\wshub\core\services\equipment\entities\EquipmentConfigurationEntity.java,ch.cern.eam.wshub.core.services.equipment.entities,EquipmentConfigurationEntity,configurationDepartmentDesc,208,827,String,"@Transient, @InforField(xpath = ""DEPARTMENTID/DESCRIPTION"", nullifyParentLevel = 0), @ManyToOne"
C:\Users\Seba\IdeaProjects\eam-light-backend\eam-wshub-core\src\main\java\ch\cern\eam\wshub\core\services\workorders\entities\WorkOrder.java,ch.cern.eam.wshub.core.services.workorders.entities,WorkOrder,confirmedIncompleteChecklist,209,,Boolean,@Transient
C:\Users\Seba\IdeaProjects\eam-light-backend\eam-wshub-core\src\main\java\ch\cern\eam\wshub\core\services\casemanagement\entities\EAMCaseManagement.java,ch.cern.eam.wshub.core.services.casemanagement.entities,EAMCaseManagement,contactRecordCode,210,,String,"@InforField(xpath = ""TrackingDetails/CONTACTRECORDID/CONTACTRECORDCODE"", nullifyParentLevel = 1)"
C:\Users\Seba\IdeaProjects\eam-light-backend\eam-wshub-core\src\main\java\ch\cern\eam\wshub\core\services\casemanagement\entities\EAMCaseManagement.java,ch.cern.eam.wshub.core.services.casemanagement.entities,EAMCaseManagement,contactRecordStatus,211,,String,"@InforField(xpath = ""TrackingDetails/CONTACTRECORDSTATUS/STATUSCODE"", nullifyParentLevel = 1)"
C:\Users\Seba\IdeaProjects\eam-light-backend\eam-wshub-core\src\main\java\ch\cern\eam\wshub\core\services\grids\entities\GridRequestCell.java,ch.cern.eam.wshub.core.services.grids.entities,GridRequestCell,content,212,,String,@XmlValue
C:\Users\Seba\IdeaProjects\eam-light-backend\eam-wshub-core\src\main\java\ch\cern\eam\wshub\core\services\equipment\entities\EquipmentGenerationEntity.java,ch.cern.eam.wshub.core.services.equipment.entities,EquipmentGenerationEntity,copyCalibration,213,,String,@Transient
C:\Users\Seba\IdeaProjects\eam-light-backend\eam-wshub-core\src\main\java\ch\cern\eam\wshub\core\services\equipment\entities\EquipmentGenerationEntity.java,ch.cern.eam.wshub.core.services.equipment.entities,EquipmentGenerationEntity,copyComments,214,,String,@Transient
C:\Users\Seba\IdeaProjects\eam-light-backend\eam-wshub-core\src\main\java\ch\cern\eam\wshub\core\services\equipment\entities\EquipmentGenerationEntity.java,ch.cern.eam.wshub.core.services.equipment.entities,EquipmentGenerationEntity,copyCustomfields,215,,String,@Transient
C:\Users\Seba\IdeaProjects\eam-light-backend\eam-wshub-core\src\main\java\ch\cern\eam\wshub\core\services\equipment\entities\EquipmentGenerationEntity.java,ch.cern.eam.wshub.core.services.equipment.entities,EquipmentGenerationEntity,copyDepreciation,216,,String,@Transient
C:\Users\Seba\IdeaProjects\eam-light-backend\eam-wshub-core\src\main\java\ch\cern\eam\wshub\core\services\equipment\entities\EquipmentGenerationEntity.java,ch.cern.eam.wshub.core.services.equipment.entities,EquipmentGenerationEntity,copyDocuments,217,,String,@Transient
C:\Users\Seba\IdeaProjects\eam-light-backend\eam-wshub-core\src\main\java\ch\cern\eam\wshub\core\services\equipment\entities\Equipment.java,ch.cern.eam.wshub.core.services.equipment.entities,Equipment,copyFrom,218,,String,@Transient
C:\Users\Seba\IdeaProjects\eam-light-backend\eam-wshub-core\src\main\java\ch\cern\eam\wshub\core\services\equipment\entities\Location.java,ch.cern.eam.wshub.core.services.equipment.entities,Location,copyFrom,219,,String,@Transient
C:\Users\Seba\IdeaProjects\eam-light-backend\eam-wshub-core\src\main\java\ch\cern\eam\wshub\core\services\material\entities\Part.java,ch.cern.eam.wshub.core.services.material.entities,Part,copyFrom,220,,String,@Transient
C:\Users\Seba\IdeaProjects\eam-light-backend\eam-wshub-core\src\main\java\ch\cern\eam\wshub\core\services\workorders\entities\WorkOrder.java,ch.cern.eam.wshub.core.services.workorders.entities,WorkOrder,copyFrom,221,,String,@Transient
C:\Users\Seba\IdeaProjects\eam-light-backend\eam-wshub-core\src\main\java\ch\cern\eam\wshub\core\services\equipment\entities\EquipmentGenerationEntity.java,ch.cern.eam.wshub.core.services.equipment.entities,EquipmentGenerationEntity,copyMaintenancePatterns,222,,String,@Transient
C:\Users\Seba\IdeaProjects\eam-light-backend\eam-wshub-core\src\main\java\ch\cern\eam\wshub\core\services\equipment\entities\EquipmentGenerationEntity.java,ch.cern.eam.wshub.core.services.equipment.entities,EquipmentGenerationEntity,copyMeters,223,,String,@Transient
C:\Users\Seba\IdeaProjects\eam-light-backend\eam-wshub-core\src\main\java\ch\cern\eam\wshub\core\services\equipment\entities\EquipmentGenerationEntity.java,ch.cern.eam.wshub.core.services.equipment.entities,EquipmentGenerationEntity,copyPartsAssociated,224,827,String,"@Transient, @ManyToOne"
C:\Users\Seba\IdeaProjects\eam-light-backend\eam-wshub-core\src\main\java\ch\cern\eam\wshub\core\services\equipment\entities\EquipmentGenerationEntity.java,ch.cern.eam.wshub.core.services.equipment.entities,EquipmentGenerationEntity,copyPermits,225,,String,@Transient
C:\Users\Seba\IdeaProjects\eam-light-backend\eam-wshub-core\src\main\java\ch\cern\eam\wshub\core\services\equipment\entities\EquipmentGenerationEntity.java,ch.cern.eam.wshub.core.services.equipment.entities,EquipmentGenerationEntity,copyPMSchedules,226,,String,@Transient
C:\Users\Seba\IdeaProjects\eam-light-backend\eam-wshub-core\src\main\java\ch\cern\eam\wshub\core\services\equipment\entities\EquipmentGenerationEntity.java,ch.cern.eam.wshub.core.services.equipment.entities,EquipmentGenerationEntity,copySafety,227,,String,@Transient
C:\Users\Seba\IdeaProjects\eam-light-backend\eam-wshub-core\src\main\java\ch\cern\eam\wshub\core\services\equipment\entities\EquipmentGenerationEntity.java,ch.cern.eam.wshub.core.services.equipment.entities,EquipmentGenerationEntity,copyTestPoints,228,,String,@Transient
C:\Users\Seba\IdeaProjects\eam-light-backend\eam-wshub-core\src\main\java\ch\cern\eam\wshub\core\services\equipment\entities\EquipmentGenerationEntity.java,ch.cern.eam.wshub.core.services.equipment.entities,EquipmentGenerationEntity,copyWarranties,229,,String,@Transient
C:\Users\Seba\IdeaProjects\eam-light-backend\eam-wshub-core\src\main\java\ch\cern\eam\wshub\core\services\casemanagement\entities\EAMCaseManagement.java,ch.cern.eam.wshub.core.services.casemanagement.entities,EAMCaseManagement,costCode,230,,String,"@InforField(xpath = ""CaseDetails/COSTCODEID/COSTCODE"", nullifyParentLevel = 1)"
C:\Users\Seba\IdeaProjects\eam-light-backend\eam-wshub-core\src\main\java\ch\cern\eam\wshub\core\services\equipment\entities\Equipment.java,ch.cern.eam.wshub.core.services.equipment.entities,Equipment,costCode,231,,String,"@Transient, @InforField(xpath = ""COSTCODEID/COSTCODE"", nullifyParentLevel = 1)"
C:\Users\Seba\IdeaProjects\eam-light-backend\eam-wshub-core\src\main\java\ch\cern\eam\wshub\core\services\equipment\entities\EquipmentConfigurationEntity.java,ch.cern.eam.wshub.core.services.equipment.entities,EquipmentConfigurationEntity,costCode,232,,String,"@Transient, @InforField(xpath = ""ConfigurationDetails/COSTCODEID/COSTCODE"")"
C:\Users\Seba\IdeaProjects\eam-light-backend\eam-wshub-core\src\main\java\ch\cern\eam\wshub\core\services\equipment\entities\EquipmentPMSchedule.java,ch.cern.eam.wshub.core.services.equipment.entities,EquipmentPMSchedule,costCode,233,,String,@Transient
C:\Users\Seba\IdeaProjects\eam-light-backend\eam-wshub-core\src\main\java\ch\cern\eam\wshub\core\services\equipment\entities\Location.java,ch.cern.eam.wshub.core.services.equipment.entities,Location,costCode,234,,String,"@Transient, @InforField(xpath = ""COSTCODEID/COSTCODE"")"
C:\Users\Seba\IdeaProjects\eam-light-backend\eam-wshub-core\src\main\java\ch\cern\eam\wshub\core\services\workorders\entities\WorkOrder.java,ch.cern.eam.wshub.core.services.workorders.entities,WorkOrder,costCode,235,,String,"@Transient, @InforField(xpath = ""COSTCODEID/COSTCODE"")"
C:\Users\Seba\IdeaProjects\eam-light-backend\eam-wshub-core\src\main\java\ch\cern\eam\wshub\core\services\equipment\entities\Equipment.java,ch.cern.eam.wshub.core.services.equipment.entities,Equipment,costCodeDesc,236,,String,"@Transient, @InforField(xpath = ""COSTCODEID/DESCRIPTION"", nullifyParentLevel = 0)"
C:\Users\Seba\IdeaProjects\eam-light-backend\eam-wshub-core\src\main\java\ch\cern\eam\wshub\core\services\equipment\entities\EquipmentConfigurationEntity.java,ch.cern.eam.wshub.core.services.equipment.entities,EquipmentConfigurationEntity,costCodeDesc,237,,String,"@Transient, @InforField(xpath = ""ConfigurationDetails/COSTCODEID/DESCRIPTION"")"
C:\Users\Seba\IdeaProjects\eam-light-backend\eam-wshub-core\src\main\java\ch\cern\eam\wshub\core\services\workorders\entities\WorkOrder.java,ch.cern.eam.wshub.core.services.workorders.entities,WorkOrder,costCodeDesc,238,,String,"@Transient, @InforField(xpath = ""COSTCODEID/DESCRIPTION"", readOnly = true)"
C:\Users\Seba\IdeaProjects\eam-light-backend\eam-wshub-core\src\main\java\ch\cern\eam\wshub\core\services\equipment\entities\Equipment.java,ch.cern.eam.wshub.core.services.equipment.entities,Equipment,costOfNeededRepairs,239,,BigDecimal,"@Transient, @InforField(xpath = ""FacilityConditionIndex/COSTOFNEEDEDREPAIRS"", nullifyParentLevel = 0)"
C:\Users\Seba\IdeaProjects\eam-light-backend\eam-wshub-core\src\main\java\ch\cern\eam\wshub\core\services\casemanagement\entities\EAMCaseManagement.java,ch.cern.eam.wshub.core.services.casemanagement.entities,EAMCaseManagement,costRefreshRequired,240,,Boolean,"@InforField(xpath = ""CaseDetails/COSTREFRESHREQUIRED"", booleanType = BooleanType.TRUE_FALSE, nullifyParentLevel = 0)"
C:\Users\Seba\IdeaProjects\eam-light-backend\eam-wshub-core\src\main\java\ch\cern\eam\wshub\core\services\equipment\entities\EquipmentStructure.java,ch.cern.eam.wshub.core.services.equipment.entities,EquipmentStructure,costRollUp,241,,Boolean,
C:\Users\Seba\IdeaProjects\eam-light-backend\eam-wshub-core\src\main\java\ch\cern\eam\wshub\core\services\grids\entities\GridRequest.java,ch.cern.eam.wshub.core.services.grids.entities,GridRequest,countTotal,242,,Boolean,
C:\Users\Seba\IdeaProjects\eam-light-backend\eam-wshub-core\src\main\java\ch\cern\eam\wshub\core\services\equipment\entities\EquipmentWarranty.java,ch.cern.eam.wshub.core.services.equipment.entities,EquipmentWarranty,coverageType,243,,String,@Transient
C:\Users\Seba\IdeaProjects\eam-light-backend\eam-wshub-core\src\main\java\ch\cern\eam\wshub\core\services\equipment\entities\EquipmentConfigurationEntity.java,ch.cern.eam.wshub.core.services.equipment.entities,EquipmentConfigurationEntity,createAsSpecific,244,,Boolean,"@Transient, @InforField(xpath = ""EquipmentGenerationDetails/CREATEASSPECIFIC"")"
C:\Users\Seba\IdeaProjects\eam-light-backend\eam-wshub-core\src\main\java\ch\cern\eam\wshub\core\services\equipment\entities\EquipmentGenerationEntity.java,ch.cern.eam.wshub.core.services.equipment.entities,EquipmentGenerationEntity,createCommissioningWO,245,,String,@Transient
C:\Users\Seba\IdeaProjects\eam-light-backend\eam-wshub-core\src\main\java\ch\cern\eam\wshub\core\services\comments\entities\Comment.java,ch.cern.eam.wshub.core.services.comments.entities,Comment,created,246,,boolean,@XmlTransient
C:\Users\Seba\IdeaProjects\eam-light-backend\eam-wshub-core\src\main\java\ch\cern\eam\wshub\core\services\workorders\entities\InforCase.java,ch.cern.eam.wshub.core.services.workorders.entities,InforCase,createDate,247,,Date,@Transient
C:\Users\Seba\IdeaProjects\eam-light-backend\eam-wshub-core\src\main\java\ch\cern\eam\wshub\core\services\casemanagement\entities\EAMCaseManagement.java,ch.cern.eam.wshub.core.services.casemanagement.entities,EAMCaseManagement,createdBy,248,,String,"@InforField(xpath = ""CREATEDBY/USERCODE"")"
C:\Users\Seba\IdeaProjects\eam-light-backend\eam-wshub-core\src\main\java\ch\cern\eam\wshub\core\services\equipment\entities\EquipmentConfigurationEntity.java,ch.cern.eam.wshub.core.services.equipment.entities,EquipmentConfigurationEntity,createdBy,249,,String,"@Transient, @InforField(xpath = ""ConfigurationDetails/CREATEDBY/USERCODE"")"
C:\Users\Seba\IdeaProjects\eam-light-backend\eam-wshub-core\src\main\java\ch\cern\eam\wshub\core\services\equipment\entities\EquipmentGenerationEntity.java,ch.cern.eam.wshub.core.services.equipment.entities,EquipmentGenerationEntity,createdBy,250,,String,@Transient
C:\Users\Seba\IdeaProjects\eam-light-backend\eam-wshub-core\src\main\java\ch\cern\eam\wshub\core\services\equipment\entities\NonConformityObservation.java,ch.cern.eam.wshub.core.services.equipment.entities,NonConformityObservation,createdBy,251,,String,"@GridField(name = ""createdby""), @InforField(xpath = ""TrackingDetails/CREATEDBY/USERCODE"")"
C:\Users\Seba\IdeaProjects\eam-light-backend\eam-wshub-core\src\main\java\ch\cern\eam\wshub\core\services\material\entities\PhysicalInventory.java,ch.cern.eam.wshub.core.services.material.entities,PhysicalInventory,createdBy,252,,String,"@Column(name = ""TRA_AUTH"")"
C:\Users\Seba\IdeaProjects\eam-light-backend\eam-wshub-core\src\main\java\ch\cern\eam\wshub\core\services\workorders\entities\InforCase.java,ch.cern.eam.wshub.core.services.workorders.entities,InforCase,createdBy,253,,String,@Transient
C:\Users\Seba\IdeaProjects\eam-light-backend\eam-wshub-core\src\main\java\ch\cern\eam\wshub\core\services\workorders\entities\InforCaseTask.java,ch.cern.eam.wshub.core.services.workorders.entities,InforCaseTask,createdBy,254,,String,@Transient
C:\Users\Seba\IdeaProjects\eam-light-backend\eam-wshub-core\src\main\java\ch\cern\eam\wshub\core\services\workorders\entities\WorkOrder.java,ch.cern.eam.wshub.core.services.workorders.entities,WorkOrder,createdBy,255,,String,"@Column(name = ""EVT_CREATEDBY""), @InforField(xpath = ""CREATEDBY/USERCODE"")"
C:\Users\Seba\IdeaProjects\eam-light-backend\eam-wshub-core\src\main\java\ch\cern\eam\wshub\core\services\workorders\entities\WorkOrder.java,ch.cern.eam.wshub.core.services.workorders.entities,WorkOrder,createdByDesc,256,,String,"@Transient, @InforField(xpath = ""CREATEDBY/DESCRIPTION"", readOnly = true)"
C:\Users\Seba\IdeaProjects\eam-light-backend\eam-wshub-core\src\main\java\ch\cern\eam\wshub\core\services\workorders\entities\InforCase.java,ch.cern.eam.wshub.core.services.workorders.entities,InforCase,createdByName,257,,String,@Transient
C:\Users\Seba\IdeaProjects\eam-light-backend\eam-wshub-core\src\main\java\ch\cern\eam\wshub\core\services\casemanagement\entities\EAMCaseManagement.java,ch.cern.eam.wshub.core.services.casemanagement.entities,EAMCaseManagement,createdDate,258,,Date,"@InforField(xpath = ""CREATEDDATE"")"
C:\Users\Seba\IdeaProjects\eam-light-backend\eam-wshub-core\src\main\java\ch\cern\eam\wshub\core\services\equipment\entities\EquipmentGenerationEntity.java,ch.cern.eam.wshub.core.services.equipment.entities,EquipmentGenerationEntity,createdDate,259,,Date,@Transient
C:\Users\Seba\IdeaProjects\eam-light-backend\eam-wshub-core\src\main\java\ch\cern\eam\wshub\core\services\equipment\entities\NonConformityObservation.java,ch.cern.eam.wshub.core.services.equipment.entities,NonConformityObservation,createdDate,260,,Date,"@GridField(name = ""created""), @InforField(xpath = ""TrackingDetails/CREATEDDATE"")"
C:\Users\Seba\IdeaProjects\eam-light-backend\eam-wshub-core\src\main\java\ch\cern\eam\wshub\core\services\material\entities\NoPoReceipt.java,ch.cern.eam.wshub.core.services.material.entities,NoPoReceipt,createdDate,261,,Date,"@InforField(xpath = ""TRANSACTIONDATE"")"
C:\Users\Seba\IdeaProjects\eam-light-backend\eam-wshub-core\src\main\java\ch\cern\eam\wshub\core\services\material\entities\PhysicalInventory.java,ch.cern.eam.wshub.core.services.material.entities,PhysicalInventory,createdDate,262,,Date,"@Column(name = ""TRA_DATE"")"
C:\Users\Seba\IdeaProjects\eam-light-backend\eam-wshub-core\src\main\java\ch\cern\eam\wshub\core\services\workorders\entities\WorkOrder.java,ch.cern.eam.wshub.core.services.workorders.entities,WorkOrder,createdDate,263,,Date,"@Transient, @InforField(xpath = ""CREATEDDATE"")"
C:\Users\Seba\IdeaProjects\eam-light-backend\eam-wshub-core\src\main\java\ch\cern\eam\wshub\core\services\contractmanagement\entities\EquipmentReservationAdjustment.java,ch.cern.eam.wshub.core.services.contractmanagement.entities,EquipmentReservationAdjustment,createdWorkOrder,264,769,String,"@GridField(name = ""createdworkorder""), @InforField(xpath = ""WORKORDERID/JOBNUM""), @ManyToOne"
C:\Users\Seba\IdeaProjects\eam-light-backend\eam-wshub-core\src\main\java\ch\cern\eam\wshub\core\services\comments\entities\Comment.java,ch.cern.eam.wshub.core.services.comments.entities,Comment,creationDate,265,,String,
C:\Users\Seba\IdeaProjects\eam-light-backend\eam-wshub-core\src\main\java\ch\cern\eam\wshub\core\services\comments\entities\Comment.java,ch.cern.eam.wshub.core.services.comments.entities,Comment,creationUserCode,266,,String,
C:\Users\Seba\IdeaProjects\eam-light-backend\eam-wshub-core\src\main\java\ch\cern\eam\wshub\core\services\comments\entities\Comment.java,ch.cern.eam.wshub.core.services.comments.entities,Comment,creationUserDesc,267,,String,
C:\Users\Seba\IdeaProjects\eam-light-backend\eam-wshub-core\src\main\java\ch\cern\eam\wshub\core\client\InforContext.java,ch.cern.eam.wshub.core.client,InforContext,credentials,268,,Credentials,
C:\Users\Seba\IdeaProjects\eam-light-backend\eam-wshub-core\src\main\java\ch\cern\eam\wshub\core\services\equipment\entities\Equipment.java,ch.cern.eam.wshub.core.services.equipment.entities,Equipment,criticality,269,,String,"@Transient, @InforField(xpath = ""CRITICALITYID/CRITICALITY"", nullifyParentLevel = 1)"
C:\Users\Seba\IdeaProjects\eam-light-backend\eam-wshub-core\src\main\java\ch\cern\eam\wshub\core\services\casemanagement\entities\EAMCaseManagement.java,ch.cern.eam.wshub.core.services.casemanagement.entities,EAMCaseManagement,currencyCode,270,,String,"@InforField(xpath = ""CaseDetails/CURRENCYCODE"", nullifyParentLevel = 0)"
C:\Users\Seba\IdeaProjects\eam-light-backend\eam-wshub-core\src\main\java\ch\cern\eam\wshub\core\services\grids\entities\GridRequest.java,ch.cern.eam.wshub.core.services.grids.entities,GridRequest,cursorPosition,271,431,Integer,@ManyToOne
C:\Users\Seba\IdeaProjects\eam-light-backend\eam-wshub-core\src\main\java\ch\cern\eam\wshub\core\services\grids\entities\GridRequestResult.java,ch.cern.eam.wshub.core.services.grids.entities,GridRequestResult,cursorPosition,272,431,int,@ManyToOne
C:\Users\Seba\IdeaProjects\eam-light-backend\eam-wshub-core\src\main\java\ch\cern\eam\wshub\core\services\equipment\entities\Equipment.java,ch.cern.eam.wshub.core.services.equipment.entities,Equipment,customerCode,273,,String,"@Transient, @InforField(xpath = ""FleetVehicleInfo/CUSTOMERID/CUSTOMERCODE"", nullifyParentLevel = 1)"
C:\Users\Seba\IdeaProjects\eam-light-backend\eam-wshub-core\src\main\java\ch\cern\eam\wshub\core\services\contractmanagement\entities\EquipmentReservationAdjustment.java,ch.cern.eam.wshub.core.services.contractmanagement.entities,EquipmentReservationAdjustment,customerRentalCode,274,,String,"@GridField(name = ""customerrentalcode""), @InforField(xpath = ""CUSTOMERRENTALID/CUSTOMERRENTALCODE"")"
C:\Users\Seba\IdeaProjects\eam-light-backend\eam-wshub-core\src\main\java\ch\cern\eam\wshub\core\services\casemanagement\entities\EAMCaseManagement.java,ch.cern.eam.wshub.core.services.casemanagement.entities,EAMCaseManagement,customFieldMap,275,,"Map<String,String>",
C:\Users\Seba\IdeaProjects\eam-light-backend\eam-wshub-core\src\main\java\ch\cern\eam\wshub\core\services\equipment\entities\Equipment.java,ch.cern.eam.wshub.core.services.equipment.entities,Equipment,customFieldMap,276,,"Map<String,String>",@Transient
C:\Users\Seba\IdeaProjects\eam-light-backend\eam-wshub-core\src\main\java\ch\cern\eam\wshub\core\services\administration\entities\EAMUser.java,ch.cern.eam.wshub.core.services.administration.entities,EAMUser,customFields,277,,CustomField[],"@Transient, @InforField(xpath = ""USERDEFINEDAREA"")"
C:\Users\Seba\IdeaProjects\eam-light-backend\eam-wshub-core\src\main\java\ch\cern\eam\wshub\core\services\casemanagement\entities\EAMCaseManagement.java,ch.cern.eam.wshub.core.services.casemanagement.entities,EAMCaseManagement,customFields,278,,CustomField[],"@JsonIgnore, @InforField(xpath = ""USERDEFINEDAREA"")"
C:\Users\Seba\IdeaProjects\eam-light-backend\eam-wshub-core\src\main\java\ch\cern\eam\wshub\core\services\equipment\entities\Category.java,ch.cern.eam.wshub.core.services.equipment.entities,Category,customFields,279,,CustomField[],"@Transient, @InforField(xpath = ""USERDEFINEDAREA"")"
C:\Users\Seba\IdeaProjects\eam-light-backend\eam-wshub-core\src\main\java\ch\cern\eam\wshub\core\services\equipment\entities\Equipment.java,ch.cern.eam.wshub.core.services.equipment.entities,Equipment,customFields,280,,CustomField[],"@Transient, @InforField(xpath = ""USERDEFINEDAREA"")"
C:\Users\Seba\IdeaProjects\eam-light-backend\eam-wshub-core\src\main\java\ch\cern\eam\wshub\core\services\equipment\entities\EquipmentConfigurationEntity.java,ch.cern.eam.wshub.core.services.equipment.entities,EquipmentConfigurationEntity,customFields,281,,CustomField[],"@Transient, @InforField(xpath = ""USERDEFINEDAREA"")"
C:\Users\Seba\IdeaProjects\eam-light-backend\eam-wshub-core\src\main\java\ch\cern\eam\wshub\core\services\equipment\entities\Location.java,ch.cern.eam.wshub.core.services.equipment.entities,Location,customFields,282,,CustomField[],"@Transient, @InforField(xpath = ""USERDEFINEDAREA"")"
C:\Users\Seba\IdeaProjects\eam-light-backend\eam-wshub-core\src\main\java\ch\cern\eam\wshub\core\services\equipment\entities\NonConformityObservation.java,ch.cern.eam.wshub.core.services.equipment.entities,NonConformityObservation,customFields,283,,CustomField[],"@Transient, @InforField(xpath = ""USERDEFINEDAREA"")"
C:\Users\Seba\IdeaProjects\eam-light-backend\eam-wshub-core\src\main\java\ch\cern\eam\wshub\core\services\grids\customfields\GridCustomFieldHandler.java,ch.cern.eam.wshub.core.services.grids.customfields,GridCustomFieldHandler,customFields,284,,List<DataspyCustomField>,
C:\Users\Seba\IdeaProjects\eam-light-backend\eam-wshub-core\src\main\java\ch\cern\eam\wshub\core\services\material\entities\Part.java,ch.cern.eam.wshub.core.services.material.entities,Part,customFields,285,,CustomField[],"@Transient, @InforField(xpath = ""USERDEFINEDAREA"")"
C:\Users\Seba\IdeaProjects\eam-light-backend\eam-wshub-core\src\main\java\ch\cern\eam\wshub\core\services\material\entities\PickTicket.java,ch.cern.eam.wshub.core.services.material.entities,PickTicket,customFields,286,,CustomField[],"@InforField(xpath = ""USERDEFINEDAREA"")"
C:\Users\Seba\IdeaProjects\eam-light-backend\eam-wshub-core\src\main\java\ch\cern\eam\wshub\core\services\workorders\entities\InforCase.java,ch.cern.eam.wshub.core.services.workorders.entities,InforCase,customFields,287,,CustomField[],"@Transient, @InforField(xpath = ""USERDEFINEDAREA"")"
C:\Users\Seba\IdeaProjects\eam-light-backend\eam-wshub-core\src\main\java\ch\cern\eam\wshub\core\services\workorders\entities\InforCaseTask.java,ch.cern.eam.wshub.core.services.workorders.entities,InforCaseTask,customFields,288,,CustomField[],@Transient
C:\Users\Seba\IdeaProjects\eam-light-backend\eam-wshub-core\src\main\java\ch\cern\eam\wshub\core\services\workorders\entities\WorkOrder.java,ch.cern.eam.wshub.core.services.workorders.entities,WorkOrder,customFields,289,,CustomField[],"@Transient, @InforField(xpath = ""USERDEFINEDAREA"")"
C:\Users\Seba\IdeaProjects\eam-light-backend\eam-wshub-core\src\main\java\ch\cern\eam\wshub\core\services\grids\entities\GridDataspy.java,ch.cern.eam.wshub.core.services.grids.entities,GridDataspy,code,290,,String,"@Id, @Column(name = ""dds_ddspyid"")"
C:\Users\Seba\IdeaProjects\eam-light-backend\eam-wshub-core\src\main\java\ch\cern\eam\wshub\core\services\grids\entities\DataspyField.java,ch.cern.eam.wshub.core.services.grids.entities,DataspyField,dataspy,291,,String,"@Column(name = ""DQF_DDSPYID"")"
C:\Users\Seba\IdeaProjects\eam-light-backend\eam-wshub-core\src\main\java\ch\cern\eam\wshub\core\services\grids\customfields\DataspyCustomField.java,ch.cern.eam.wshub.core.services.grids.customfields,DataspyCustomField,dataspyID,292,,String,"@Column(name = ""DCF_DDSPYID"")"
C:\Users\Seba\IdeaProjects\eam-light-backend\eam-wshub-core\src\main\java\ch\cern\eam\wshub\core\services\grids\customfields\GridCustomFieldHandler.java,ch.cern.eam.wshub.core.services.grids.customfields,GridCustomFieldHandler,dataspyID,293,,String,
C:\Users\Seba\IdeaProjects\eam-light-backend\eam-wshub-core\src\main\java\ch\cern\eam\wshub\core\services\grids\entities\GridDDSpyFieldsResult.java,ch.cern.eam.wshub.core.services.grids.entities,GridDDSpyFieldsResult,dataSpyId,294,,String,
C:\Users\Seba\IdeaProjects\eam-light-backend\eam-wshub-core\src\main\java\ch\cern\eam\wshub\core\services\grids\entities\GridMetadataRequestResult.java,ch.cern.eam.wshub.core.services.grids.entities,GridMetadataRequestResult,dataSpyId,295,,String,@Transient
C:\Users\Seba\IdeaProjects\eam-light-backend\eam-wshub-core\src\main\java\ch\cern\eam\wshub\core\services\grids\entities\GridRequest.java,ch.cern.eam.wshub.core.services.grids.entities,GridRequest,dataspyID,296,,String,
C:\Users\Seba\IdeaProjects\eam-light-backend\eam-wshub-core\src\main\java\ch\cern\eam\wshub\core\services\grids\entities\GridRequestResult.java,ch.cern.eam.wshub.core.services.grids.entities,GridRequestResult,dataSpyId,297,,String,
C:\Users\Seba\IdeaProjects\eam-light-backend\eam-wshub-core\src\main\java\ch\cern\eam\wshub\core\client\InforClient.java,ch.cern.eam.wshub.core.client,InforClient,dataspyService,298,,DataspyService,
C:\Users\Seba\IdeaProjects\eam-light-backend\eam-wshub-core\src\main\java\ch\cern\eam\wshub\core\services\grids\entities\DataspyField.java,ch.cern.eam.wshub.core.services.grids.entities,DataspyField,dataType,299,,String,"@Column(name = ""DDF_DATATYPE"")"
C:\Users\Seba\IdeaProjects\eam-light-backend\eam-wshub-core\src\main\java\ch\cern\eam\wshub\core\services\grids\entities\GridField.java,ch.cern.eam.wshub.core.services.grids.entities,GridField,dataType,300,,String,"@Column(name = ""DDF_DATATYPE"")"
C:\Users\Seba\IdeaProjects\eam-light-backend\eam-wshub-core\src\main\java\ch\cern\eam\wshub\core\services\contractmanagement\entities\EquipmentReservationAdjustment.java,ch.cern.eam.wshub.core.services.contractmanagement.entities,EquipmentReservationAdjustment,date,301,,Date,"@GridField(name = ""adjustmentdate""), @InforField(xpath = ""ADJUSTMENTDATE"")"
C:\Users\Seba\IdeaProjects\eam-light-backend\eam-wshub-core\src\main\java\ch\cern\eam\wshub\core\services\material\entities\IssueReturnPartTransaction.java,ch.cern.eam.wshub.core.services.material.entities,IssueReturnPartTransaction,date,302,,String,
C:\Users\Seba\IdeaProjects\eam-light-backend\eam-wshub-core\src\main\java\ch\cern\eam\wshub\core\services\workorders\entities\WorkOrderActivityChecklistItem.java,ch.cern.eam.wshub.core.services.workorders.entities,WorkOrderActivityChecklistItem,date,303,,Date,@XmlJavaTypeAdapter(DateAdapter.class)
C:\Users\Seba\IdeaProjects\eam-light-backend\eam-wshub-core\src\main\java\ch\cern\eam\wshub\core\services\grids\customfields\GridCustomFieldHandler.java,ch.cern.eam.wshub.core.services.grids.customfields,GridCustomFieldHandler,DATE_VALUE,304,,String,
C:\Users\Seba\IdeaProjects\eam-light-backend\eam-wshub-core\src\main\java\ch\cern\eam\wshub\core\services\equipment\entities\EquipmentConfigurationEntity.java,ch.cern.eam.wshub.core.services.equipment.entities,EquipmentConfigurationEntity,dateCreated,305,,Date,"@Transient, @InforField(xpath = ""ConfigurationDetails/CREATEDDATE"")"
C:\Users\Seba\IdeaProjects\eam-light-backend\eam-wshub-core\src\main\java\ch\cern\eam\wshub\core\services\workorders\entities\InforCaseTask.java,ch.cern.eam.wshub.core.services.workorders.entities,InforCaseTask,dateCreated,306,,Date,@Transient
C:\Users\Seba\IdeaProjects\eam-light-backend\eam-wshub-core\src\main\java\ch\cern\eam\wshub\core\services\equipment\entities\EquipmentPMSchedule.java,ch.cern.eam.wshub.core.services.equipment.entities,EquipmentPMSchedule,dateDeactivated,307,,String,@Transient
C:\Users\Seba\IdeaProjects\eam-light-backend\eam-wshub-core\src\main\java\ch\cern\eam\wshub\core\services\casemanagement\entities\EAMCaseManagement.java,ch.cern.eam.wshub.core.services.casemanagement.entities,EAMCaseManagement,dateRequested,308,,Date,"@InforField(xpath = ""TrackingDetails/DATEREQUESTED"", nullifyParentLevel = 0)"
C:\Users\Seba\IdeaProjects\eam-light-backend\eam-wshub-core\src\main\java\ch\cern\eam\wshub\core\services\workorders\entities\InforCase.java,ch.cern.eam.wshub.core.services.workorders.entities,InforCase,daterequested,309,,Date,@Transient
C:\Users\Seba\IdeaProjects\eam-light-backend\eam-wshub-core\src\main\java\ch\cern\eam\wshub\core\services\casemanagement\entities\EAMCaseManagement.java,ch.cern.eam.wshub.core.services.casemanagement.entities,EAMCaseManagement,dateReviewed,310,,Date,"@InforField(xpath = ""DATEREVIEWED"")"
C:\Users\Seba\IdeaProjects\eam-light-backend\eam-wshub-core\src\main\java\ch\cern\eam\wshub\core\services\userdefinedscreens\entities\UDTRow.java,ch.cern.eam.wshub.core.services.userdefinedscreens.entities,UDTRow,dates,311,,"HashMap<String,Date>",
C:\Users\Seba\IdeaProjects\eam-light-backend\eam-wshub-core\src\main\java\ch\cern\eam\wshub\core\services\workorders\entities\WorkOrderActivityChecklistItem.java,ch.cern.eam.wshub.core.services.workorders.entities,WorkOrderActivityChecklistItem,dateTime,312,,Date,@XmlJavaTypeAdapter(DateAdapter.class)
C:\Users\Seba\IdeaProjects\eam-light-backend\eam-wshub-core\src\main\java\ch\cern\eam\wshub\core\services\casemanagement\entities\EAMCaseManagement.java,ch.cern.eam.wshub.core.services.casemanagement.entities,EAMCaseManagement,dateUpdated,313,,Date,"@InforField(xpath = ""DATEUPDATED"")"
C:\Users\Seba\IdeaProjects\eam-light-backend\eam-wshub-core\src\main\java\ch\cern\eam\wshub\core\services\equipment\entities\EquipmentConfigurationEntity.java,ch.cern.eam.wshub.core.services.equipment.entities,EquipmentConfigurationEntity,dateUpdated,314,,Date,"@Transient, @InforField(xpath = ""ConfigurationDetails/DATEUPDATED"")"
C:\Users\Seba\IdeaProjects\eam-light-backend\eam-wshub-core\src\main\java\ch\cern\eam\wshub\core\services\equipment\entities\EquipmentGenerationEntity.java,ch.cern.eam.wshub.core.services.equipment.entities,EquipmentGenerationEntity,dateUpdated,315,,Date,@Transient
C:\Users\Seba\IdeaProjects\eam-light-backend\eam-wshub-core\src\main\java\ch\cern\eam\wshub\core\services\workorders\entities\InforCaseTask.java,ch.cern.eam.wshub.core.services.workorders.entities,InforCaseTask,dateUpdated,316,,Date,@Transient
C:\Users\Seba\IdeaProjects\eam-light-backend\eam-wshub-core\src\main\java\ch\cern\eam\wshub\core\services\userdefinedscreens\entities\UDLValue.java,ch.cern.eam.wshub.core.services.userdefinedscreens.entities,UDLValue,dateValue,317,,Date,
C:\Users\Seba\IdeaProjects\eam-light-backend\eam-wshub-core\src\main\java\ch\cern\eam\wshub\core\services\workorders\entities\LaborBooking.java,ch.cern.eam.wshub.core.services.workorders.entities,LaborBooking,dateWorked,318,,Date,"@Column(name = ""BOO_DATE""), @GridField(name = ""boodate"")"
C:\Users\Seba\IdeaProjects\eam-light-backend\eam-wshub-core\src\main\java\ch\cern\eam\wshub\core\services\grids\entities\GridField.java,ch.cern.eam.wshub.core.services.grids.entities,GridField,ddSpyId,319,,String,"@Column(name = ""DQF_DDSPYID"")"
C:\Users\Seba\IdeaProjects\eam-light-backend\eam-wshub-core\src\main\java\ch\cern\eam\wshub\core\services\userdefinedscreens\entities\UDTRow.java,ch.cern.eam.wshub.core.services.userdefinedscreens.entities,UDTRow,decimals,320,,"HashMap<String,BigDecimal>",
C:\Users\Seba\IdeaProjects\eam-light-backend\eam-wshub-core\src\main\java\ch\cern\eam\wshub\core\services\material\entities\PickTicket.java,ch.cern.eam.wshub.core.services.material.entities,PickTicket,defaultApproverCode,321,,String,"@InforField(xpath = ""DEFAULTAPPROVER/USERCODE"")"
C:\Users\Seba\IdeaProjects\eam-light-backend\eam-wshub-core\src\main\java\ch\cern\eam\wshub\core\services\material\entities\PartStore.java,ch.cern.eam.wshub.core.services.material.entities,PartStore,defaultBin,322,,String,
C:\Users\Seba\IdeaProjects\eam-light-backend\eam-wshub-core\src\main\java\ch\cern\eam\wshub\core\services\grids\entities\GridDataspy.java,ch.cern.eam.wshub.core.services.grids.entities,GridDataspy,defaultDataspy,323,,boolean,"@Column(name = ""default_ds""), @Convert(converter = BooleanTFConverter.class)"
C:\Users\Seba\IdeaProjects\eam-light-backend\eam-wshub-core\src\main\java\ch\cern\eam\wshub\core\services\material\entities\PartStore.java,ch.cern.eam.wshub.core.services.material.entities,PartStore,defaultReturnBin,324,,String,
C:\Users\Seba\IdeaProjects\eam-light-backend\eam-wshub-core\src\main\java\ch\cern\eam\wshub\core\services\material\entities\PickTicket.java,ch.cern.eam.wshub.core.services.material.entities,PickTicket,deliverPersonnelCode,325,399,String,"@InforField(xpath = ""DELIVERPERSONNEL/PERSONCODE""), @ManyToOne"
C:\Users\Seba\IdeaProjects\eam-light-backend\eam-wshub-core\src\main\java\ch\cern\eam\wshub\core\services\material\entities\PickTicket.java,ch.cern.eam.wshub.core.services.material.entities,PickTicket,deliveryAddressId,326,,String,"@InforField(xpath = ""DELIVERYADDRESSID/DELADDRESSCODE"")"
C:\Users\Seba\IdeaProjects\eam-light-backend\eam-wshub-core\src\main\java\ch\cern\eam\wshub\core\services\material\entities\PickTicket.java,ch.cern.eam.wshub.core.services.material.entities,PickTicket,deliverySupplierId,327,,String,"@InforField(xpath = ""DELIVERYSUPPLIERID/SUPPLIERCODE"")"
C:\Users\Seba\IdeaProjects\eam-light-backend\eam-wshub-core\src\main\java\ch\cern\eam\wshub\core\services\administration\entities\EAMUser.java,ch.cern.eam.wshub.core.services.administration.entities,EAMUser,department,328,827,String,"@Column(name = ""USR_MRC""), @InforField(xpath = ""DEPARTMENTCODE""), @ManyToOne"
C:\Users\Seba\IdeaProjects\eam-light-backend\eam-wshub-core\src\main\java\ch\cern\eam\wshub\core\services\equipment\entities\NonConformityObservation.java,ch.cern.eam.wshub.core.services.equipment.entities,NonConformityObservation,department,329,827,String,"@GridField(name = ""department""), @InforField(xpath = ""DEPARTMENTID/DEPARTMENTCODE""), @ManyToOne"
C:\Users\Seba\IdeaProjects\eam-light-backend\eam-wshub-core\src\main\java\ch\cern\eam\wshub\core\services\workorders\entities\Employee.java,ch.cern.eam.wshub.core.services.workorders.entities,Employee,department,330,827,String,"@Column(name = ""PER_UDFCHAR02""), @ManyToOne"
C:\Users\Seba\IdeaProjects\eam-light-backend\eam-wshub-core\src\main\java\ch\cern\eam\wshub\core\services\administration\entities\EAMUser.java,ch.cern.eam.wshub.core.services.administration.entities,EAMUser,departmentalSecurity,331,827,"Map<String,Department>","@Transient, @ManyToOne"
C:\Users\Seba\IdeaProjects\eam-light-backend\eam-wshub-core\src\main\java\ch\cern\eam\wshub\core\services\casemanagement\entities\EAMCaseManagement.java,ch.cern.eam.wshub.core.services.casemanagement.entities,EAMCaseManagement,departmentCode,332,827,String,"@InforField(xpath = ""DEPARTMENTID/DEPARTMENTCODE""), @ManyToOne"
C:\Users\Seba\IdeaProjects\eam-light-backend\eam-wshub-core\src\main\java\ch\cern\eam\wshub\core\services\equipment\entities\Equipment.java,ch.cern.eam.wshub.core.services.equipment.entities,Equipment,departmentCode,333,827,String,"@Transient, @InforField(xpath = ""DEPARTMENTID/DEPARTMENTCODE"", nullifyParentLevel = 1), @ManyToOne"
C:\Users\Seba\IdeaProjects\eam-light-backend\eam-wshub-core\src\main\java\ch\cern\eam\wshub\core\services\equipment\entities\EquipmentPMSchedule.java,ch.cern.eam.wshub.core.services.equipment.entities,EquipmentPMSchedule,departmentCode,334,827,String,"@Transient, @ManyToOne"
C:\Users\Seba\IdeaProjects\eam-light-backend\eam-wshub-core\src\main\java\ch\cern\eam\wshub\core\services\equipment\entities\Location.java,ch.cern.eam.wshub.core.services.equipment.entities,Location,departmentCode,335,827,String,"@Transient, @InforField(xpath = ""DEPARTMENTID/DEPARTMENTCODE""), @ManyToOne"
C:\Users\Seba\IdeaProjects\eam-light-backend\eam-wshub-core\src\main\java\ch\cern\eam\wshub\core\services\material\entities\IssueReturnPartTransaction.java,ch.cern.eam.wshub.core.services.material.entities,IssueReturnPartTransaction,departmentCode,336,827,String,@ManyToOne
C:\Users\Seba\IdeaProjects\eam-light-backend\eam-wshub-core\src\main\java\ch\cern\eam\wshub\core\services\workorders\entities\InforCase.java,ch.cern.eam.wshub.core.services.workorders.entities,InforCase,departmentCode,337,827,String,"@Transient, @ManyToOne"
C:\Users\Seba\IdeaProjects\eam-light-backend\eam-wshub-core\src\main\java\ch\cern\eam\wshub\core\services\workorders\entities\LaborBooking.java,ch.cern.eam.wshub.core.services.workorders.entities,LaborBooking,departmentCode,338,827,String,"@Column(name = ""BOO_MRC""), @GridField(name = ""department""), @ManyToOne"
C:\Users\Seba\IdeaProjects\eam-light-backend\eam-wshub-core\src\main\java\ch\cern\eam\wshub\core\services\workorders\entities\WorkOrder.java,ch.cern.eam.wshub.core.services.workorders.entities,WorkOrder,departmentCode,339,827,String,"@Column(name = ""EVT_MRC""), @InforField(xpath = ""DEPARTMENTID/DEPARTMENTCODE""), @ManyToOne"
C:\Users\Seba\IdeaProjects\eam-light-backend\eam-wshub-core\src\main\java\ch\cern\eam\wshub\core\services\equipment\entities\Equipment.java,ch.cern.eam.wshub.core.services.equipment.entities,Equipment,departmentDesc,340,827,String,"@Transient, @InforField(xpath = ""DEPARTMENTID/DESCRIPTION"", nullifyParentLevel = 0), @ManyToOne"
C:\Users\Seba\IdeaProjects\eam-light-backend\eam-wshub-core\src\main\java\ch\cern\eam\wshub\core\services\equipment\entities\Location.java,ch.cern.eam.wshub.core.services.equipment.entities,Location,departmentDesc,341,827,String,"@Transient, @InforField(xpath = ""DEPARTMENTID/DESCRIPTION""), @ManyToOne"
C:\Users\Seba\IdeaProjects\eam-light-backend\eam-wshub-core\src\main\java\ch\cern\eam\wshub\core\services\workorders\entities\InforCase.java,ch.cern.eam.wshub.core.services.workorders.entities,InforCase,departmentDesc,342,827,String,"@Transient, @ManyToOne"
C:\Users\Seba\IdeaProjects\eam-light-backend\eam-wshub-core\src\main\java\ch\cern\eam\wshub\core\services\workorders\entities\WorkOrder.java,ch.cern.eam.wshub.core.services.workorders.entities,WorkOrder,departmentDesc,343,827,String,"@Transient, @InforField(xpath = ""DEPARTMENTID/DESCRIPTION"", readOnly = true), @ManyToOne"
C:\Users\Seba\IdeaProjects\eam-light-backend\eam-wshub-core\src\main\java\ch\cern\eam\wshub\core\services\workorders\entities\WorkOrder.java,ch.cern.eam.wshub.core.services.workorders.entities,WorkOrder,departmentOrganization,344,827,String,"@Transient, @InforField(xpath = ""DEPARTMENTID/ORGANIZATIONID/ORGANIZATIONCODE""), @ManyToOne"
C:\Users\Seba\IdeaProjects\eam-light-backend\eam-wshub-core\src\main\java\ch\cern\eam\wshub\core\services\grids\entities\GridRequest.java,ch.cern.eam.wshub.core.services.grids.entities,GridRequest,departmentSecurityGridColumn,345,827,String,@ManyToOne
C:\Users\Seba\IdeaProjects\eam-light-backend\eam-wshub-core\src\main\java\ch\cern\eam\wshub\core\services\workorders\entities\WorkOrder.java,ch.cern.eam.wshub.core.services.workorders.entities,WorkOrder,depend,346,,Boolean,"@Transient, @InforField(xpath = ""DEPEND"", booleanType = BooleanType.TRUE_FALSE)"
C:\Users\Seba\IdeaProjects\eam-light-backend\eam-wshub-core\src\main\java\ch\cern\eam\wshub\core\services\equipment\entities\EquipmentStructure.java,ch.cern.eam.wshub.core.services.equipment.entities,EquipmentStructure,dependent,347,,Boolean,
C:\Users\Seba\IdeaProjects\eam-light-backend\eam-wshub-core\src\main\java\ch\cern\eam\wshub\core\services\equipment\entities\EquipmentDepreciation.java,ch.cern.eam.wshub.core.services.equipment.entities,EquipmentDepreciation,depreciationCategory,348,105,String,"@Transient, @ManyToOne"
C:\Users\Seba\IdeaProjects\eam-light-backend\eam-wshub-core\src\main\java\ch\cern\eam\wshub\core\services\equipment\entities\EquipmentDepreciation.java,ch.cern.eam.wshub.core.services.equipment.entities,EquipmentDepreciation,depreciationMethod,349,,String,@Transient
C:\Users\Seba\IdeaProjects\eam-light-backend\eam-wshub-core\src\main\java\ch\cern\eam\wshub\core\services\equipment\entities\EquipmentDepreciation.java,ch.cern.eam.wshub.core.services.equipment.entities,EquipmentDepreciation,depreciationPK,350,,BigDecimal,"@Id, @Column(name = ""OBD_PK"")"
C:\Users\Seba\IdeaProjects\eam-light-backend\eam-wshub-core\src\main\java\ch\cern\eam\wshub\core\services\equipment\entities\EquipmentDepreciation.java,ch.cern.eam.wshub.core.services.equipment.entities,EquipmentDepreciation,depreciationType,351,,String,@Transient
C:\Users\Seba\IdeaProjects\eam-light-backend\eam-wshub-core\src\main\java\ch\cern\eam\wshub\core\services\entities\Entity.java,ch.cern.eam.wshub.core.services.entities,Entity,desc,352,,String,
C:\Users\Seba\IdeaProjects\eam-light-backend\eam-wshub-core\src\main\java\ch\cern\eam\wshub\core\services\entities\Pair.java,ch.cern.eam.wshub.core.services.entities,Pair,desc,353,,String,
C:\Users\Seba\IdeaProjects\eam-light-backend\eam-wshub-core\src\main\java\ch\cern\eam\wshub\core\services\equipment\entities\Node.java,ch.cern.eam.wshub.core.services.equipment.entities,Node,desc,354,,String,
C:\Users\Seba\IdeaProjects\eam-light-backend\eam-wshub-core\src\main\java\ch\cern\eam\wshub\core\services\workorders\entities\Finding.java,ch.cern.eam.wshub.core.services.workorders.entities,Finding,desc,355,,String,"@Column(name = ""FND_DESC"")"
C:\Users\Seba\IdeaProjects\eam-light-backend\eam-wshub-core\src\main\java\ch\cern\eam\wshub\core\services\workorders\entities\WorkOrderActivityChecklistItem.java,ch.cern.eam.wshub.core.services.workorders.entities,WorkOrderActivityChecklistItem,desc,356,,String,
C:\Users\Seba\IdeaProjects\eam-light-backend\eam-wshub-core\src\main\java\ch\cern\eam\wshub\core\services\documents\entities\InforDocument.java,ch.cern.eam.wshub.core.services.documents.entities,InforDocument,description,357,,String,"@Column(name = ""DOC_DESC"")"
C:\Users\Seba\IdeaProjects\eam-light-backend\eam-wshub-core\src\main\java\ch\cern\eam\wshub\core\services\equipment\entities\Category.java,ch.cern.eam.wshub.core.services.equipment.entities,Category,description,358,,String,"@Column(name = ""OBJ_DESC""), @InforField(xpath = ""CATEGORYID/DESCRIPTION"")"
C:\Users\Seba\IdeaProjects\eam-light-backend\eam-wshub-core\src\main\java\ch\cern\eam\wshub\core\services\equipment\entities\Equipment.java,ch.cern.eam.wshub.core.services.equipment.entities,Equipment,description,359,,String,"@Column(name = ""OBJ_DESC""), @InforField(xpath = { ""ASSETID/DESCRIPTION"", ""POSITIONID/DESCRIPTION"", ""SYSTEMID/DESCRIPTION"" }, readOnly = true)"
C:\Users\Seba\IdeaProjects\eam-light-backend\eam-wshub-core\src\main\java\ch\cern\eam\wshub\core\services\equipment\entities\EquipmentGenerationEntity.java,ch.cern.eam.wshub.core.services.equipment.entities,EquipmentGenerationEntity,description,360,,String,@Transient
C:\Users\Seba\IdeaProjects\eam-light-backend\eam-wshub-core\src\main\java\ch\cern\eam\wshub\core\services\equipment\entities\LinearReference.java,ch.cern.eam.wshub.core.services.equipment.entities,LinearReference,description,361,,String,
C:\Users\Seba\IdeaProjects\eam-light-backend\eam-wshub-core\src\main\java\ch\cern\eam\wshub\core\services\equipment\entities\Location.java,ch.cern.eam.wshub.core.services.equipment.entities,Location,description,362,,String,"@Column(name = ""OBJ_DESC""), @InforField(xpath = ""LOCATIONID/DESCRIPTION"")"
C:\Users\Seba\IdeaProjects\eam-light-backend\eam-wshub-core\src\main\java\ch\cern\eam\wshub\core\services\equipment\entities\NonConformityObservation.java,ch.cern.eam.wshub.core.services.equipment.entities,NonConformityObservation,description,363,,String,"@GridField(name = ""description""), @InforField(xpath = ""NONCONFORMITYID/DESCRIPTION"")"
C:\Users\Seba\IdeaProjects\eam-light-backend\eam-wshub-core\src\main\java\ch\cern\eam\wshub\core\services\grids\customfields\DataspyCustomField.java,ch.cern.eam.wshub.core.services.grids.customfields,DataspyCustomField,description,364,,String,@Transient
C:\Users\Seba\IdeaProjects\eam-light-backend\eam-wshub-core\src\main\java\ch\cern\eam\wshub\core\services\material\entities\BuildKitPartParam.java,ch.cern.eam.wshub.core.services.material.entities,BuildKitPartParam,Description,365,,String,
C:\Users\Seba\IdeaProjects\eam-light-backend\eam-wshub-core\src\main\java\ch\cern\eam\wshub\core\services\material\entities\NoPoReceipt.java,ch.cern.eam.wshub.core.services.material.entities,NoPoReceipt,description,366,,String,"@InforField(xpath = ""TRANSACTIONID/DESCRIPTION"")"
C:\Users\Seba\IdeaProjects\eam-light-backend\eam-wshub-core\src\main\java\ch\cern\eam\wshub\core\services\material\entities\Part.java,ch.cern.eam.wshub.core.services.material.entities,Part,description,367,,String,"@Column(name = ""PAR_DESC""), @InforField(xpath = ""PARTID/DESCRIPTION"")"
C:\Users\Seba\IdeaProjects\eam-light-backend\eam-wshub-core\src\main\java\ch\cern\eam\wshub\core\services\material\entities\PhysicalInventory.java,ch.cern.eam.wshub.core.services.material.entities,PhysicalInventory,description,368,,String,"@Column(name = ""TRA_DESC""), @InforField(xpath = ""TRANSACTIONID/DESCRIPTION"")"
C:\Users\Seba\IdeaProjects\eam-light-backend\eam-wshub-core\src\main\java\ch\cern\eam\wshub\core\services\material\entities\PickTicket.java,ch.cern.eam.wshub.core.services.material.entities,PickTicket,description,369,,String,"@InforField(xpath = ""PICKLISTID/PICKLISTDESC"")"
C:\Users\Seba\IdeaProjects\eam-light-backend\eam-wshub-core\src\main\java\ch\cern\eam\wshub\core\services\material\entities\Store2StoreTransferDTO.java,ch.cern.eam.wshub.core.services.material.entities,Store2StoreTransferDTO,description,370,,String,"@InforField(xpath = ""DESCRIPTION"")"
C:\Users\Seba\IdeaProjects\eam-light-backend\eam-wshub-core\src\main\java\ch\cern\eam\wshub\core\services\workorders\entities\Employee.java,ch.cern.eam.wshub.core.services.workorders.entities,Employee,description,371,,String,"@Column(name = ""PER_DESC""), @InforField(xpath = ""EMPLOYEEID/DESCRIPTION"", readOnly = true)"
C:\Users\Seba\IdeaProjects\eam-light-backend\eam-wshub-core\src\main\java\ch\cern\eam\wshub\core\services\workorders\entities\InforCase.java,ch.cern.eam.wshub.core.services.workorders.entities,InforCase,description,372,,String,"@Column(name = ""CSM_DESC"")"
C:\Users\Seba\IdeaProjects\eam-light-backend\eam-wshub-core\src\main\java\ch\cern\eam\wshub\core\services\workorders\entities\InforCaseTask.java,ch.cern.eam.wshub.core.services.workorders.entities,InforCaseTask,description,373,,String,"@Column(name = ""TCM_DESC"")"
C:\Users\Seba\IdeaProjects\eam-light-backend\eam-wshub-core\src\main\java\ch\cern\eam\wshub\core\services\workorders\entities\WorkOrder.java,ch.cern.eam.wshub.core.services.workorders.entities,WorkOrder,description,374,,String,"@Column(name = ""EVT_DESC""), @InforField(xpath = ""WORKORDERID/DESCRIPTION"")"
C:\Users\Seba\IdeaProjects\eam-light-backend\eam-wshub-core\src\main\java\ch\cern\eam\wshub\core\services\workorders\entities\MeterReading.java,ch.cern.eam.wshub.core.services.workorders.entities,MeterReading,differenceValue,375,,BigDecimal,
C:\Users\Seba\IdeaProjects\eam-light-backend\eam-wshub-core\src\main\java\ch\cern\eam\wshub\core\services\equipment\entities\LinearReference.java,ch.cern.eam.wshub.core.services.equipment.entities,LinearReference,displayOnOverview,376,,String,
C:\Users\Seba\IdeaProjects\eam-light-backend\eam-wshub-core\src\main\java\ch\cern\eam\wshub\core\services\documents\entities\InforDocument.java,ch.cern.eam.wshub.core.services.documents.entities,InforDocument,docClass,377,,String,"@Column(name = ""DOC_CLASS"")"
C:\Users\Seba\IdeaProjects\eam-light-backend\eam-wshub-core\src\main\java\ch\cern\eam\wshub\core\services\workorders\entities\InforCase.java,ch.cern.eam.wshub.core.services.workorders.entities,InforCase,docecrNeedDetails,378,,String,@Transient
C:\Users\Seba\IdeaProjects\eam-light-backend\eam-wshub-core\src\main\java\ch\cern\eam\wshub\core\services\workorders\entities\InforCase.java,ch.cern.eam.wshub.core.services.workorders.entities,InforCase,docecrNeedReqFlag,379,,String,@Transient
C:\Users\Seba\IdeaProjects\eam-light-backend\eam-wshub-core\src\main\java\ch\cern\eam\wshub\core\services\workorders\entities\InforCase.java,ch.cern.eam.wshub.core.services.workorders.entities,InforCase,docsrrNeedDetails,380,,String,@Transient
C:\Users\Seba\IdeaProjects\eam-light-backend\eam-wshub-core\src\main\java\ch\cern\eam\wshub\core\services\workorders\entities\InforCase.java,ch.cern.eam.wshub.core.services.workorders.entities,InforCase,docsrrNeedReqFlag,381,,String,@Transient
C:\Users\Seba\IdeaProjects\eam-light-backend\eam-wshub-core\src\main\java\ch\cern\eam\wshub\core\services\documents\entities\InforDocument.java,ch.cern.eam.wshub.core.services.documents.entities,InforDocument,code,382,,String,"@Id, @Column(name = ""DOC_CODE"")"
C:\Users\Seba\IdeaProjects\eam-light-backend\eam-wshub-core\src\main\java\ch\cern\eam\wshub\core\services\documents\entities\InforDocEntity.java,ch.cern.eam.wshub.core.services.documents.entities,InforDocEntity,document,383,,String,"@Id, @Column(name = ""DAE_DOCUMENT"")"
C:\Users\Seba\IdeaProjects\eam-light-backend\eam-wshub-core\src\main\java\ch\cern\eam\wshub\core\services\documents\entities\InforDocEntityPK.java,ch.cern.eam.wshub.core.services.documents.entities,InforDocEntityPK,document,384,,String,
C:\Users\Seba\IdeaProjects\eam-light-backend\eam-wshub-core\src\main\java\ch\cern\eam\wshub\core\client\InforClient.java,ch.cern.eam.wshub.core.client,InforClient,documentsService,385,,DocumentsService,
C:\Users\Seba\IdeaProjects\eam-light-backend\eam-wshub-core\src\main\java\ch\cern\eam\wshub\core\services\equipment\entities\Equipment.java,ch.cern.eam.wshub.core.services.equipment.entities,Equipment,dormantEnd,386,,Date,"@Transient, @InforField(xpath = ""DORMANT/DORMANTEND"")"
C:\Users\Seba\IdeaProjects\eam-light-backend\eam-wshub-core\src\main\java\ch\cern\eam\wshub\core\services\equipment\entities\Equipment.java,ch.cern.eam.wshub.core.services.equipment.entities,Equipment,dormantReusePeriod,387,,String,"@Transient, @InforField(xpath = ""DORMANT/DORMANTREUSE"")"
C:\Users\Seba\IdeaProjects\eam-light-backend\eam-wshub-core\src\main\java\ch\cern\eam\wshub\core\services\equipment\entities\Equipment.java,ch.cern.eam.wshub.core.services.equipment.entities,Equipment,dormantStart,388,,Date,"@Transient, @InforField(xpath = ""DORMANT/DORMANTSTART"")"
C:\Users\Seba\IdeaProjects\eam-light-backend\eam-wshub-core\src\main\java\ch\cern\eam\wshub\core\services\casemanagement\entities\EAMCaseManagement.java,ch.cern.eam.wshub.core.services.casemanagement.entities,EAMCaseManagement,downtimecostvalue,389,,BigDecimal,"@InforField(xpath = ""RouteCauseAnalysisDetails/DOWNTIMECOSTVALUE"", nullifyParentLevel = 0)"
C:\Users\Seba\IdeaProjects\eam-light-backend\eam-wshub-core\src\main\java\ch\cern\eam\wshub\core\services\casemanagement\entities\EAMCaseManagement.java,ch.cern.eam.wshub.core.services.casemanagement.entities,EAMCaseManagement,downtimehours,390,,BigDecimal,"@InforField(xpath = ""RouteCauseAnalysisDetails/DOWNTIMEHOURS"", nullifyParentLevel = 0)"
C:\Users\Seba\IdeaProjects\eam-light-backend\eam-wshub-core\src\main\java\ch\cern\eam\wshub\core\services\workorders\entities\WorkOrder.java,ch.cern.eam.wshub.core.services.workorders.entities,WorkOrder,downtimeHours,391,,BigDecimal,"@Transient, @InforField(xpath = ""DOWNTIMEHOURS"")"
C:\Users\Seba\IdeaProjects\eam-light-backend\eam-wshub-core\src\main\java\ch\cern\eam\wshub\core\services\material\entities\PartManufacturer.java,ch.cern.eam.wshub.core.services.material.entities,PartManufacturer,drawingNumber,392,,String,"@InforField(xpath = ""MANUFACTURERDRAW"")"
C:\Users\Seba\IdeaProjects\eam-light-backend\eam-wshub-core\src\main\java\ch\cern\eam\wshub\core\services\equipment\entities\EquipmentPMSchedule.java,ch.cern.eam.wshub.core.services.equipment.entities,EquipmentPMSchedule,dueDate,393,,String,@Transient
C:\Users\Seba\IdeaProjects\eam-light-backend\eam-wshub-core\src\main\java\ch\cern\eam\wshub\core\services\workorders\entities\WorkOrder.java,ch.cern.eam.wshub.core.services.workorders.entities,WorkOrder,dueDate,394,,Date,"@Transient, @InforField(xpath = ""DUEDATE"")"
C:\Users\Seba\IdeaProjects\eam-light-backend\eam-wshub-core\src\main\java\ch\cern\eam\wshub\core\services\equipment\entities\EquipmentWarranty.java,ch.cern.eam.wshub.core.services.equipment.entities,EquipmentWarranty,duration,395,,String,@Transient
C:\Users\Seba\IdeaProjects\eam-light-backend\eam-wshub-core\src\main\java\ch\cern\eam\wshub\core\services\casemanagement\entities\EAMCaseManagement.java,ch.cern.eam.wshub.core.services.casemanagement.entities,EAMCaseManagement,email,396,,String,"@InforField(xpath = ""TrackingDetails/EMAIL"", nullifyParentLevel = 0)"
C:\Users\Seba\IdeaProjects\eam-light-backend\eam-wshub-core\src\main\java\ch\cern\eam\wshub\core\services\workorders\entities\Employee.java,ch.cern.eam.wshub.core.services.workorders.entities,Employee,email,397,,String,"@Column(name = ""PER_EMAILADDRESS""), @InforField(xpath = ""EMAIL"")"
C:\Users\Seba\IdeaProjects\eam-light-backend\eam-wshub-core\src\main\java\ch\cern\eam\wshub\core\services\administration\entities\EAMUser.java,ch.cern.eam.wshub.core.services.administration.entities,EAMUser,emailAddress,398,,String,"@Column(name = ""USR_EMAILADDRESS""), @InforField(xpath = ""EMAIL"")"
C:\Users\Seba\IdeaProjects\eam-light-backend\eam-wshub-core\src\main\java\ch\cern\eam\wshub\core\services\workorders\entities\Employee.java,ch.cern.eam.wshub.core.services.workorders.entities,Employee,code,399,,String,"@Id, @Column(name = ""PER_CODE""), @InforField(xpath = ""EMPLOYEEID/EMPLOYEECODE"")"
C:\Users\Seba\IdeaProjects\eam-light-backend\eam-wshub-core\src\main\java\ch\cern\eam\wshub\core\services\administration\entities\EAMUser.java,ch.cern.eam.wshub.core.services.administration.entities,EAMUser,employeeCode,400,399,String,"@Transient, @ManyToOne"
C:\Users\Seba\IdeaProjects\eam-light-backend\eam-wshub-core\src\main\java\ch\cern\eam\wshub\core\services\equipment\entities\NonConformityObservation.java,ch.cern.eam.wshub.core.services.equipment.entities,NonConformityObservation,employeeCode,401,399,String,"@GridField(name = ""recordedby""), @InforField(xpath = ""RECORDEDBY/EMPLOYEECODE""), @ManyToOne"
C:\Users\Seba\IdeaProjects\eam-light-backend\eam-wshub-core\src\main\java\ch\cern\eam\wshub\core\services\material\entities\IssueReturnPartTransaction.java,ch.cern.eam.wshub.core.services.material.entities,IssueReturnPartTransaction,employeeCode,402,399,String,@ManyToOne
C:\Users\Seba\IdeaProjects\eam-light-backend\eam-wshub-core\src\main\java\ch\cern\eam\wshub\core\services\workorders\entities\LaborBooking.java,ch.cern.eam.wshub.core.services.workorders.entities,LaborBooking,employeeCode,403,399,String,"@Column(name = ""BOO_PERSON""), @GridField(name = ""employee""), @ManyToOne"
C:\Users\Seba\IdeaProjects\eam-light-backend\eam-wshub-core\src\main\java\ch\cern\eam\wshub\core\services\administration\entities\EAMUser.java,ch.cern.eam.wshub.core.services.administration.entities,EAMUser,employeeDesc,404,399,String,"@Transient, @ManyToOne"
C:\Users\Seba\IdeaProjects\eam-light-backend\eam-wshub-core\src\main\java\ch\cern\eam\wshub\core\services\material\entities\IssueReturnPartTransaction.java,ch.cern.eam.wshub.core.services.material.entities,IssueReturnPartTransaction,employeeDesc,405,399,String,@ManyToOne
C:\Users\Seba\IdeaProjects\eam-light-backend\eam-wshub-core\src\main\java\ch\cern\eam\wshub\core\services\workorders\entities\LaborBooking.java,ch.cern.eam.wshub.core.services.workorders.entities,LaborBooking,employeeDesc,406,399,String,"@Column(name = ""PER_DESC""), @GridField(name = ""employeedesc""), @ManyToOne"
C:\Users\Seba\IdeaProjects\eam-light-backend\eam-wshub-core\src\main\java\ch\cern\eam\wshub\core\client\InforClient.java,ch.cern.eam.wshub.core.client,InforClient,employeeService,407,,EmployeeService,
C:\Users\Seba\IdeaProjects\eam-light-backend\eam-wshub-core\src\main\java\ch\cern\eam\wshub\core\services\workorders\entities\Activity.java,ch.cern.eam.wshub.core.services.workorders.entities,Activity,endDate,408,,Date,"@Transient, @GridField(name = ""actenddate""), @InforField(xpath = ""ACTIVITYENDDATE"")"
C:\Users\Seba\IdeaProjects\eam-light-backend\eam-wshub-core\src\main\java\ch\cern\eam\wshub\core\services\workorders\entities\LaborBooking.java,ch.cern.eam.wshub.core.services.workorders.entities,LaborBooking,endTime,409,,BigDecimal,"@Column(name = ""BOO_OFF"")"
C:\Users\Seba\IdeaProjects\eam-light-backend\eam-wshub-core\src\main\java\ch\cern\eam\wshub\core\services\documents\entities\InforDocEntity.java,ch.cern.eam.wshub.core.services.documents.entities,InforDocEntity,entity,410,,String,"@Id, @Column(name = ""DAE_RENTITY"")"
C:\Users\Seba\IdeaProjects\eam-light-backend\eam-wshub-core\src\main\java\ch\cern\eam\wshub\core\services\documents\entities\InforDocEntityPK.java,ch.cern.eam.wshub.core.services.documents.entities,InforDocEntityPK,entity,411,,String,
C:\Users\Seba\IdeaProjects\eam-light-backend\eam-wshub-core\src\main\java\ch\cern\eam\wshub\core\services\workorders\entities\WorkOrderActivityChecklistItem.java,ch.cern.eam.wshub.core.services.workorders.entities,WorkOrderActivityChecklistItem,entityClass,412,,String,
C:\Users\Seba\IdeaProjects\eam-light-backend\eam-wshub-core\src\main\java\ch\cern\eam\wshub\core\services\comments\entities\Comment.java,ch.cern.eam.wshub.core.services.comments.entities,Comment,entityCode,413,,String,
C:\Users\Seba\IdeaProjects\eam-light-backend\eam-wshub-core\src\main\java\ch\cern\eam\wshub\core\services\entities\CustomField.java,ch.cern.eam.wshub.core.services.entities,CustomField,entityCode,414,,String,
C:\Users\Seba\IdeaProjects\eam-light-backend\eam-wshub-core\src\main\java\ch\cern\eam\wshub\core\services\userdefinedscreens\entities\EntityId.java,ch.cern.eam.wshub.core.services.userdefinedscreens.entities,EntityId,entityCode,415,,String,
C:\Users\Seba\IdeaProjects\eam-light-backend\eam-wshub-core\src\main\java\ch\cern\eam\wshub\core\services\workorders\entities\WorkOrderActivityChecklistItem.java,ch.cern.eam.wshub.core.services.workorders.entities,WorkOrderActivityChecklistItem,entityCode,416,,String,
C:\Users\Seba\IdeaProjects\eam-light-backend\eam-wshub-core\src\main\java\ch\cern\eam\wshub\core\services\workorders\entities\WorkOrderActivityChecklistItem.java,ch.cern.eam.wshub.core.services.workorders.entities,WorkOrderActivityChecklistItem,entityCodeOrg,417,,String,
C:\Users\Seba\IdeaProjects\eam-light-backend\eam-wshub-core\src\main\java\ch\cern\eam\wshub\core\services\userdefinedscreens\entities\UDLEntryId.java,ch.cern.eam.wshub.core.services.userdefinedscreens.entities,UDLEntryId,entityId,418,,EntityId,
C:\Users\Seba\IdeaProjects\eam-light-backend\eam-wshub-core\src\main\java\ch\cern\eam\wshub\core\services\comments\entities\Comment.java,ch.cern.eam.wshub.core.services.comments.entities,Comment,entityKeyCode,419,,String,
C:\Users\Seba\IdeaProjects\eam-light-backend\eam-wshub-core\src\main\java\ch\cern\eam\wshub\core\services\userdefinedscreens\entities\EntityId.java,ch.cern.eam.wshub.core.services.userdefinedscreens.entities,EntityId,entityType,420,,String,
C:\Users\Seba\IdeaProjects\eam-light-backend\eam-wshub-core\src\main\java\ch\cern\eam\wshub\core\services\workorders\entities\WorkOrderActivityChecklistItem.java,ch.cern.eam.wshub.core.services.workorders.entities,WorkOrderActivityChecklistItem,entityType,421,,String,
C:\Users\Seba\IdeaProjects\eam-light-backend\eam-wshub-core\src\main\java\ch\cern\eam\wshub\core\services\userdefinedscreens\entities\xmlhashmap\BigDecimalHashMap.java,ch.cern.eam.wshub.core.services.userdefinedscreens.entities.xmlhashmap,BigDecimalHashMap,entries,422,,List<BigDecimalHashMapEntry>,
C:\Users\Seba\IdeaProjects\eam-light-backend\eam-wshub-core\src\main\java\ch\cern\eam\wshub\core\services\userdefinedscreens\entities\xmlhashmap\BigIntegerHashMap.java,ch.cern.eam.wshub.core.services.userdefinedscreens.entities.xmlhashmap,BigIntegerHashMap,entries,423,,List<BigIntegerHashMapEntry>,
C:\Users\Seba\IdeaProjects\eam-light-backend\eam-wshub-core\src\main\java\ch\cern\eam\wshub\core\services\userdefinedscreens\entities\xmlhashmap\DateHashMap.java,ch.cern.eam.wshub.core.services.userdefinedscreens.entities.xmlhashmap,DateHashMap,entries,424,,List<DateHashMapEntry>,
C:\Users\Seba\IdeaProjects\eam-light-backend\eam-wshub-core\src\main\java\ch\cern\eam\wshub\core\services\userdefinedscreens\entities\xmlhashmap\StringHashMap.java,ch.cern.eam.wshub.core.services.userdefinedscreens.entities.xmlhashmap,StringHashMap,entries,425,,List<StringHashMapEntry>,
C:\Users\Seba\IdeaProjects\eam-light-backend\eam-wshub-core\src\main\java\ch\cern\eam\wshub\core\services\userdefinedscreens\entities\xmlhashmap\XmlHashMap.java,ch.cern.eam.wshub.core.services.userdefinedscreens.entities.xmlhashmap,XmlHashMap,entries,426,,List<XmlHashMapEntry<T>>,
C:\Users\Seba\IdeaProjects\eam-light-backend\eam-wshub-core\src\main\java\ch\cern\eam\wshub\core\services\userdefinedscreens\entities\UDLEntry.java,ch.cern.eam.wshub.core.services.userdefinedscreens.entities,UDLEntry,entryId,427,,UDLEntryId,
C:\Users\Seba\IdeaProjects\eam-light-backend\eam-wshub-core\src\main\java\ch\cern\eam\wshub\core\services\equipment\entities\EquipmentCampaign.java,ch.cern.eam.wshub.core.services.equipment.entities,EquipmentCampaign,equipment,428,431,String,@ManyToOne
C:\Users\Seba\IdeaProjects\eam-light-backend\eam-wshub-core\src\main\java\ch\cern\eam\wshub\core\services\equipment\entities\EquipmentGenerationEntity.java,ch.cern.eam.wshub.core.services.equipment.entities,EquipmentGenerationEntity,equipmentAssignedToCode,429,431,String,"@Transient, @ManyToOne"
C:\Users\Seba\IdeaProjects\eam-light-backend\eam-wshub-core\src\main\java\ch\cern\eam\wshub\core\services\equipment\entities\EquipmentGenerationEntity.java,ch.cern.eam.wshub.core.services.equipment.entities,EquipmentGenerationEntity,equipmentAssignedToDesc,430,431,String,"@Transient, @ManyToOne"
C:\Users\Seba\IdeaProjects\eam-light-backend\eam-wshub-core\src\main\java\ch\cern\eam\wshub\core\services\equipment\entities\Equipment.java,ch.cern.eam.wshub.core.services.equipment.entities,Equipment,code,431,,String,"@Id, @Column(name = ""OBJ_CODE""), @InforField(xpath = { ""ASSETID/EQUIPMENTCODE"", ""POSITIONID/EQUIPMENTCODE"", ""SYSTEMID/EQUIPMENTCODE"" }, readOnly = true)"
C:\Users\Seba\IdeaProjects\eam-light-backend\eam-wshub-core\src\main\java\ch\cern\eam\wshub\core\services\casemanagement\entities\EAMCaseManagement.java,ch.cern.eam.wshub.core.services.casemanagement.entities,EAMCaseManagement,equipmentCode,432,431,String,"@InforField(xpath = ""EQUIPMENTID/EQUIPMENTCODE""), @ManyToOne"
C:\Users\Seba\IdeaProjects\eam-light-backend\eam-wshub-core\src\main\java\ch\cern\eam\wshub\core\services\equipment\entities\EquipmentDepreciation.java,ch.cern.eam.wshub.core.services.equipment.entities,EquipmentDepreciation,equipmentCode,433,431,String,"@Column(name = ""OBD_OBJECT""), @OneToOne"
C:\Users\Seba\IdeaProjects\eam-light-backend\eam-wshub-core\src\main\java\ch\cern\eam\wshub\core\services\equipment\entities\EquipmentGraphRequest.java,ch.cern.eam.wshub.core.services.equipment.entities,EquipmentGraphRequest,equipmentCode,434,431,String,@ManyToOne
C:\Users\Seba\IdeaProjects\eam-light-backend\eam-wshub-core\src\main\java\ch\cern\eam\wshub\core\services\equipment\entities\EquipmentPMSchedule.java,ch.cern.eam.wshub.core.services.equipment.entities,EquipmentPMSchedule,equipmentCode,435,431,String,"@Column(name = ""PPO_OBJECT""), @ManyToOne"
C:\Users\Seba\IdeaProjects\eam-light-backend\eam-wshub-core\src\main\java\ch\cern\eam\wshub\core\services\equipment\entities\EquipmentWarranty.java,ch.cern.eam.wshub.core.services.equipment.entities,EquipmentWarranty,equipmentCode,436,431,String,"@Column(name = ""WCV_OBJECT""), @ManyToOne"
C:\Users\Seba\IdeaProjects\eam-light-backend\eam-wshub-core\src\main\java\ch\cern\eam\wshub\core\services\equipment\entities\LinearReference.java,ch.cern.eam.wshub.core.services.equipment.entities,LinearReference,equipmentCode,437,431,String,@ManyToOne
C:\Users\Seba\IdeaProjects\eam-light-backend\eam-wshub-core\src\main\java\ch\cern\eam\wshub\core\services\equipment\entities\NonConformityObservation.java,ch.cern.eam.wshub.core.services.equipment.entities,NonConformityObservation,equipmentCode,438,431,String,"@GridField(name = ""equipment""), @InforField(xpath = ""EQUIPMENTID/EQUIPMENTCODE""), @ManyToOne"
C:\Users\Seba\IdeaProjects\eam-light-backend\eam-wshub-core\src\main\java\ch\cern\eam\wshub\core\services\material\entities\IssueReturnPartTransaction.java,ch.cern.eam.wshub.core.services.material.entities,IssueReturnPartTransaction,equipmentCode,439,431,String,@ManyToOne
C:\Users\Seba\IdeaProjects\eam-light-backend\eam-wshub-core\src\main\java\ch\cern\eam\wshub\core\services\material\entities\PartAssociation.java,ch.cern.eam.wshub.core.services.material.entities,PartAssociation,equipmentCode,440,431,String,"@Column(name = ""EPA_CODE""), @ManyToOne"
C:\Users\Seba\IdeaProjects\eam-light-backend\eam-wshub-core\src\main\java\ch\cern\eam\wshub\core\services\workorders\entities\InforCase.java,ch.cern.eam.wshub.core.services.workorders.entities,InforCase,equipmentCode,441,431,String,"@Transient, @ManyToOne"
C:\Users\Seba\IdeaProjects\eam-light-backend\eam-wshub-core\src\main\java\ch\cern\eam\wshub\core\services\workorders\entities\MeterReading.java,ch.cern.eam.wshub.core.services.workorders.entities,MeterReading,equipmentCode,442,431,String,"@InforField(xpath = ""TARGETEQUIPMENTID/EQUIPMENTCODE""), @ManyToOne"
C:\Users\Seba\IdeaProjects\eam-light-backend\eam-wshub-core\src\main\java\ch\cern\eam\wshub\core\services\workorders\entities\RouteEquipment.java,ch.cern.eam.wshub.core.services.workorders.entities,RouteEquipment,equipmentCode,443,431,String,"@Id, @Column(name = ""ROB_OBJECT""), @ManyToOne"
C:\Users\Seba\IdeaProjects\eam-light-backend\eam-wshub-core\src\main\java\ch\cern\eam\wshub\core\services\workorders\entities\RouteEquipment.java,ch.cern.eam.wshub.core.services.workorders.entities,RouteEquipmentPK,equipmentCode,444,431,String,@ManyToOne
C:\Users\Seba\IdeaProjects\eam-light-backend\eam-wshub-core\src\main\java\ch\cern\eam\wshub\core\services\workorders\entities\WorkOrder.java,ch.cern.eam.wshub.core.services.workorders.entities,WorkOrder,equipmentCode,445,431,String,"@Column(name = ""EVT_OBJECT""), @InforField(xpath = ""EQUIPMENTID/EQUIPMENTCODE""), @ManyToOne"
C:\Users\Seba\IdeaProjects\eam-light-backend\eam-wshub-core\src\main\java\ch\cern\eam\wshub\core\services\workorders\entities\WorkOrderActivityChecklistItem.java,ch.cern.eam.wshub.core.services.workorders.entities,WorkOrderActivityChecklistItem,equipmentCode,446,431,String,@ManyToOne
C:\Users\Seba\IdeaProjects\eam-light-backend\eam-wshub-core\src\main\java\ch\cern\eam\wshub\core\services\material\entities\NoPoReceiptPart.java,ch.cern.eam.wshub.core.services.material.entities,NoPoReceiptPart,asset,40,431,String,"@GridField(name = ""assetid""), @InforField(xpath = ""ASSETID/EQUIPMENTCODE""), @ManyToOne"
C:\Users\Seba\IdeaProjects\eam-light-backend\eam-wshub-core\src\main\java\ch\cern\eam\wshub\core\services\material\entities\BuildKitPartParam.java,ch.cern.eam.wshub.core.services.material.entities,BuildKitPartParam,assetCode,41,431,String,@ManyToOne
C:\Users\Seba\IdeaProjects\eam-light-backend\eam-wshub-core\src\main\java\ch\cern\eam\wshub\core\services\material\entities\PartStock.java,ch.cern.eam.wshub.core.services.material.entities,PartStock,assetCode,42,431,String,"@GridField(name = ""bisassetid""), @ManyToOne"
C:\Users\Seba\IdeaProjects\eam-light-backend\eam-wshub-core\src\main\java\ch\cern\eam\wshub\core\services\material\entities\PickTicket.java,ch.cern.eam.wshub.core.services.material.entities,PickTicket,assetCode,43,431,String,"@InforField(xpath = ""ASSETID/EQUIPMENTCODE""), @ManyToOne"
C:\Users\Seba\IdeaProjects\eam-light-backend\eam-wshub-core\src\main\java\ch\cern\eam\wshub\core\services\material\entities\StoreTransactionPartLine.java,ch.cern.eam.wshub.core.services.material.entities,StoreTransactionPartLine,assetCode,44,431,String,"@InforField(xpath = ""ASSETID/EQUIPMENTCODE""), @ManyToOne"
C:\Users\Seba\IdeaProjects\eam-light-backend\eam-wshub-core\src\main\java\ch\cern\eam\wshub\core\services\equipment\entities\EquipmentConfigurationEntity.java,ch.cern.eam.wshub.core.services.equipment.entities,EquipmentConfigurationEntity,equipmentConfigCode,447,431,String,"@Transient, @InforField(xpath = ""EQUIPMENTCONFIGURATIONID/EQUIPMENTCONFIGURATIONCODE""), @ManyToOne"
C:\Users\Seba\IdeaProjects\eam-light-backend\eam-wshub-core\src\main\java\ch\cern\eam\wshub\core\services\equipment\entities\EquipmentConfigurationEntity.java,ch.cern.eam.wshub.core.services.equipment.entities,EquipmentConfigurationEntity,equipmentConfigDesc,448,431,String,"@Transient, @InforField(xpath = ""EQUIPMENTCONFIGURATIONID/DESCRIPTION""), @ManyToOne"
C:\Users\Seba\IdeaProjects\eam-light-backend\eam-wshub-core\src\main\java\ch\cern\eam\wshub\core\services\equipment\entities\EquipmentConfigurationEntity.java,ch.cern.eam.wshub.core.services.equipment.entities,EquipmentConfigurationEntity,equipmentConfigStatusCode,449,431,String,"@Transient, @InforField(xpath = ""EQUIPMENTCONFIGSTATUS/STATUSCODE""), @ManyToOne"
C:\Users\Seba\IdeaProjects\eam-light-backend\eam-wshub-core\src\main\java\ch\cern\eam\wshub\core\services\equipment\entities\EquipmentConfigurationEntity.java,ch.cern.eam.wshub.core.services.equipment.entities,EquipmentConfigurationEntity,equipmentConfigStatusDesc,450,431,String,"@Transient, @InforField(xpath = ""EQUIPMENTCONFIGSTATUS/DESCRIPTION"", readOnly = true), @ManyToOne"
C:\Users\Seba\IdeaProjects\eam-light-backend\eam-wshub-core\src\main\java\ch\cern\eam\wshub\core\services\equipment\entities\EquipmentGenerationEntity.java,ch.cern.eam.wshub.core.services.equipment.entities,EquipmentGenerationEntity,equipmentConfigurationCode,451,431,String,"@Transient, @ManyToOne"
C:\Users\Seba\IdeaProjects\eam-light-backend\eam-wshub-core\src\main\java\ch\cern\eam\wshub\core\services\equipment\entities\EquipmentGenerationEntity.java,ch.cern.eam.wshub.core.services.equipment.entities,EquipmentGenerationEntity,equipmentConfigurationDesc,452,431,String,"@Transient, @ManyToOne"
C:\Users\Seba\IdeaProjects\eam-light-backend\eam-wshub-core\src\main\java\ch\cern\eam\wshub\core\client\InforClient.java,ch.cern.eam.wshub.core.client,InforClient,equipmentConfigurationService,453,,EquipmentConfigurationService,
C:\Users\Seba\IdeaProjects\eam-light-backend\eam-wshub-core\src\main\java\ch\cern\eam\wshub\core\services\equipment\entities\EquipmentGenerationEntity.java,ch.cern.eam.wshub.core.services.equipment.entities,EquipmentGenerationEntity,equipmentCostCode,454,431,String,"@Transient, @ManyToOne"
C:\Users\Seba\IdeaProjects\eam-light-backend\eam-wshub-core\src\main\java\ch\cern\eam\wshub\core\services\equipment\entities\EquipmentGenerationEntity.java,ch.cern.eam.wshub.core.services.equipment.entities,EquipmentGenerationEntity,equipmentCostCodeDesc,455,431,String,"@Transient, @ManyToOne"
C:\Users\Seba\IdeaProjects\eam-light-backend\eam-wshub-core\src\main\java\ch\cern\eam\wshub\core\services\equipment\entities\EquipmentGenerationEntity.java,ch.cern.eam.wshub.core.services.equipment.entities,EquipmentGenerationEntity,equipmentDepartmentCode,456,827,String,"@Transient, @ManyToOne"
C:\Users\Seba\IdeaProjects\eam-light-backend\eam-wshub-core\src\main\java\ch\cern\eam\wshub\core\services\equipment\entities\EquipmentGenerationEntity.java,ch.cern.eam.wshub.core.services.equipment.entities,EquipmentGenerationEntity,equipmentDepartmentDesc,457,827,String,"@Transient, @ManyToOne"
C:\Users\Seba\IdeaProjects\eam-light-backend\eam-wshub-core\src\main\java\ch\cern\eam\wshub\core\services\material\entities\IssueReturnPartTransaction.java,ch.cern.eam.wshub.core.services.material.entities,IssueReturnPartTransaction,equipmentDesc,458,431,String,@ManyToOne
C:\Users\Seba\IdeaProjects\eam-light-backend\eam-wshub-core\src\main\java\ch\cern\eam\wshub\core\services\workorders\entities\InforCase.java,ch.cern.eam.wshub.core.services.workorders.entities,InforCase,equipmentDesc,459,431,String,"@Transient, @ManyToOne"
C:\Users\Seba\IdeaProjects\eam-light-backend\eam-wshub-core\src\main\java\ch\cern\eam\wshub\core\services\workorders\entities\WorkOrder.java,ch.cern.eam.wshub.core.services.workorders.entities,WorkOrder,equipmentDesc,460,431,String,"@Transient, @InforField(xpath = ""EQUIPMENTID/DESCRIPTION"", readOnly = true), @ManyToOne"
C:\Users\Seba\IdeaProjects\eam-light-backend\eam-wshub-core\src\main\java\ch\cern\eam\wshub\core\services\workorders\entities\WorkOrderActivityChecklistItem.java,ch.cern.eam.wshub.core.services.workorders.entities,WorkOrderActivityChecklistItem,equipmentDesc,461,431,String,@ManyToOne
C:\Users\Seba\IdeaProjects\eam-light-backend\eam-wshub-core\src\main\java\ch\cern\eam\wshub\core\client\InforClient.java,ch.cern.eam.wshub.core.client,InforClient,equipmentFacadeService,462,,EquipmentFacadeService,
C:\Users\Seba\IdeaProjects\eam-light-backend\eam-wshub-core\src\main\java\ch\cern\eam\wshub\core\services\equipment\entities\Equipment.java,ch.cern.eam.wshub.core.services.equipment.entities,Equipment,equipmentFilter,463,431,String,"@Transient, @InforField(xpath = ""CHECKLISTFILTER""), @ManyToOne"
C:\Users\Seba\IdeaProjects\eam-light-backend\eam-wshub-core\src\main\java\ch\cern\eam\wshub\core\services\equipment\entities\EquipmentGenerationEntity.java,ch.cern.eam.wshub.core.services.equipment.entities,EquipmentGenerationEntity,equipmentGenerationCode,464,431,String,"@Transient, @ManyToOne"
C:\Users\Seba\IdeaProjects\eam-light-backend\eam-wshub-core\src\main\java\ch\cern\eam\wshub\core\services\equipment\entities\EquipmentGenerationEntity.java,ch.cern.eam.wshub.core.services.equipment.entities,EquipmentGenerationEntity,equipmentGenerationDesc,465,431,String,"@Transient, @ManyToOne"
C:\Users\Seba\IdeaProjects\eam-light-backend\eam-wshub-core\src\main\java\ch\cern\eam\wshub\core\client\InforClient.java,ch.cern.eam.wshub.core.client,InforClient,equipmentGenerationService,466,,EquipmentGenerationService,
C:\Users\Seba\IdeaProjects\eam-light-backend\eam-wshub-core\src\main\java\ch\cern\eam\wshub\core\services\casemanagement\entities\EAMCaseManagement.java,ch.cern.eam.wshub.core.services.casemanagement.entities,EAMCaseManagement,equipmentLength,467,431,BigDecimal,"@InforField(xpath = ""LinearReferenceDetails/EQUIPMENTLENGTH"", nullifyParentLevel = 0), @ManyToOne"
C:\Users\Seba\IdeaProjects\eam-light-backend\eam-wshub-core\src\main\java\ch\cern\eam\wshub\core\services\equipment\entities\EquipmentGenerationEntity.java,ch.cern.eam.wshub.core.services.equipment.entities,EquipmentGenerationEntity,equipmentLocationCode,468,679,String,"@Transient, @ManyToOne"
C:\Users\Seba\IdeaProjects\eam-light-backend\eam-wshub-core\src\main\java\ch\cern\eam\wshub\core\services\equipment\entities\EquipmentGenerationEntity.java,ch.cern.eam.wshub.core.services.equipment.entities,EquipmentGenerationEntity,equipmentLocationDesc,469,431,String,"@Transient, @ManyToOne"
C:\Users\Seba\IdeaProjects\eam-light-backend\eam-wshub-core\src\main\java\ch\cern\eam\wshub\core\client\InforClient.java,ch.cern.eam.wshub.core.client,InforClient,equipmentMeterReadingService,470,,EquipmentMeterReadingService,
C:\Users\Seba\IdeaProjects\eam-light-backend\eam-wshub-core\src\main\java\ch\cern\eam\wshub\core\services\equipment\entities\NonConformityObservation.java,ch.cern.eam.wshub.core.services.equipment.entities,NonConformityObservation,equipmentOrg,471,431,String,"@GridField(name = ""equipmentorg""), @InforField(xpath = ""EQUIPMENTID/ORGANIZATIONID/ORGANIZATIONCODE""), @ManyToOne"
C:\Users\Seba\IdeaProjects\eam-light-backend\eam-wshub-core\src\main\java\ch\cern\eam\wshub\core\services\workorders\entities\MeterReading.java,ch.cern.eam.wshub.core.services.workorders.entities,MeterReading,equipmentOrganization,472,431,String,"@InforField(xpath = ""TARGETEQUIPMENTID/ORGANIZATIONID/ORGANIZATIONCODE""), @ManyToOne"
C:\Users\Seba\IdeaProjects\eam-light-backend\eam-wshub-core\src\main\java\ch\cern\eam\wshub\core\services\workorders\entities\WorkOrder.java,ch.cern.eam.wshub.core.services.workorders.entities,WorkOrder,equipmentOrganization,473,431,String,"@Column(name = ""EVT_OBJECT_ORG""), @InforField(xpath = ""EQUIPMENTID/ORGANIZATIONID/ORGANIZATIONCODE""), @ManyToOne"
C:\Users\Seba\IdeaProjects\eam-light-backend\eam-wshub-core\src\main\java\ch\cern\eam\wshub\core\client\InforClient.java,ch.cern.eam.wshub.core.client,InforClient,equipmentOtherService,474,,EquipmentOtherService,
C:\Users\Seba\IdeaProjects\eam-light-backend\eam-wshub-core\src\main\java\ch\cern\eam\wshub\core\services\equipment\entities\EquipmentConfigurationEntity.java,ch.cern.eam.wshub.core.services.equipment.entities,EquipmentConfigurationEntity,equipmentPrefix,475,431,String,"@Transient, @InforField(xpath = ""EquipmentGenerationDetails/EQUIPMENTPREFIX""), @ManyToOne"
C:\Users\Seba\IdeaProjects\eam-light-backend\eam-wshub-core\src\main\java\ch\cern\eam\wshub\core\client\InforClient.java,ch.cern.eam.wshub.core.client,InforClient,equipmentReservationAdjustmentService,476,,EquipmentReservationAdjustmentService,@Setter
C:\Users\Seba\IdeaProjects\eam-light-backend\eam-wshub-core\src\main\java\ch\cern\eam\wshub\core\client\InforClient.java,ch.cern.eam.wshub.core.client,InforClient,equipmentReservationService,477,,EquipmentReservationService,
C:\Users\Seba\IdeaProjects\eam-light-backend\eam-wshub-core\src\main\java\ch\cern\eam\wshub\core\services\equipment\entities\EquipmentConfigurationEntity.java,ch.cern.eam.wshub.core.services.equipment.entities,EquipmentConfigurationEntity,equipmentSequenceLength,478,431,BigInteger,"@Transient, @InforField(xpath = ""EquipmentGenerationDetails/SEQUENCELENGTH""), @ManyToOne"
C:\Users\Seba\IdeaProjects\eam-light-backend\eam-wshub-core\src\main\java\ch\cern\eam\wshub\core\services\equipment\entities\EquipmentConfigurationEntity.java,ch.cern.eam.wshub.core.services.equipment.entities,EquipmentConfigurationEntity,equipmentStatusCode,479,431,String,"@Transient, @InforField(xpath = ""EquipmentGenerationDetails/STATUS/STATUSCODE""), @ManyToOne"
C:\Users\Seba\IdeaProjects\eam-light-backend\eam-wshub-core\src\main\java\ch\cern\eam\wshub\core\services\equipment\entities\EquipmentGenerationEntity.java,ch.cern.eam.wshub.core.services.equipment.entities,EquipmentGenerationEntity,equipmentStatusCode,480,431,String,"@Transient, @ManyToOne"
C:\Users\Seba\IdeaProjects\eam-light-backend\eam-wshub-core\src\main\java\ch\cern\eam\wshub\core\services\equipment\entities\EquipmentConfigurationEntity.java,ch.cern.eam.wshub.core.services.equipment.entities,EquipmentConfigurationEntity,equipmentStatusDesc,481,431,String,"@Transient, @InforField(xpath = ""EquipmentGenerationDetails/STATUS/DESCRIPTION"", readOnly = true), @ManyToOne"
C:\Users\Seba\IdeaProjects\eam-light-backend\eam-wshub-core\src\main\java\ch\cern\eam\wshub\core\services\equipment\entities\EquipmentGenerationEntity.java,ch.cern.eam.wshub.core.services.equipment.entities,EquipmentGenerationEntity,equipmentStatusDesc,482,431,String,"@Transient, @ManyToOne"
C:\Users\Seba\IdeaProjects\eam-light-backend\eam-wshub-core\src\main\java\ch\cern\eam\wshub\core\client\InforClient.java,ch.cern.eam.wshub.core.client,InforClient,equipmentStructureService,483,,EquipmentStructureService,
C:\Users\Seba\IdeaProjects\eam-light-backend\eam-wshub-core\src\main\java\ch\cern\eam\wshub\core\services\equipment\entities\EquipmentConfigurationEntity.java,ch.cern.eam.wshub.core.services.equipment.entities,EquipmentConfigurationEntity,equipmentSuffix,484,431,String,"@Transient, @InforField(xpath = ""EquipmentGenerationDetails/EQUIPMENTSUFFIX""), @ManyToOne"
C:\Users\Seba\IdeaProjects\eam-light-backend\eam-wshub-core\src\main\java\ch\cern\eam\wshub\core\services\equipment\entities\EquipmentConfigurationEntity.java,ch.cern.eam.wshub.core.services.equipment.entities,EquipmentConfigurationEntity,equipmentTypeCode,485,431,String,"@Transient, @InforField(xpath = ""TYPE/TYPECODE""), @ManyToOne"
C:\Users\Seba\IdeaProjects\eam-light-backend\eam-wshub-core\src\main\java\ch\cern\eam\wshub\core\services\equipment\entities\EquipmentConfigurationEntity.java,ch.cern.eam.wshub.core.services.equipment.entities,EquipmentConfigurationEntity,equipmentTypeDesc,486,431,String,"@Transient, @InforField(xpath = ""TYPE/DESCRIPTION""), @ManyToOne"
C:\Users\Seba\IdeaProjects\eam-light-backend\eam-wshub-core\src\main\java\ch\cern\eam\wshub\core\services\equipment\entities\Equipment.java,ch.cern.eam.wshub.core.services.equipment.entities,Equipment,equipmentValue,487,431,BigDecimal,"@Transient, @InforField(xpath = ""ASSETVALUE""), @ManyToOne"
C:\Users\Seba\IdeaProjects\eam-light-backend\eam-wshub-core\src\main\java\ch\cern\eam\wshub\core\services\equipment\entities\EquipmentConfigurationEntity.java,ch.cern.eam.wshub.core.services.equipment.entities,EquipmentConfigurationEntity,equipmentValue,488,431,BigDecimal,"@Transient, @InforField(xpath = ""ConfigurationDetails/ASSETVALUE""), @ManyToOne"
C:\Users\Seba\IdeaProjects\eam-light-backend\eam-wshub-core\src\main\java\ch\cern\eam\wshub\core\client\InforClient.java,ch.cern.eam.wshub.core.client,InforClient,equipmentWarrantyCoverageService,489,,EquipmentWarrantyCoverageService,
C:\Users\Seba\IdeaProjects\eam-light-backend\eam-wshub-core\src\main\java\ch\cern\eam\wshub\core\services\entities\BatchSingleResponse.java,ch.cern.eam.wshub.core.services.entities,BatchSingleResponse,errorMessage,490,,String,
C:\Users\Seba\IdeaProjects\eam-light-backend\eam-wshub-core\src\main\java\ch\cern\eam\wshub\core\services\workorders\entities\InforCaseTask.java,ch.cern.eam.wshub.core.services.workorders.entities,InforCaseTask,estimatedCosts,491,,BigDecimal,"@Column(name = ""TCM_ESTIMATEDCOST"")"
C:\Users\Seba\IdeaProjects\eam-light-backend\eam-wshub-core\src\main\java\ch\cern\eam\wshub\core\services\workorders\entities\InforCaseTask.java,ch.cern.eam.wshub.core.services.workorders.entities,InforCaseTask,estimatedCurr,492,,String,@Transient
C:\Users\Seba\IdeaProjects\eam-light-backend\eam-wshub-core\src\main\java\ch\cern\eam\wshub\core\services\casemanagement\entities\EAMCaseManagement.java,ch.cern.eam.wshub.core.services.casemanagement.entities,EAMCaseManagement,estimatedHours,493,,BigDecimal,"@InforField(xpath = ""FollowupWODetails/ESTIMATEDHOURS"", nullifyParentLevel = 0)"
C:\Users\Seba\IdeaProjects\eam-light-backend\eam-wshub-core\src\main\java\ch\cern\eam\wshub\core\services\workorders\entities\Activity.java,ch.cern.eam.wshub.core.services.workorders.entities,Activity,estimatedHours,494,,BigDecimal,"@Column(name = ""ACT_EST""), @GridField(name = ""esthrs""), @InforField(xpath = ""ESTIMATEDHOURS"")"
C:\Users\Seba\IdeaProjects\eam-light-backend\eam-wshub-core\src\main\java\ch\cern\eam\wshub\core\services\casemanagement\entities\EAMCaseManagement.java,ch.cern.eam.wshub.core.services.casemanagement.entities,EAMCaseManagement,estimatedTotalCost,495,,BigDecimal,"@InforField(xpath = ""CaseDetails/ESTIMATEDTOTALCOST"", nullifyParentLevel = 0)"
C:\Users\Seba\IdeaProjects\eam-light-backend\eam-wshub-core\src\main\java\ch\cern\eam\wshub\core\services\equipment\entities\EquipmentDepreciation.java,ch.cern.eam.wshub.core.services.equipment.entities,EquipmentDepreciation,estimatedUsefulLife,496,,BigDecimal,@Transient
C:\Users\Seba\IdeaProjects\eam-light-backend\eam-wshub-core\src\main\java\ch\cern\eam\wshub\core\services\equipment\entities\EquipmentDepreciation.java,ch.cern.eam.wshub.core.services.equipment.entities,EquipmentDepreciation,estimatedUsefulLifeUOM,497,,String,@Transient
C:\Users\Seba\IdeaProjects\eam-light-backend\eam-wshub-core\src\main\java\ch\cern\eam\wshub\core\services\material\entities\PickTicket.java,ch.cern.eam.wshub.core.services.material.entities,PickTicket,eventCode,498,,String,"@InforField(xpath = ""ASSETID/EQUIPMENTCODE"")"
C:\Users\Seba\IdeaProjects\eam-light-backend\eam-wshub-core\src\main\java\ch\cern\eam\wshub\core\services\casemanagement\entities\EAMCaseManagement.java,ch.cern.eam.wshub.core.services.casemanagement.entities,EAMCaseManagement,eventEndDate,499,,Date,"@InforField(xpath = ""CaseDetails/EVENTENDDATE"", nullifyParentLevel = 0)"
C:\Users\Seba\IdeaProjects\eam-light-backend\eam-wshub-core\src\main\java\ch\cern\eam\wshub\core\services\workorders\entities\InforCase.java,ch.cern.eam.wshub.core.services.workorders.entities,InforCase,eventenddate,500,,Date,@Transient
C:\Users\Seba\IdeaProjects\eam-light-backend\eam-wshub-core\src\main\java\ch\cern\eam\wshub\core\services\casemanagement\entities\EAMCaseManagement.java,ch.cern.eam.wshub.core.services.casemanagement.entities,EAMCaseManagement,eventStartDate,501,,Date,"@InforField(xpath = ""CaseDetails/EVENTSTARTDATE"", nullifyParentLevel = 0)"
C:\Users\Seba\IdeaProjects\eam-light-backend\eam-wshub-core\src\main\java\ch\cern\eam\wshub\core\services\workorders\entities\InforCase.java,ch.cern.eam.wshub.core.services.workorders.entities,InforCase,eventstartdate,502,,Date,@Transient
C:\Users\Seba\IdeaProjects\eam-light-backend\eam-wshub-core\src\main\java\ch\cern\eam\wshub\core\services\workorders\entities\WorkOrder.java,ch.cern.eam.wshub.core.services.workorders.entities,WorkOrder,eventType,503,,String,@Transient
C:\Users\Seba\IdeaProjects\eam-light-backend\eam-wshub-core\src\main\java\ch\cern\eam\wshub\core\services\administration\entities\GenericLov.java,ch.cern.eam.wshub.core.services.administration.entities,GenericLov,exact,504,,boolean,
C:\Users\Seba\IdeaProjects\eam-light-backend\eam-wshub-core\src\main\java\ch\cern\eam\wshub\core\services\material\entities\PhysicalInventoryRow.java,ch.cern.eam.wshub.core.services.material.entities,PhysicalInventoryRow,expectedQuantity,505,,BigDecimal,"@Column(name = ""STL_EXPQTY""), @InforField(xpath = ""EXPECTEDQUANTITY"")"
C:\Users\Seba\IdeaProjects\eam-light-backend\eam-wshub-core\src\main\java\ch\cern\eam\wshub\core\services\equipment\entities\EquipmentWarranty.java,ch.cern.eam.wshub.core.services.equipment.entities,EquipmentWarranty,expirationDate,506,,String,@Transient
C:\Users\Seba\IdeaProjects\eam-light-backend\eam-wshub-core\src\main\java\ch\cern\eam\wshub\core\services\equipment\entities\Equipment.java,ch.cern.eam.wshub.core.services.equipment.entities,Equipment,facilityConditionIndex,507,,BigDecimal,"@Transient, @InforField(xpath = ""FacilityConditionIndex/FACILITYCONDITIONINDEX"", nullifyParentLevel = 0)"
C:\Users\Seba\IdeaProjects\eam-light-backend\eam-wshub-core\src\main\java\ch\cern\eam\wshub\core\services\workorders\entities\WorkOrder.java,ch.cern.eam.wshub.core.services.workorders.entities,WorkOrder,failureCode,508,,String,"@Transient, @InforField(xpath = ""FAILURECODEID/FAILURECODE"")"
C:\Users\Seba\IdeaProjects\eam-light-backend\eam-wshub-core\src\main\java\ch\cern\eam\wshub\core\services\grids\entities\GridRequest.java,ch.cern.eam.wshub.core.services.grids.entities,GridRequest,fetchAllResults,509,,Boolean,
C:\Users\Seba\IdeaProjects\eam-light-backend\eam-wshub-core\src\main\java\ch\cern\eam\wshub\core\services\grids\entities\GridRequestFilter.java,ch.cern.eam.wshub.core.services.grids.entities,GridRequestFilter,fieldName,510,,String,
C:\Users\Seba\IdeaProjects\eam-light-backend\eam-wshub-core\src\main\java\ch\cern\eam\wshub\core\services\grids\entities\GridRequestFilter.java,ch.cern.eam.wshub.core.services.grids.entities,GridRequestFilter,fieldValue,511,,String,
C:\Users\Seba\IdeaProjects\eam-light-backend\eam-wshub-core\src\main\java\ch\cern\eam\wshub\core\services\documents\entities\InforDocument.java,ch.cern.eam.wshub.core.services.documents.entities,InforDocument,filename,512,,String,"@Column(name = ""DOC_FILENAME"")"
C:\Users\Seba\IdeaProjects\eam-light-backend\eam-wshub-core\src\main\java\ch\cern\eam\wshub\core\services\documents\entities\InforDocument.java,ch.cern.eam.wshub.core.services.documents.entities,InforDocument,filetype,513,,String,"@Column(name = ""DOC_FILETYPE"")"
C:\Users\Seba\IdeaProjects\eam-light-backend\eam-wshub-core\src\main\java\ch\cern\eam\wshub\core\services\workorders\entities\WorkOrderActivityChecklistItem.java,ch.cern.eam.wshub.core.services.workorders.entities,WorkOrderActivityChecklistItem,finalOccurrence,514,,String,
C:\Users\Seba\IdeaProjects\eam-light-backend\eam-wshub-core\src\main\java\ch\cern\eam\wshub\core\services\equipment\entities\EquipmentPMSchedule.java,ch.cern.eam.wshub.core.services.equipment.entities,EquipmentPMSchedule,FIND_PM_SCHEDULE,515,,String,
C:\Users\Seba\IdeaProjects\eam-light-backend\eam-wshub-core\src\main\java\ch\cern\eam\wshub\core\services\workorders\entities\Finding.java,ch.cern.eam.wshub.core.services.workorders.entities,Finding,code,516,,String,"@Id, @Column(name = ""FND_CODE"")"
C:\Users\Seba\IdeaProjects\eam-light-backend\eam-wshub-core\src\main\java\ch\cern\eam\wshub\core\services\workorders\entities\WorkOrderActivityChecklistItem.java,ch.cern.eam.wshub.core.services.workorders.entities,WorkOrderActivityChecklistItem,finding,517,,String,
C:\Users\Seba\IdeaProjects\eam-light-backend\eam-wshub-core\src\main\java\ch\cern\eam\wshub\core\services\casemanagement\entities\EAMCaseManagement.java,ch.cern.eam.wshub.core.services.casemanagement.entities,EAMCaseManagement,flowCode,518,,String,"@InforField(xpath = ""LinearReferenceDetails/FLOWCODE"", nullifyParentLevel = 0)"
C:\Users\Seba\IdeaProjects\eam-light-backend\eam-wshub-core\src\main\java\ch\cern\eam\wshub\core\services\workorders\entities\WorkOrderActivityChecklistItem.java,ch.cern.eam.wshub.core.services.workorders.entities,WorkOrderActivityChecklistItem,followUp,519,,Boolean,
C:\Users\Seba\IdeaProjects\eam-light-backend\eam-wshub-core\src\main\java\ch\cern\eam\wshub\core\services\casemanagement\entities\EAMCaseManagement.java,ch.cern.eam.wshub.core.services.casemanagement.entities,EAMCaseManagement,followUpRequired,520,,Boolean,"@InforField(xpath = ""CaseDetails/CASEFOLLOWUPREQUIRED"", booleanType = BooleanType.TRUE_FALSE, nullifyParentLevel = 0)"
C:\Users\Seba\IdeaProjects\eam-light-backend\eam-wshub-core\src\main\java\ch\cern\eam\wshub\core\services\casemanagement\entities\EAMCaseManagement.java,ch.cern.eam.wshub.core.services.casemanagement.entities,EAMCaseManagement,followupWorkOrder,521,769,String,"@InforField(xpath = ""FollowupWODetails/FOLLOWUPWORKORDER/JOBNUM"", nullifyParentLevel = 1), @ManyToOne"
C:\Users\Seba\IdeaProjects\eam-light-backend\eam-wshub-core\src\main\java\ch\cern\eam\wshub\core\services\workorders\entities\WorkOrderActivityChecklistItem.java,ch.cern.eam.wshub.core.services.workorders.entities,WorkOrderActivityChecklistItem,followUpWorkOrder,522,769,String,@ManyToOne
C:\Users\Seba\IdeaProjects\eam-light-backend\eam-wshub-core\src\main\java\ch\cern\eam\wshub\core\services\workorders\entities\Activity.java,ch.cern.eam.wshub.core.services.workorders.entities,Activity,forceActivityExpansion,523,13,Boolean,"@Transient, @ManyToOne"
C:\Users\Seba\IdeaProjects\eam-light-backend\eam-wshub-core\src\main\java\ch\cern\eam\wshub\core\services\grids\entities\GridRequestFilter.java,ch.cern.eam.wshub.core.services.grids.entities,GridRequestFilter,forceCaseInsensitive,524,,Boolean,
C:\Users\Seba\IdeaProjects\eam-light-backend\eam-wshub-core\src\main\java\ch\cern\eam\wshub\core\services\workorders\entities\WorkOrderActivityChecklistItem.java,ch.cern.eam.wshub.core.services.workorders.entities,WorkOrderActivityChecklistItem,freeText,525,,String,
C:\Users\Seba\IdeaProjects\eam-light-backend\eam-wshub-core\src\main\java\ch\cern\eam\wshub\core\services\material\entities\PhysicalInventory.java,ch.cern.eam.wshub.core.services.material.entities,PhysicalInventory,fromBin,526,,String,"@InforField(xpath = ""FROMBIN/BIN"")"
C:\Users\Seba\IdeaProjects\eam-light-backend\eam-wshub-core\src\main\java\ch\cern\eam\wshub\core\services\material\entities\StoreTransactionPartLine.java,ch.cern.eam.wshub.core.services.material.entities,StoreTransactionPartLine,fromBinCode,527,,String,"@InforField(xpath = ""FROMBIN/BIN"")"
C:\Users\Seba\IdeaProjects\eam-light-backend\eam-wshub-core\src\main\java\ch\cern\eam\wshub\core\services\equipment\entities\EquipmentDepreciation.java,ch.cern.eam.wshub.core.services.equipment.entities,EquipmentDepreciation,fromDate,528,,String,@Transient
C:\Users\Seba\IdeaProjects\eam-light-backend\eam-wshub-core\src\main\java\ch\cern\eam\wshub\core\services\equipment\entities\LinearReference.java,ch.cern.eam.wshub.core.services.equipment.entities,LinearReference,fromPoint,529,,BigDecimal,
C:\Users\Seba\IdeaProjects\eam-light-backend\eam-wshub-core\src\main\java\ch\cern\eam\wshub\core\services\workorders\entities\InforCaseTask.java,ch.cern.eam.wshub.core.services.workorders.entities,InforCaseTask,fromServiceCode,530,,String,"@Column(name = ""TCM_FROMSERVICECODE"")"
C:\Users\Seba\IdeaProjects\eam-light-backend\eam-wshub-core\src\main\java\ch\cern\eam\wshub\core\services\material\entities\Store2StoreTransferDTO.java,ch.cern.eam.wshub.core.services.material.entities,Store2StoreTransferDTO,fromStoreCode,531,,String,"@InforField(xpath = ""FROMSTOREID/STORECODE"")"
C:\Users\Seba\IdeaProjects\eam-light-backend\eam-wshub-core\src\main\java\ch\cern\eam\wshub\core\services\material\entities\PartSubstitute.java,ch.cern.eam.wshub.core.services.material.entities,PartSubstitute,fullyCompatible,532,,String,
C:\Users\Seba\IdeaProjects\eam-light-backend\eam-wshub-core\src\main\java\ch\cern\eam\wshub\core\services\equipment\entities\EquipmentGenerationEntity.java,ch.cern.eam.wshub.core.services.equipment.entities,EquipmentGenerationEntity,generateCount,533,,BigDecimal,@Transient
C:\Users\Seba\IdeaProjects\eam-light-backend\eam-wshub-core\src\main\java\ch\cern\eam\wshub\core\services\workorders\entities\Finding.java,ch.cern.eam.wshub.core.services.workorders.entities,Finding,generic,534,,String,"@Column(name = ""FND_GEN"")"
C:\Users\Seba\IdeaProjects\eam-light-backend\eam-wshub-core\src\main\java\ch\cern\eam\wshub\core\services\equipment\entities\LinearReference.java,ch.cern.eam.wshub.core.services.equipment.entities,LinearReference,geographicalReference,535,,String,
C:\Users\Seba\IdeaProjects\eam-light-backend\eam-wshub-core\src\main\java\ch\cern\eam\wshub\core\services\grids\customfields\DataspyCustomField.java,ch.cern.eam.wshub.core.services.grids.customfields,DataspyCustomField,GET_CUSTOM_FIELDS_FOR_DATASPY,536,,String,
C:\Users\Seba\IdeaProjects\eam-light-backend\eam-wshub-core\src\main\java\ch\cern\eam\wshub\core\services\documents\entities\InforDocument.java,ch.cern.eam.wshub.core.services.documents.entities,InforDocument,GET_DOCUMENTS,537,,String,
C:\Users\Seba\IdeaProjects\eam-light-backend\eam-wshub-core\src\main\java\ch\cern\eam\wshub\core\services\material\entities\PartAssociation.java,ch.cern.eam.wshub.core.services.material.entities,PartAssociation,GET_PART_ASSOCIATION,538,827,String,@ManyToOne
C:\Users\Seba\IdeaProjects\eam-light-backend\eam-wshub-core\src\main\java\ch\cern\eam\wshub\core\services\workorders\entities\InforCaseTask.java,ch.cern.eam.wshub.core.services.workorders.entities,InforCaseTask,GET_TASKS_FOR_CASE,539,,String,
C:\Users\Seba\IdeaProjects\eam-light-backend\eam-wshub-core\src\main\java\ch\cern\eam\wshub\core\services\workorders\entities\LaborBooking.java,ch.cern.eam.wshub.core.services.workorders.entities,LaborBooking,code,540,,String,"@Id, @Column(name = ""BOO_CODE"")"
C:\Users\Seba\IdeaProjects\eam-light-backend\eam-wshub-core\src\main\java\ch\cern\eam\wshub\core\services\workorders\entities\LaborBooking.java,ch.cern.eam.wshub.core.services.workorders.entities,LaborBooking,GETBOOKEDLABOR,541,,String,
C:\Users\Seba\IdeaProjects\eam-light-backend\eam-wshub-core\src\main\java\ch\cern\eam\wshub\core\services\equipment\entities\EquipmentConfigurationEntity.java,ch.cern.eam.wshub.core.services.equipment.entities,EquipmentConfigurationEntity,getClassOrganizationDesc,542,,String,"@Transient, @InforField(xpath = ""ConfigurationDetails/CLASSID/ORGANIZATIONID/DESCRIPTION"")"
C:\Users\Seba\IdeaProjects\eam-light-backend\eam-wshub-core\src\main\java\ch\cern\eam\wshub\core\services\grids\entities\DataspyField.java,ch.cern.eam.wshub.core.services.grids.entities,DataspyField,GETDATASPYFIELDS,543,,String,
C:\Users\Seba\IdeaProjects\eam-light-backend\eam-wshub-core\src\main\java\ch\cern\eam\wshub\core\services\grids\entities\DataspyField.java,ch.cern.eam.wshub.core.services.grids.entities,DataspyField,GETDATASPYVISIBLEFIELDS,544,,String,
C:\Users\Seba\IdeaProjects\eam-light-backend\eam-wshub-core\src\main\java\ch\cern\eam\wshub\core\services\grids\entities\GridField.java,ch.cern.eam.wshub.core.services.grids.entities,GridField,GETDDSPYFIELDS,545,,String,
C:\Users\Seba\IdeaProjects\eam-light-backend\eam-wshub-core\src\main\java\ch\cern\eam\wshub\core\services\grids\entities\GridDataspy.java,ch.cern.eam.wshub.core.services.grids.entities,GridDataspy,GETDEFAULTDATASPY,546,,String,
C:\Users\Seba\IdeaProjects\eam-light-backend\eam-wshub-core\src\main\java\ch\cern\eam\wshub\core\services\equipment\entities\EquipmentDepreciation.java,ch.cern.eam.wshub.core.services.equipment.entities,EquipmentDepreciation,GETDEPRECIATION,547,,String,
C:\Users\Seba\IdeaProjects\eam-light-backend\eam-wshub-core\src\main\java\ch\cern\eam\wshub\core\services\equipment\entities\EquipmentWarranty.java,ch.cern.eam.wshub.core.services.equipment.entities,EquipmentWarranty,GETEQPWARRANTY,548,,String,
C:\Users\Seba\IdeaProjects\eam-light-backend\eam-wshub-core\src\main\java\ch\cern\eam\wshub\core\services\grids\entities\GridDataspy.java,ch.cern.eam.wshub.core.services.grids.entities,GridDataspy,GETGRIDDATASPIES,549,,String,
C:\Users\Seba\IdeaProjects\eam-light-backend\eam-wshub-core\src\main\java\ch\cern\eam\wshub\core\services\grids\entities\GridDataspy.java,ch.cern.eam.wshub.core.services.grids.entities,GridDataspy,GETGRIDDATASPYQUERY,550,,String,
C:\Users\Seba\IdeaProjects\eam-light-backend\eam-wshub-core\src\main\java\ch\cern\eam\wshub\core\services\grids\entities\GridDataspy.java,ch.cern.eam.wshub.core.services.grids.entities,GridDataspy,GETGRIDDATASPYQUERYSELECTFIELDS,551,,String,
C:\Users\Seba\IdeaProjects\eam-light-backend\eam-wshub-core\src\main\java\ch\cern\eam\wshub\core\services\grids\entities\GridDataspy.java,ch.cern.eam.wshub.core.services.grids.entities,GridDataspy,GETGRIDDATASPYSELECTSTATEMENT,552,,String,
C:\Users\Seba\IdeaProjects\eam-light-backend\eam-wshub-core\src\main\java\ch\cern\eam\wshub\core\services\grids\entities\GridDataspy.java,ch.cern.eam.wshub.core.services.grids.entities,GridDataspy,GETGRIDDDSFILTER_AND_SORT_STRXML,553,,String,
C:\Users\Seba\IdeaProjects\eam-light-backend\eam-wshub-core\src\main\java\ch\cern\eam\wshub\core\services\grids\entities\GridField.java,ch.cern.eam.wshub.core.services.grids.entities,GridField,GETGRIDFIELDS,554,,String,
C:\Users\Seba\IdeaProjects\eam-light-backend\eam-wshub-core\src\main\java\ch\cern\eam\wshub\core\services\grids\entities\GridDataspy.java,ch.cern.eam.wshub.core.services.grids.entities,GridDataspy,GETGRIDFIELDSANDSTATEMENT,555,,String,
C:\Users\Seba\IdeaProjects\eam-light-backend\eam-wshub-core\src\main\java\ch\cern\eam\wshub\core\services\entities\InstallParameters.java,ch.cern.eam.wshub.core.services.entities,InstallParameters,GETINSTALLPARAMS,556,,String,
C:\Users\Seba\IdeaProjects\eam-light-backend\eam-wshub-core\src\main\java\ch\cern\eam\wshub\core\services\entities\UserDefinedFields.java,ch.cern.eam.wshub.core.services.entities,UserDefinedFields,getters,557,,"List<Function<UserDefinedFields,Object>>",
C:\Users\Seba\IdeaProjects\eam-light-backend\eam-wshub-core\src\main\java\ch\cern\eam\wshub\core\services\grids\entities\GridMetadataRequestResult.java,ch.cern.eam.wshub.core.services.grids.entities,GridMetadataRequestResult,gridCode,558,,String,"@Id, @Column(name = ""GRD_GRIDID"")"
C:\Users\Seba\IdeaProjects\eam-light-backend\eam-wshub-core\src\main\java\ch\cern\eam\wshub\core\services\grids\entities\GridRequestResult.java,ch.cern.eam.wshub.core.services.grids.entities,GridRequestResult,gridCode,559,,String,
C:\Users\Seba\IdeaProjects\eam-light-backend\eam-wshub-core\src\main\java\ch\cern\eam\wshub\core\services\grids\impl\JPAGrids.java,ch.cern.eam.wshub.core.services.grids.impl,JPAGrids,gridCustomFieldHandler,560,,GridCustomFieldHandler,
C:\Users\Seba\IdeaProjects\eam-light-backend\eam-wshub-core\src\main\java\ch\cern\eam\wshub\core\services\grids\entities\GridMetadataRequestResult.java,ch.cern.eam.wshub.core.services.grids.entities,GridMetadataRequestResult,gridDataspies,561,,GridDataspy[],@Transient
C:\Users\Seba\IdeaProjects\eam-light-backend\eam-wshub-core\src\main\java\ch\cern\eam\wshub\core\services\grids\entities\GridRequestResult.java,ch.cern.eam.wshub.core.services.grids.entities,GridRequestResult,gridDataspies,562,,List<GridDataspy>,
C:\Users\Seba\IdeaProjects\eam-light-backend\eam-wshub-core\src\main\java\ch\cern\eam\wshub\core\services\grids\entities\GridDDSpyFieldsResult.java,ch.cern.eam.wshub.core.services.grids.entities,GridDDSpyFieldsResult,gridFields,563,,GridField[],
C:\Users\Seba\IdeaProjects\eam-light-backend\eam-wshub-core\src\main\java\ch\cern\eam\wshub\core\services\grids\entities\GridMetadataRequestResult.java,ch.cern.eam.wshub.core.services.grids.entities,GridMetadataRequestResult,gridFields,564,,GridField[],@Transient
C:\Users\Seba\IdeaProjects\eam-light-backend\eam-wshub-core\src\main\java\ch\cern\eam\wshub\core\services\grids\entities\GridRequestResult.java,ch.cern.eam.wshub.core.services.grids.entities,GridRequestResult,gridFields,565,,List<GridField>,
C:\Users\Seba\IdeaProjects\eam-light-backend\eam-wshub-core\src\main\java\ch\cern\eam\wshub\core\services\grids\entities\GridRequest.java,ch.cern.eam.wshub.core.services.grids.entities,GridRequest,gridID,566,,String,
C:\Users\Seba\IdeaProjects\eam-light-backend\eam-wshub-core\src\main\java\ch\cern\eam\wshub\core\services\grids\entities\GridMetadataRequestResult.java,ch.cern.eam.wshub.core.services.grids.entities,GridMetadataRequestResult,gridName,567,,String,"@Column(name = ""GRD_GRIDNAME"")"
C:\Users\Seba\IdeaProjects\eam-light-backend\eam-wshub-core\src\main\java\ch\cern\eam\wshub\core\services\grids\entities\GridRequest.java,ch.cern.eam.wshub.core.services.grids.entities,GridRequest,gridName,568,,String,
C:\Users\Seba\IdeaProjects\eam-light-backend\eam-wshub-core\src\main\java\ch\cern\eam\wshub\core\services\grids\entities\GridRequestResult.java,ch.cern.eam.wshub.core.services.grids.entities,GridRequestResult,gridName,569,,String,
C:\Users\Seba\IdeaProjects\eam-light-backend\eam-wshub-core\src\main\java\ch\cern\eam\wshub\core\services\grids\entities\GridRequest.java,ch.cern.eam.wshub.core.services.grids.entities,GridRequest,gridRequestFilters,570,,List<GridRequestFilter>,
C:\Users\Seba\IdeaProjects\eam-light-backend\eam-wshub-core\src\main\java\ch\cern\eam\wshub\core\services\grids\entities\GridRequest.java,ch.cern.eam.wshub.core.services.grids.entities,GridRequest,gridRequestSorts,571,,GridRequestSort[],
C:\Users\Seba\IdeaProjects\eam-light-backend\eam-wshub-core\src\main\java\ch\cern\eam\wshub\core\client\InforClient.java,ch.cern.eam.wshub.core.client,InforClient,gridsService,572,,GridsService,
C:\Users\Seba\IdeaProjects\eam-light-backend\eam-wshub-core\src\main\java\ch\cern\eam\wshub\core\services\grids\entities\GridRequest.java,ch.cern.eam.wshub.core.services.grids.entities,GridRequest,gridType,573,,GRIDTYPE,
C:\Users\Seba\IdeaProjects\eam-light-backend\eam-wshub-core\src\main\java\ch\cern\eam\wshub\core\services\material\entities\PartSupplier.java,ch.cern.eam.wshub.core.services.material.entities,PartSupplier,grossPrice,574,,BigDecimal,
C:\Users\Seba\IdeaProjects\eam-light-backend\eam-wshub-core\src\main\java\ch\cern\eam\wshub\core\services\workorders\entities\Employee.java,ch.cern.eam.wshub.core.services.workorders.entities,Employee,group,575,,String,"@Column(name = ""PER_UDFCHAR03"")"
C:\Users\Seba\IdeaProjects\eam-light-backend\eam-wshub-core\src\main\java\ch\cern\eam\wshub\core\services\entities\CustomField.java,ch.cern.eam.wshub.core.services.entities,CustomField,groupLabel,576,,String,
C:\Users\Seba\IdeaProjects\eam-light-backend\eam-wshub-core\src\main\java\ch\cern\eam\wshub\core\services\casemanagement\entities\EAMCaseManagement.java,ch.cern.eam.wshub.core.services.casemanagement.entities,EAMCaseManagement,hasDepartmentSecurity,577,827,String,"@InforField(xpath = ""has_department_security""), @ManyToOne"
C:\Users\Seba\IdeaProjects\eam-light-backend\eam-wshub-core\src\main\java\ch\cern\eam\wshub\core\services\workorders\impl\Safety.java,ch.cern.eam.wshub.core.services.workorders.impl,Safety,hazardCode,578,,String,"@InforField(xpath = ""HAZARDID/HAZARDCODE""), @GridField(name = ""hazardcode"", alternativeNames = { ""hazard"" })"
C:\Users\Seba\IdeaProjects\eam-light-backend\eam-wshub-core\src\main\java\ch\cern\eam\wshub\core\services\workorders\impl\Safety.java,ch.cern.eam.wshub.core.services.workorders.impl,Safety,hazardDescription,579,,String,"@InforField(xpath = ""HAZARDID/DESCRIPTION""), @GridField(name = ""hazarddescription"", alternativeNames = { ""hazarddesc"" })"
C:\Users\Seba\IdeaProjects\eam-light-backend\eam-wshub-core\src\main\java\ch\cern\eam\wshub\core\services\workorders\impl\Safety.java,ch.cern.eam.wshub.core.services.workorders.impl,Safety,hazardRevision,580,,BigDecimal,"@InforField(xpath = ""HAZARDID/REVISIONNUM"")"
C:\Users\Seba\IdeaProjects\eam-light-backend\eam-wshub-core\src\main\java\ch\cern\eam\wshub\core\services\workorders\entities\WorkOrderActivityChecklistItem.java,ch.cern.eam.wshub.core.services.workorders.entities,WorkOrderActivityChecklistItem,hideFollowUp,581,,Boolean,
C:\Users\Seba\IdeaProjects\eam-light-backend\eam-wshub-core\src\main\java\ch\cern\eam\wshub\core\services\equipment\entities\Equipment.java,ch.cern.eam.wshub.core.services.equipment.entities,Equipment,hierarchyAssetCode,582,431,String,"@Transient, @InforField(xpath = { ""AssetParentHierarchy/AssetDependency/DEPENDENTASSET/ASSETID/EQUIPMENTCODE"", ""AssetParentHierarchy/PositionDependency/NONDEPENDENTASSET/ASSETID/EQUIPMENTCODE"", ""AssetParentHierarchy/PrimarySystemDependency/NONDEPENDENTASSET/ASSETID/EQUIPMENTCODE"", ""AssetParentHierarchy/SystemDependency/NONDEPENDENTASSET/ASSETID/EQUIPMENTCODE"", ""AssetParentHierarchy/LocationDependency/NONDEPENDENTASSET/ASSETID/EQUIPMENTCODE"", ""AssetParentHierarchy/NonDependentParents/NONDEPENDENTASSET/ASSETID/EQUIPMENTCODE"", ""PositionParentHierarchy/AssetDependency/DEPENDENTASSET/ASSETID/EQUIPMENTCODE"", ""PositionParentHierarchy/PositionDependency/NONDEPENDENTASSET/ASSETID/EQUIPMENTCODE"", ""PositionParentHierarchy/PrimarySystemDependency/NONDEPENDENTASSET/ASSETID/EQUIPMENTCODE"", ""PositionParentHierarchy/SystemDependency/NONDEPENDENTASSET/ASSETID/EQUIPMENTCODE"", ""PositionParentHierarchy/LocationDependency/NONDEPENDENTASSET/ASSETID/EQUIPMENTCODE"", ""PositionParentHierarchy/NonDependentParents/NONDEPENDENTASSET/ASSETID/EQUIPMENTCODE"" }, readOnly = true), @ManyToOne"
C:\Users\Seba\IdeaProjects\eam-light-backend\eam-wshub-core\src\main\java\ch\cern\eam\wshub\core\services\equipment\entities\Equipment.java,ch.cern.eam.wshub.core.services.equipment.entities,Equipment,hierarchyAssetCostRollUp,583,431,Boolean,"@Transient, @InforField(xpath = { ""AssetParentHierarchy/AssetDependency/DEPENDENTASSET/COSTROLLUP"", ""AssetParentHierarchy/PositionDependency/NONDEPENDENTASSET/COSTROLLUP"", ""AssetParentHierarchy/PrimarySystemDependency/NONDEPENDENTASSET/COSTROLLUP"", ""AssetParentHierarchy/SystemDependency/NONDEPENDENTASSET/COSTROLLUP"", ""AssetParentHierarchy/LocationDependency/NONDEPENDENTASSET/COSTROLLUP"", ""AssetParentHierarchy/NonDependentParents/NONDEPENDENTASSET/COSTROLLUP"", ""PositionParentHierarchy/AssetDependency/DEPENDENTASSET/COSTROLLUP"", ""PositionParentHierarchy/PositionDependency/NONDEPENDENTASSET/COSTROLLUP"", ""PositionParentHierarchy/PrimarySystemDependency/NONDEPENDENTASSET/COSTROLLUP"", ""PositionParentHierarchy/SystemDependency/NONDEPENDENTASSET/COSTROLLUP"", ""PositionParentHierarchy/LocationDependency/NONDEPENDENTASSET/COSTROLLUP"", ""PositionParentHierarchy/NonDependentParents/NONDEPENDENTASSET/COSTROLLUP"" }, readOnly = true), @ManyToOne"
C:\Users\Seba\IdeaProjects\eam-light-backend\eam-wshub-core\src\main\java\ch\cern\eam\wshub\core\services\equipment\entities\Equipment.java,ch.cern.eam.wshub.core.services.equipment.entities,Equipment,hierarchyAssetDependent,584,431,Boolean,"@Transient, @ManyToOne"
C:\Users\Seba\IdeaProjects\eam-light-backend\eam-wshub-core\src\main\java\ch\cern\eam\wshub\core\services\equipment\entities\Equipment.java,ch.cern.eam.wshub.core.services.equipment.entities,Equipment,hierarchyAssetDesc,585,431,String,"@Transient, @InforField(xpath = { ""AssetParentHierarchy/AssetDependency/DEPENDENTASSET/ASSETID/DESCRIPTION"", ""AssetParentHierarchy/PositionDependency/NONDEPENDENTASSET/ASSETID/DESCRIPTION"", ""AssetParentHierarchy/PrimarySystemDependency/NONDEPENDENTASSET/ASSETID/DESCRIPTION"", ""AssetParentHierarchy/SystemDependency/NONDEPENDENTASSET/ASSETID/DESCRIPTION"", ""AssetParentHierarchy/LocationDependency/NONDEPENDENTASSET/ASSETID/DESCRIPTION"", ""AssetParentHierarchy/NonDependentParents/NONDEPENDENTASSET/ASSETID/DESCRIPTION"", ""PositionParentHierarchy/AssetDependency/DEPENDENTASSET/ASSETID/DESCRIPTION"", ""PositionParentHierarchy/PositionDependency/NONDEPENDENTASSET/ASSETID/DESCRIPTION"", ""PositionParentHierarchy/PrimarySystemDependency/NONDEPENDENTASSET/ASSETID/DESCRIPTION"", ""PositionParentHierarchy/SystemDependency/NONDEPENDENTASSET/ASSETID/DESCRIPTION"", ""PositionParentHierarchy/LocationDependency/NONDEPENDENTASSET/ASSETID/DESCRIPTION"", ""PositionParentHierarchy/NonDependentParents/NONDEPENDENTASSET/ASSETID/DESCRIPTION"" }, readOnly = true), @ManyToOne"
C:\Users\Seba\IdeaProjects\eam-light-backend\eam-wshub-core\src\main\java\ch\cern\eam\wshub\core\services\equipment\entities\Equipment.java,ch.cern.eam.wshub.core.services.equipment.entities,Equipment,hierarchyAssetOrg,586,431,String,"@Transient, @InforField(xpath = { ""AssetParentHierarchy/AssetDependency/DEPENDENTASSET/ASSETID/ORGANIZATIONID/ORGANIZATIONCODE"", ""AssetParentHierarchy/PositionDependency/NONDEPENDENTASSET/ASSETID/ORGANIZATIONID/ORGANIZATIONCODE"", ""AssetParentHierarchy/PrimarySystemDependency/NONDEPENDENTASSET/ASSETID/ORGANIZATIONID/ORGANIZATIONCODE"", ""AssetParentHierarchy/SystemDependency/NONDEPENDENTASSET/ASSETID/ORGANIZATIONID/ORGANIZATIONCODE"", ""AssetParentHierarchy/LocationDependency/NONDEPENDENTASSET/ASSETID/ORGANIZATIONID/ORGANIZATIONCODE"", ""AssetParentHierarchy/NonDependentParents/NONDEPENDENTASSET/ASSETID/ORGANIZATIONID/ORGANIZATIONCODE"", ""PositionParentHierarchy/AssetDependency/DEPENDENTASSET/ASSETID/ORGANIZATIONID/ORGANIZATIONCODE"", ""PositionParentHierarchy/PositionDependency/NONDEPENDENTASSET/ASSETID/ORGANIZATIONID/ORGANIZATIONCODE"", ""PositionParentHierarchy/PrimarySystemDependency/NONDEPENDENTASSET/ASSETID/ORGANIZATIONID/ORGANIZATIONCODE"", ""PositionParentHierarchy/SystemDependency/NONDEPENDENTASSET/ASSETID/ORGANIZATIONID/ORGANIZATIONCODE"", ""PositionParentHierarchy/LocationDependency/NONDEPENDENTASSET/ASSETID/ORGANIZATIONID/ORGANIZATIONCODE"", ""PositionParentHierarchy/NonDependentParents/NONDEPENDENTASSET/ASSETID/ORGANIZATIONID/ORGANIZATIONCODE"" }, readOnly = true), @ManyToOne"
C:\Users\Seba\IdeaProjects\eam-light-backend\eam-wshub-core\src\main\java\ch\cern\eam\wshub\core\services\equipment\entities\Equipment.java,ch.cern.eam.wshub.core.services.equipment.entities,Equipment,hierarchyLocationCode,587,679,String,"@Transient, @ManyToOne"
C:\Users\Seba\IdeaProjects\eam-light-backend\eam-wshub-core\src\main\java\ch\cern\eam\wshub\core\services\equipment\entities\Location.java,ch.cern.eam.wshub.core.services.equipment.entities,Location,hierarchyLocationCode,588,679,String,"@Transient, @ManyToOne"
C:\Users\Seba\IdeaProjects\eam-light-backend\eam-wshub-core\src\main\java\ch\cern\eam\wshub\core\services\equipment\entities\Equipment.java,ch.cern.eam.wshub.core.services.equipment.entities,Equipment,hierarchyLocationDesc,589,679,String,"@Transient, @ManyToOne"
C:\Users\Seba\IdeaProjects\eam-light-backend\eam-wshub-core\src\main\java\ch\cern\eam\wshub\core\services\equipment\entities\Location.java,ch.cern.eam.wshub.core.services.equipment.entities,Location,hierarchyLocationDesc,590,679,String,"@Transient, @ManyToOne"
C:\Users\Seba\IdeaProjects\eam-light-backend\eam-wshub-core\src\main\java\ch\cern\eam\wshub\core\services\equipment\entities\Equipment.java,ch.cern.eam.wshub.core.services.equipment.entities,Equipment,hierarchyPositionCode,591,431,String,"@Transient, @InforField(xpath = { ""AssetParentHierarchy/AssetDependency/NONDEPENDENTPOSITION/POSITIONID/EQUIPMENTCODE"", ""AssetParentHierarchy/PositionDependency/DEPENDENTPOSITION/POSITIONID/EQUIPMENTCODE"", ""AssetParentHierarchy/PrimarySystemDependency/NONDEPENDENTPOSITION/POSITIONID/EQUIPMENTCODE"", ""AssetParentHierarchy/SystemDependency/NONDEPENDENTPOSITION/POSITIONID/EQUIPMENTCODE"", ""AssetParentHierarchy/LocationDependency/NONDEPENDENTPOSITION/POSITIONID/EQUIPMENTCODE"", ""AssetParentHierarchy/NonDependentParents/NONDEPENDENTPOSITION/POSITIONID/EQUIPMENTCODE"", ""PositionParentHierarchy/AssetDependency/NONDEPENDENTPOSITION/POSITIONID/EQUIPMENTCODE"", ""PositionParentHierarchy/PositionDependency/DEPENDENTPOSITION/POSITIONID/EQUIPMENTCODE"", ""PositionParentHierarchy/PrimarySystemDependency/NONDEPENDENTPOSITION/POSITIONID/EQUIPMENTCODE"", ""PositionParentHierarchy/SystemDependency/NONDEPENDENTPOSITION/POSITIONID/EQUIPMENTCODE"", ""PositionParentHierarchy/LocationDependency/NONDEPENDENTPOSITION/POSITIONID/EQUIPMENTCODE"", ""PositionParentHierarchy/NonDependentParents/NONDEPENDENTPOSITION/POSITIONID/EQUIPMENTCODE"" }, readOnly = true), @ManyToOne"
C:\Users\Seba\IdeaProjects\eam-light-backend\eam-wshub-core\src\main\java\ch\cern\eam\wshub\core\services\equipment\entities\Equipment.java,ch.cern.eam.wshub.core.services.equipment.entities,Equipment,hierarchyPositionCostRollUp,592,431,Boolean,"@Transient, @InforField(xpath = { ""AssetParentHierarchy/AssetDependency/NONDEPENDENTPOSITION/COSTROLLUP"", ""AssetParentHierarchy/PositionDependency/DEPENDENTPOSITION/COSTROLLUP"", ""AssetParentHierarchy/PrimarySystemDependency/NONDEPENDENTPOSITION/COSTROLLUP"", ""AssetParentHierarchy/SystemDependency/NONDEPENDENTPOSITION/COSTROLLUP"", ""AssetParentHierarchy/LocationDependency/NONDEPENDENTPOSITION/COSTROLLUP"", ""AssetParentHierarchy/NonDependentParents/NONDEPENDENTPOSITION/COSTROLLUP"", ""PositionParentHierarchy/AssetDependency/NONDEPENDENTPOSITION/COSTROLLUP"", ""PositionParentHierarchy/PositionDependency/DEPENDENTPOSITION/COSTROLLUP"", ""PositionParentHierarchy/PrimarySystemDependency/NONDEPENDENTPOSITION/COSTROLLUP"", ""PositionParentHierarchy/SystemDependency/NONDEPENDENTPOSITION/COSTROLLUP"", ""PositionParentHierarchy/LocationDependency/NONDEPENDENTPOSITION/COSTROLLUP"", ""PositionParentHierarchy/NonDependentParents/NONDEPENDENTPOSITION/COSTROLLUP"" }, readOnly = true), @ManyToOne"
C:\Users\Seba\IdeaProjects\eam-light-backend\eam-wshub-core\src\main\java\ch\cern\eam\wshub\core\services\equipment\entities\Equipment.java,ch.cern.eam.wshub.core.services.equipment.entities,Equipment,hierarchyPositionDependent,593,431,Boolean,"@Transient, @ManyToOne"
C:\Users\Seba\IdeaProjects\eam-light-backend\eam-wshub-core\src\main\java\ch\cern\eam\wshub\core\services\equipment\entities\Equipment.java,ch.cern.eam.wshub.core.services.equipment.entities,Equipment,hierarchyPositionDesc,594,431,String,"@Transient, @InforField(xpath = { ""AssetParentHierarchy/AssetDependency/NONDEPENDENTPOSITION/POSITIONID/DESCRIPTION"", ""AssetParentHierarchy/PositionDependency/DEPENDENTPOSITION/POSITIONID/DESCRIPTION"", ""AssetParentHierarchy/PrimarySystemDependency/NONDEPENDENTPOSITION/POSITIONID/DESCRIPTION"", ""AssetParentHierarchy/SystemDependency/NONDEPENDENTPOSITION/POSITIONID/DESCRIPTION"", ""AssetParentHierarchy/LocationDependency/NONDEPENDENTPOSITION/POSITIONID/DESCRIPTION"", ""AssetParentHierarchy/NonDependentParents/NONDEPENDENTPOSITION/POSITIONID/DESCRIPTION"", ""PositionParentHierarchy/AssetDependency/NONDEPENDENTPOSITION/POSITIONID/DESCRIPTION"", ""PositionParentHierarchy/PositionDependency/DEPENDENTPOSITION/POSITIONID/DESCRIPTION"", ""PositionParentHierarchy/PrimarySystemDependency/NONDEPENDENTPOSITION/POSITIONID/DESCRIPTION"", ""PositionParentHierarchy/SystemDependency/NONDEPENDENTPOSITION/POSITIONID/DESCRIPTION"", ""PositionParentHierarchy/LocationDependency/NONDEPENDENTPOSITION/POSITIONID/DESCRIPTION"", ""PositionParentHierarchy/NonDependentParents/NONDEPENDENTPOSITION/POSITIONID/DESCRIPTION"" }, readOnly = true), @ManyToOne"
C:\Users\Seba\IdeaProjects\eam-light-backend\eam-wshub-core\src\main\java\ch\cern\eam\wshub\core\services\equipment\entities\Equipment.java,ch.cern.eam.wshub.core.services.equipment.entities,Equipment,hierarchyPositionOrg,595,431,String,"@Transient, @InforField(xpath = { ""AssetParentHierarchy/AssetDependency/NONDEPENDENTPOSITION/POSITIONID/ORGANIZATIONID/ORGANIZATIONCODE"", ""AssetParentHierarchy/PositionDependency/DEPENDENTPOSITION/POSITIONID/ORGANIZATIONID/ORGANIZATIONCODE"", ""AssetParentHierarchy/PrimarySystemDependency/NONDEPENDENTPOSITION/POSITIONID/ORGANIZATIONID/ORGANIZATIONCODE"", ""AssetParentHierarchy/SystemDependency/NONDEPENDENTPOSITION/POSITIONID/ORGANIZATIONID/ORGANIZATIONCODE"", ""AssetParentHierarchy/LocationDependency/NONDEPENDENTPOSITION/POSITIONID/ORGANIZATIONID/ORGANIZATIONCODE"", ""AssetParentHierarchy/NonDependentParents/NONDEPENDENTPOSITION/POSITIONID/ORGANIZATIONID/ORGANIZATIONCODE"", ""PositionParentHierarchy/AssetDependency/NONDEPENDENTPOSITION/POSITIONID/ORGANIZATIONID/ORGANIZATIONCODE"", ""PositionParentHierarchy/PositionDependency/DEPENDENTPOSITION/POSITIONID/ORGANIZATIONID/ORGANIZATIONCODE"", ""PositionParentHierarchy/PrimarySystemDependency/NONDEPENDENTPOSITION/POSITIONID/ORGANIZATIONID/ORGANIZATIONCODE"", ""PositionParentHierarchy/SystemDependency/NONDEPENDENTPOSITION/POSITIONID/ORGANIZATIONID/ORGANIZATIONCODE"", ""PositionParentHierarchy/LocationDependency/NONDEPENDENTPOSITION/POSITIONID/ORGANIZATIONID/ORGANIZATIONCODE"", ""PositionParentHierarchy/NonDependentParents/NONDEPENDENTPOSITION/POSITIONID/ORGANIZATIONID/ORGANIZATIONCODE"" }, readOnly = true), @ManyToOne"
C:\Users\Seba\IdeaProjects\eam-light-backend\eam-wshub-core\src\main\java\ch\cern\eam\wshub\core\services\equipment\entities\Equipment.java,ch.cern.eam.wshub.core.services.equipment.entities,Equipment,hierarchyPrimarySystemCode,596,431,String,"@Transient, @InforField(xpath = { ""AssetParentHierarchy/AssetDependency/NONDEPENDENTPRIMARYSYSTEM/SYSTEMID/EQUIPMENTCODE"", ""AssetParentHierarchy/PositionDependency/NONDEPENDENTPRIMARYSYSTEM/SYSTEMID/EQUIPMENTCODE"", ""AssetParentHierarchy/PrimarySystemDependency/DEPENDENTPRIMARYSYSTEM/SYSTEMID/EQUIPMENTCODE"", ""AssetParentHierarchy/SystemDependency/NONDEPENDENTPRIMARYSYSTEM/SYSTEMID/EQUIPMENTCODE"", ""AssetParentHierarchy/LocationDependency/NONDEPENDENTPRIMARYSYSTEM/SYSTEMID/EQUIPMENTCODE"", ""AssetParentHierarchy/NonDependentParents/NONDEPENDENTPRIMARYSYSTEM/SYSTEMID/EQUIPMENTCODE"", ""PositionParentHierarchy/AssetDependency/NONDEPENDENTPRIMARYSYSTEM/SYSTEMID/EQUIPMENTCODE"", ""PositionParentHierarchy/PositionDependency/NONDEPENDENTPRIMARYSYSTEM/SYSTEMID/EQUIPMENTCODE"", ""PositionParentHierarchy/PrimarySystemDependency/DEPENDENTPRIMARYSYSTEM/SYSTEMID/EQUIPMENTCODE"", ""PositionParentHierarchy/SystemDependency/NONDEPENDENTPRIMARYSYSTEM/SYSTEMID/EQUIPMENTCODE"", ""PositionParentHierarchy/LocationDependency/NONDEPENDENTPRIMARYSYSTEM/SYSTEMID/EQUIPMENTCODE"", ""PositionParentHierarchy/NonDependentParents/NONDEPENDENTPRIMARYSYSTEM/SYSTEMID/EQUIPMENTCODE"", ""SystemParentHierarchy/NONDEPENDENTPRIMARYSYSTEM/SYSTEMID/EQUIPMENTCODE"", ""SystemParentHierarchy/DEPENDENTPRIMARYSYSTEM/SYSTEMID/EQUIPMENTCODE"" }, readOnly = true), @ManyToOne"
C:\Users\Seba\IdeaProjects\eam-light-backend\eam-wshub-core\src\main\java\ch\cern\eam\wshub\core\services\equipment\entities\Equipment.java,ch.cern.eam.wshub.core.services.equipment.entities,Equipment,hierarchyPrimarySystemCostRollUp,597,431,Boolean,"@Transient, @InforField(xpath = { ""AssetParentHierarchy/AssetDependency/NONDEPENDENTPRIMARYSYSTEM/COSTROLLUP"", ""AssetParentHierarchy/PositionDependency/NONDEPENDENTPRIMARYSYSTEM/COSTROLLUP"", ""AssetParentHierarchy/PrimarySystemDependency/DEPENDENTPRIMARYSYSTEM/COSTROLLUP"", ""AssetParentHierarchy/SystemDependency/NONDEPENDENTPRIMARYSYSTEM/COSTROLLUP"", ""AssetParentHierarchy/LocationDependency/NONDEPENDENTPRIMARYSYSTEM/COSTROLLUP"", ""AssetParentHierarchy/NonDependentParents/NONDEPENDENTPRIMARYSYSTEM/COSTROLLUP"", ""PositionParentHierarchy/AssetDependency/NONDEPENDENTPRIMARYSYSTEM/COSTROLLUP"", ""PositionParentHierarchy/PositionDependency/NONDEPENDENTPRIMARYSYSTEM/COSTROLLUP"", ""PositionParentHierarchy/PrimarySystemDependency/DEPENDENTPRIMARYSYSTEM/COSTROLLUP"", ""PositionParentHierarchy/SystemDependency/NONDEPENDENTPRIMARYSYSTEM/COSTROLLUP"", ""PositionParentHierarchy/LocationDependency/NONDEPENDENTPRIMARYSYSTEM/COSTROLLUP"", ""PositionParentHierarchy/NonDependentParents/NONDEPENDENTPRIMARYSYSTEM/COSTROLLUP"", ""SystemParentHierarchy/NONDEPENDENTPRIMARYSYSTEM/COSTROLLUP"", ""SystemParentHierarchy/DEPENDENTPRIMARYSYSTEM/COSTROLLUP"" }, readOnly = true), @ManyToOne"
C:\Users\Seba\IdeaProjects\eam-light-backend\eam-wshub-core\src\main\java\ch\cern\eam\wshub\core\services\equipment\entities\Equipment.java,ch.cern.eam.wshub.core.services.equipment.entities,Equipment,hierarchyPrimarySystemDependent,598,431,Boolean,"@Transient, @ManyToOne"
C:\Users\Seba\IdeaProjects\eam-light-backend\eam-wshub-core\src\main\java\ch\cern\eam\wshub\core\services\equipment\entities\Equipment.java,ch.cern.eam.wshub.core.services.equipment.entities,Equipment,hierarchyPrimarySystemDesc,599,431,String,"@Transient, @InforField(xpath = { ""AssetParentHierarchy/AssetDependency/NONDEPENDENTPRIMARYSYSTEM/SYSTEMID/DESCRIPTION"", ""AssetParentHierarchy/PositionDependency/NONDEPENDENTPRIMARYSYSTEM/SYSTEMID/DESCRIPTION"", ""AssetParentHierarchy/PrimarySystemDependency/DEPENDENTPRIMARYSYSTEM/SYSTEMID/DESCRIPTION"", ""AssetParentHierarchy/SystemDependency/NONDEPENDENTPRIMARYSYSTEM/SYSTEMID/DESCRIPTION"", ""AssetParentHierarchy/LocationDependency/NONDEPENDENTPRIMARYSYSTEM/SYSTEMID/DESCRIPTION"", ""AssetParentHierarchy/NonDependentParents/NONDEPENDENTPRIMARYSYSTEM/SYSTEMID/DESCRIPTION"", ""PositionParentHierarchy/AssetDependency/NONDEPENDENTPRIMARYSYSTEM/SYSTEMID/DESCRIPTION"", ""PositionParentHierarchy/PositionDependency/NONDEPENDENTPRIMARYSYSTEM/SYSTEMID/DESCRIPTION"", ""PositionParentHierarchy/PrimarySystemDependency/DEPENDENTPRIMARYSYSTEM/SYSTEMID/DESCRIPTION"", ""PositionParentHierarchy/SystemDependency/NONDEPENDENTPRIMARYSYSTEM/SYSTEMID/DESCRIPTION"", ""PositionParentHierarchy/LocationDependency/NONDEPENDENTPRIMARYSYSTEM/SYSTEMID/DESCRIPTION"", ""PositionParentHierarchy/NonDependentParents/NONDEPENDENTPRIMARYSYSTEM/SYSTEMID/DESCRIPTION"", ""SystemParentHierarchy/NONDEPENDENTPRIMARYSYSTEM/SYSTEMID/DESCRIPTION"", ""SystemParentHierarchy/DEPENDENTPRIMARYSYSTEM/SYSTEMID/DESCRIPTION"" }, readOnly = true), @ManyToOne"
C:\Users\Seba\IdeaProjects\eam-light-backend\eam-wshub-core\src\main\java\ch\cern\eam\wshub\core\services\equipment\entities\Equipment.java,ch.cern.eam.wshub.core.services.equipment.entities,Equipment,hierarchyPrimarySystemOrg,600,431,String,"@Transient, @InforField(xpath = { ""AssetParentHierarchy/AssetDependency/NONDEPENDENTPRIMARYSYSTEM/SYSTEMID/ORGANIZATIONID/ORGANIZATIONCODE"", ""AssetParentHierarchy/PositionDependency/NONDEPENDENTPRIMARYSYSTEM/SYSTEMID/ORGANIZATIONID/ORGANIZATIONCODE"", ""AssetParentHierarchy/PrimarySystemDependency/DEPENDENTPRIMARYSYSTEM/SYSTEMID/ORGANIZATIONID/ORGANIZATIONCODE"", ""AssetParentHierarchy/SystemDependency/NONDEPENDENTPRIMARYSYSTEM/SYSTEMID/ORGANIZATIONID/ORGANIZATIONCODE"", ""AssetParentHierarchy/LocationDependency/NONDEPENDENTPRIMARYSYSTEM/SYSTEMID/ORGANIZATIONID/ORGANIZATIONCODE"", ""AssetParentHierarchy/NonDependentParents/NONDEPENDENTPRIMARYSYSTEM/SYSTEMID/ORGANIZATIONID/ORGANIZATIONCODE"", ""PositionParentHierarchy/AssetDependency/NONDEPENDENTPRIMARYSYSTEM/SYSTEMID/ORGANIZATIONID/ORGANIZATIONCODE"", ""PositionParentHierarchy/PositionDependency/NONDEPENDENTPRIMARYSYSTEM/SYSTEMID/ORGANIZATIONID/ORGANIZATIONCODE"", ""PositionParentHierarchy/PrimarySystemDependency/DEPENDENTPRIMARYSYSTEM/SYSTEMID/ORGANIZATIONID/ORGANIZATIONCODE"", ""PositionParentHierarchy/SystemDependency/NONDEPENDENTPRIMARYSYSTEM/SYSTEMID/ORGANIZATIONID/ORGANIZATIONCODE"", ""PositionParentHierarchy/LocationDependency/NONDEPENDENTPRIMARYSYSTEM/SYSTEMID/ORGANIZATIONID/ORGANIZATIONCODE"", ""PositionParentHierarchy/NonDependentParents/NONDEPENDENTPRIMARYSYSTEM/SYSTEMID/ORGANIZATIONID/ORGANIZATIONCODE"", ""SystemParentHierarchy/NONDEPENDENTPRIMARYSYSTEM/SYSTEMID/ORGANIZATIONID/ORGANIZATIONCODE"", ""SystemParentHierarchy/DEPENDENTPRIMARYSYSTEM/SYSTEMID/ORGANIZATIONID/ORGANIZATIONCODE"" }, readOnly = true), @ManyToOne"
C:\Users\Seba\IdeaProjects\eam-light-backend\eam-wshub-core\src\main\java\ch\cern\eam\wshub\core\services\equipment\entities\Equipment.java,ch.cern.eam.wshub.core.services.equipment.entities,Equipment,hierarchySystemCode,601,431,String,"@Transient, @ManyToOne"
C:\Users\Seba\IdeaProjects\eam-light-backend\eam-wshub-core\src\main\java\ch\cern\eam\wshub\core\services\equipment\entities\Equipment.java,ch.cern.eam.wshub.core.services.equipment.entities,Equipment,hierarchySystemCostRollUp,602,431,Boolean,"@Transient, @ManyToOne"
C:\Users\Seba\IdeaProjects\eam-light-backend\eam-wshub-core\src\main\java\ch\cern\eam\wshub\core\services\equipment\entities\Equipment.java,ch.cern.eam.wshub.core.services.equipment.entities,Equipment,hierarchySystemDependent,603,431,Boolean,"@Transient, @ManyToOne"
C:\Users\Seba\IdeaProjects\eam-light-backend\eam-wshub-core\src\main\java\ch\cern\eam\wshub\core\services\equipment\entities\Equipment.java,ch.cern.eam.wshub.core.services.equipment.entities,Equipment,hierarchySystemDesc,604,431,String,"@Transient, @ManyToOne"
C:\Users\Seba\IdeaProjects\eam-light-backend\eam-wshub-core\src\main\java\ch\cern\eam\wshub\core\services\administration\entities\GenericLov.java,ch.cern.eam.wshub.core.services.administration.entities,GenericLov,hint,605,,String,
C:\Users\Seba\IdeaProjects\eam-light-backend\eam-wshub-core\src\main\java\ch\cern\eam\wshub\core\services\workorders\entities\Activity.java,ch.cern.eam.wshub.core.services.workorders.entities,Activity,hoursRemaining,606,,BigDecimal,"@Column(name = ""ACT_REM""), @GridField(name = ""hrsremain""), @InforField(xpath = ""HOURSREMAINING"")"
C:\Users\Seba\IdeaProjects\eam-light-backend\eam-wshub-core\src\main\java\ch\cern\eam\wshub\core\services\workorders\entities\LaborBooking.java,ch.cern.eam.wshub.core.services.workorders.entities,LaborBooking,hoursWorked,607,,BigDecimal,"@Column(name = ""BOO_HOURS""), @GridField(name = ""hours"")"
C:\Users\Seba\IdeaProjects\eam-light-backend\eam-wshub-core\src\main\java\ch\cern\eam\wshub\core\services\equipment\entities\LinearReference.java,ch.cern.eam.wshub.core.services.equipment.entities,LinearReference,iconCode,608,,String,
C:\Users\Seba\IdeaProjects\eam-light-backend\eam-wshub-core\src\main\java\ch\cern\eam\wshub\core\services\equipment\entities\LinearReference.java,ch.cern.eam.wshub.core.services.equipment.entities,LinearReference,iconPath,609,,String,
C:\Users\Seba\IdeaProjects\eam-light-backend\eam-wshub-core\src\main\java\ch\cern\eam\wshub\core\services\equipment\entities\LinearReference.java,ch.cern.eam.wshub.core.services.equipment.entities,LinearReference,ID,610,,String,
C:\Users\Seba\IdeaProjects\eam-light-backend\eam-wshub-core\src\main\java\ch\cern\eam\wshub\core\services\grids\entities\DataspyField.java,ch.cern.eam.wshub.core.services.grids.entities,DataspyField,id,611,,String,"@Id, @Column(name = ""DQF_FIELDID"")"
C:\Users\Seba\IdeaProjects\eam-light-backend\eam-wshub-core\src\main\java\ch\cern\eam\wshub\core\services\grids\entities\GridField.java,ch.cern.eam.wshub.core.services.grids.entities,GridField,id,612,,String,"@Id, @Column(name = ""GFD_FIELDID"")"
C:\Users\Seba\IdeaProjects\eam-light-backend\eam-wshub-core\src\main\java\ch\cern\eam\wshub\core\services\grids\entities\GridRequestRow.java,ch.cern.eam.wshub.core.services.grids.entities,GridRequestRow,id,613,,String,"@XmlAttribute(name = ""id"")"
C:\Users\Seba\IdeaProjects\eam-light-backend\eam-wshub-core\src\main\java\ch\cern\eam\wshub\core\services\workorders\impl\Safety.java,ch.cern.eam.wshub.core.services.workorders.impl,Safety,id,614,,String,"@InforField(xpath = ""SAFETYCODE""), @GridField(name = ""entitysafetyid"", alternativeNames = { ""worksafety"" })"
C:\Users\Seba\IdeaProjects\eam-light-backend\eam-wshub-core\src\main\java\ch\cern\eam\wshub\core\services\equipment\entities\NonConformityObservation.java,ch.cern.eam.wshub.core.services.equipment.entities,NonConformityObservation,importance,615,,String,"@GridField(name = ""importance""), @InforField(xpath = ""OBSERVATIONIMPORTANCE/USERDEFINEDCODE"")"
C:\Users\Seba\IdeaProjects\eam-light-backend\eam-wshub-core\src\main\java\ch\cern\eam\wshub\core\services\material\entities\PhysicalInventory.java,ch.cern.eam.wshub.core.services.material.entities,PhysicalInventory,includeChildStores,616,,Boolean,"@InforField(xpath = ""INCLUDECHILDSTORES"")"
C:\Users\Seba\IdeaProjects\eam-light-backend\eam-wshub-core\src\main\java\ch\cern\eam\wshub\core\services\material\entities\PhysicalInventory.java,ch.cern.eam.wshub.core.services.material.entities,PhysicalInventory,includeConsignmentItem,617,,Boolean,"@InforField(xpath = ""INCLUDECONSIGNMENTITEM"")"
C:\Users\Seba\IdeaProjects\eam-light-backend\eam-wshub-core\src\main\java\ch\cern\eam\wshub\core\services\grids\entities\GridRequest.java,ch.cern.eam.wshub.core.services.grids.entities,GridRequest,includeMetadata,618,,Boolean,
C:\Users\Seba\IdeaProjects\eam-light-backend\eam-wshub-core\src\main\java\ch\cern\eam\wshub\core\services\material\entities\PhysicalInventory.java,ch.cern.eam.wshub.core.services.material.entities,PhysicalInventory,includeOutOfServiceItem,619,,Boolean,"@InforField(xpath = ""INCLUDEOUTOFSERVICEITEM"")"
C:\Users\Seba\IdeaProjects\eam-light-backend\eam-wshub-core\src\main\java\ch\cern\eam\wshub\core\client\InforClient.java,ch.cern.eam.wshub.core.client,InforClient,inforWebServicesToolkitClient,620,,InforWebServicesPT,
C:\Users\Seba\IdeaProjects\eam-light-backend\eam-wshub-core\src\main\java\ch\cern\eam\wshub\core\services\grids\impl\InforGrids.java,ch.cern.eam.wshub.core.services.grids.impl,InforGrids,inforws,621,,InforWebServicesPT,
C:\Users\Seba\IdeaProjects\eam-light-backend\eam-wshub-core\src\main\java\ch\cern\eam\wshub\core\services\grids\impl\JPAGrids.java,ch.cern.eam.wshub.core.services.grids.impl,JPAGrids,inforws,622,,InforWebServicesPT,
C:\Users\Seba\IdeaProjects\eam-light-backend\eam-wshub-core\src\main\java\ch\cern\eam\wshub\core\services\equipment\entities\Equipment.java,ch.cern.eam.wshub.core.services.equipment.entities,Equipment,inProduction,623,,Boolean,"@Transient, @InforField(xpath = ""INPRODUCTION"")"
C:\Users\Seba\IdeaProjects\eam-light-backend\eam-wshub-core\src\main\java\ch\cern\eam\wshub\core\services\administration\entities\GenericLov.java,ch.cern.eam.wshub.core.services.administration.entities,GenericLov,inputParams,624,,"Map<String,String>",
C:\Users\Seba\IdeaProjects\eam-light-backend\eam-wshub-core\src\main\java\ch\cern\eam\wshub\core\services\casemanagement\entities\EAMCaseManagement.java,ch.cern.eam.wshub.core.services.casemanagement.entities,EAMCaseManagement,inspectionDirectionCode,625,,String,"@InforField(xpath = ""LinearReferenceDetails/INSPECTIONDIRECTIONCODE"", nullifyParentLevel = 0)"
C:\Users\Seba\IdeaProjects\eam-light-backend\eam-wshub-core\src\main\java\ch\cern\eam\wshub\core\client\InforClient.java,ch.cern.eam.wshub.core.client,InforClient,inspectionService,626,,InspectionService,
C:\Users\Seba\IdeaProjects\eam-light-backend\eam-wshub-core\src\main\java\ch\cern\eam\wshub\core\services\userdefinedscreens\entities\UDTRow.java,ch.cern.eam.wshub.core.services.userdefinedscreens.entities,UDTRow,integers,627,,"HashMap<String,BigInteger>",
C:\Users\Seba\IdeaProjects\eam-light-backend\eam-wshub-core\src\main\java\ch\cern\eam\wshub\core\services\equipment\entities\NonConformityObservation.java,ch.cern.eam.wshub.core.services.equipment.entities,NonConformityObservation,intensity,628,,String,"@GridField(name = ""intensity_display""), @InforField(xpath = ""OBSERVATIONINTENSITY/USERDEFINEDCODE"")"
C:\Users\Seba\IdeaProjects\eam-light-backend\eam-wshub-core\src\main\java\ch\cern\eam\wshub\core\services\workorders\entities\InforCase.java,ch.cern.eam.wshub.core.services.workorders.entities,InforCase,intStudyNeedDetails,629,,String,@Transient
C:\Users\Seba\IdeaProjects\eam-light-backend\eam-wshub-core\src\main\java\ch\cern\eam\wshub\core\services\workorders\entities\InforCase.java,ch.cern.eam.wshub.core.services.workorders.entities,InforCase,intStudyNeedReqFlag,630,,String,@Transient
C:\Users\Seba\IdeaProjects\eam-light-backend\eam-wshub-core\src\main\java\ch\cern\eam\wshub\core\services\contractmanagement\entities\EquipmentReservationAdjustment.java,ch.cern.eam.wshub.core.services.contractmanagement.entities,EquipmentReservationAdjustment,invoice,631,,String,"@GridField(name = ""invoicecode""), @InforField(xpath = ""CUSTOMERCONTRACTINVOICEID/CUSTOMERCONTRACTINVOICECODE"")"
C:\Users\Seba\IdeaProjects\eam-light-backend\eam-wshub-core\src\main\java\ch\cern\eam\wshub\core\services\contractmanagement\entities\EquipmentReservationAdjustment.java,ch.cern.eam.wshub.core.services.contractmanagement.entities,EquipmentReservationAdjustment,invoiceOrgCode,632,,String,"@GridField(name = ""invoiceorg""), @InforField(xpath = ""CUSTOMERCONTRACTINVOICEID/ORGANIZATIONID/ORGANIZATIONCODE"")"
C:\Users\Seba\IdeaProjects\eam-light-backend\eam-wshub-core\src\main\java\ch\cern\eam\wshub\core\services\casemanagement\entities\EAMCaseManagement.java,ch.cern.eam.wshub.core.services.casemanagement.entities,EAMCaseManagement,isCaseHaveTasks,633,,String,"@InforField(xpath = ""is_casehavetasks"")"
C:\Users\Seba\IdeaProjects\eam-light-backend\eam-wshub-core\src\main\java\ch\cern\eam\wshub\core\services\casemanagement\entities\EAMCaseManagement.java,ch.cern.eam.wshub.core.services.casemanagement.entities,EAMCaseManagement,isEnhancedPlanningTask,634,,String,"@InforField(xpath = ""is_enhancedplanning_task"")"
C:\Users\Seba\IdeaProjects\eam-light-backend\eam-wshub-core\src\main\java\ch\cern\eam\wshub\core\services\casemanagement\entities\EAMCaseManagement.java,ch.cern.eam.wshub.core.services.casemanagement.entities,EAMCaseManagement,isHazardousMaterial,635,,Boolean,"@InforField(xpath = ""CaseDetails/ISHAZARDOUSMATERIAL"", booleanType = BooleanType.TRUE_FALSE, nullifyParentLevel = 0)"
C:\Users\Seba\IdeaProjects\eam-light-backend\eam-wshub-core\src\main\java\ch\cern\eam\wshub\core\services\workorders\entities\WorkOrder.java,ch.cern.eam.wshub.core.services.workorders.entities,WorkOrder,issType,636,,String,"@Transient, @InforField(xpath = ""EVTISSTYPE"")"
C:\Users\Seba\IdeaProjects\eam-light-backend\eam-wshub-core\src\main\java\ch\cern\eam\wshub\core\services\equipment\entities\Equipment.java,ch.cern.eam.wshub.core.services.equipment.entities,Equipment,issueTo,637,,String,"@Transient, @InforField(xpath = ""FleetVehicleInfo/ISSUETO/PERSONCODE"", nullifyParentLevel = 1)"
C:\Users\Seba\IdeaProjects\eam-light-backend\eam-wshub-core\src\main\java\ch\cern\eam\wshub\core\services\equipment\entities\NonConformityObservation.java,ch.cern.eam.wshub.core.services.equipment.entities,NonConformityObservation,jobNum,638,769,String,"@GridField(name = ""workordernum""), @InforField(xpath = { ""WORKORDERID/JOBNUM"", ""JOBNUM"" }), @ManyToOne"
C:\Users\Seba\IdeaProjects\eam-light-backend\eam-wshub-core\src\main\java\ch\cern\eam\wshub\core\services\material\entities\PickTicket.java,ch.cern.eam.wshub.core.services.material.entities,PickTicket,jobSequence,639,,Long,"@InforField(xpath = ""JOBSEQUENCE"")"
C:\Users\Seba\IdeaProjects\eam-light-backend\eam-wshub-core\src\main\java\ch\cern\eam\wshub\core\services\workorders\entities\WorkOrderActivityChecklist.java,ch.cern.eam.wshub.core.services.workorders.entities,WorkOrderActivityChecklist,jobSequence,640,,Long,"@InforField(xpath = ""JOBSEQUENCE"")"
C:\Users\Seba\IdeaProjects\eam-light-backend\eam-wshub-core\src\main\java\ch\cern\eam\wshub\core\services\workorders\entities\WorkOrderActivityChecklistSignature.java,ch.cern.eam.wshub.core.services.workorders.entities,WorkOrderActivityChecklistSignature,jobSequence,641,,BigInteger,"@InforField(xpath = ""JOBSEQUENCE"")"
C:\Users\Seba\IdeaProjects\eam-light-backend\eam-wshub-core\src\main\java\ch\cern\eam\wshub\core\services\grids\entities\GridRequestFilter.java,ch.cern.eam.wshub.core.services.grids.entities,GridRequestFilter,joiner,642,,JOINER,
C:\Users\Seba\IdeaProjects\eam-light-backend\eam-wshub-core\src\main\java\ch\cern\eam\wshub\core\services\grids\entities\GridRequest.java,ch.cern.eam.wshub.core.services.grids.entities,GridRequest,JPAType,643,,String,
C:\Users\Seba\IdeaProjects\eam-light-backend\eam-wshub-core\src\main\java\ch\cern\eam\wshub\core\services\workorders\entities\WorkOrder.java,ch.cern.eam.wshub.core.services.workorders.entities,WorkOrder,jtAuthCanDelete,644,,Boolean,@Transient
C:\Users\Seba\IdeaProjects\eam-light-backend\eam-wshub-core\src\main\java\ch\cern\eam\wshub\core\services\workorders\entities\WorkOrder.java,ch.cern.eam.wshub.core.services.workorders.entities,WorkOrder,jtAuthCanInsert,645,,Boolean,@Transient
C:\Users\Seba\IdeaProjects\eam-light-backend\eam-wshub-core\src\main\java\ch\cern\eam\wshub\core\services\workorders\entities\WorkOrder.java,ch.cern.eam.wshub.core.services.workorders.entities,WorkOrder,jtAuthCanUpdate,646,,Boolean,@Transient
C:\Users\Seba\IdeaProjects\eam-light-backend\eam-wshub-core\src\main\java\ch\cern\eam\wshub\core\client\InforContext.java,ch.cern.eam.wshub.core.client,InforContext,keepSession,647,,Boolean,
C:\Users\Seba\IdeaProjects\eam-light-backend\eam-wshub-core\src\main\java\ch\cern\eam\wshub\core\services\material\entities\BuildKitParam.java,ch.cern.eam.wshub.core.services.material.entities,BuildKitParam,kitBin,648,,String,
C:\Users\Seba\IdeaProjects\eam-light-backend\eam-wshub-core\src\main\java\ch\cern\eam\wshub\core\services\material\entities\BuildKitParam.java,ch.cern.eam.wshub.core.services.material.entities,BuildKitParam,kitLotDescription,649,,String,
C:\Users\Seba\IdeaProjects\eam-light-backend\eam-wshub-core\src\main\java\ch\cern\eam\wshub\core\services\material\entities\PartKitTemplate.java,ch.cern.eam.wshub.core.services.material.entities,PartKitTemplate,kitTemplatePartCode,650,827,String,@ManyToOne
C:\Users\Seba\IdeaProjects\eam-light-backend\eam-wshub-core\src\main\java\ch\cern\eam\wshub\core\services\entities\CustomField.java,ch.cern.eam.wshub.core.services.entities,CustomField,label,651,,String,
C:\Users\Seba\IdeaProjects\eam-light-backend\eam-wshub-core\src\main\java\ch\cern\eam\wshub\core\services\grids\entities\GridDataspy.java,ch.cern.eam.wshub.core.services.grids.entities,GridDataspy,label,652,,String,"@Column(name = ""dds_ddspyname"")"
C:\Users\Seba\IdeaProjects\eam-light-backend\eam-wshub-core\src\main\java\ch\cern\eam\wshub\core\services\grids\entities\GridField.java,ch.cern.eam.wshub.core.services.grids.entities,GridField,label,653,,String,"@Column(name = ""BOT_TEXT"")"
C:\Users\Seba\IdeaProjects\eam-light-backend\eam-wshub-core\src\main\java\ch\cern\eam\wshub\core\client\InforClient.java,ch.cern.eam.wshub.core.client,InforClient,laborBookingService,654,,LaborBookingService,
C:\Users\Seba\IdeaProjects\eam-light-backend\eam-wshub-core\src\main\java\ch\cern\eam\wshub\core\services\grids\entities\GridRequest.java,ch.cern.eam.wshub.core.services.grids.entities,GridRequest,lang,655,,String,
C:\Users\Seba\IdeaProjects\eam-light-backend\eam-wshub-core\src\main\java\ch\cern\eam\wshub\core\client\InforContext.java,ch.cern.eam.wshub.core.client,InforContext,language,656,,String,
C:\Users\Seba\IdeaProjects\eam-light-backend\eam-wshub-core\src\main\java\ch\cern\eam\wshub\core\services\administration\entities\EAMUser.java,ch.cern.eam.wshub.core.services.administration.entities,EAMUser,language,657,,String,"@Column(name = ""USR_LANG""), @InforField(xpath = ""LANGUAGE"")"
C:\Users\Seba\IdeaProjects\eam-light-backend\eam-wshub-core\src\main\java\ch\cern\eam\wshub\core\services\entities\Credentials.java,ch.cern.eam.wshub.core.services.entities,Credentials,language,658,,String,
C:\Users\Seba\IdeaProjects\eam-light-backend\eam-wshub-core\src\main\java\ch\cern\eam\wshub\core\services\equipment\entities\Equipment.java,ch.cern.eam.wshub.core.services.equipment.entities,Equipment,lastLocationCode,659,679,String,"@Transient, @ManyToOne"
C:\Users\Seba\IdeaProjects\eam-light-backend\eam-wshub-core\src\main\java\ch\cern\eam\wshub\core\services\equipment\entities\Equipment.java,ch.cern.eam.wshub.core.services.equipment.entities,Equipment,lastLocationDesc,660,679,String,"@Transient, @ManyToOne"
C:\Users\Seba\IdeaProjects\eam-light-backend\eam-wshub-core\src\main\java\ch\cern\eam\wshub\core\services\material\entities\Part.java,ch.cern.eam.wshub.core.services.material.entities,Part,lastPrice,661,,BigDecimal,"@Transient, @InforField(xpath = ""LASTPRICE"")"
C:\Users\Seba\IdeaProjects\eam-light-backend\eam-wshub-core\src\main\java\ch\cern\eam\wshub\core\services\equipment\entities\EquipmentGenerationEntity.java,ch.cern.eam.wshub.core.services.equipment.entities,EquipmentGenerationEntity,lastUpdatedDate,662,,Date,@Transient
C:\Users\Seba\IdeaProjects\eam-light-backend\eam-wshub-core\src\main\java\ch\cern\eam\wshub\core\services\grids\entities\GridRequestFilter.java,ch.cern.eam.wshub.core.services.grids.entities,GridRequestFilter,leftParenthesis,663,,Boolean,
C:\Users\Seba\IdeaProjects\eam-light-backend\eam-wshub-core\src\main\java\ch\cern\eam\wshub\core\services\equipment\entities\Equipment.java,ch.cern.eam.wshub.core.services.equipment.entities,Equipment,linearRefEquipmentLength,664,431,BigDecimal,"@Transient, @InforField(xpath = ""LINEARREFERENCEDETAILS/EQUIPMENTLENGTH"", nullifyParentLevel = 0), @ManyToOne"
C:\Users\Seba\IdeaProjects\eam-light-backend\eam-wshub-core\src\main\java\ch\cern\eam\wshub\core\services\equipment\entities\Equipment.java,ch.cern.eam.wshub.core.services.equipment.entities,Equipment,linearRefEquipmentLengthUOM,665,431,String,"@Transient, @InforField(xpath = ""LINEARREFERENCEDETAILS/EQUIPMENTLENGTHUOM"", nullifyParentLevel = 0), @ManyToOne"
C:\Users\Seba\IdeaProjects\eam-light-backend\eam-wshub-core\src\main\java\ch\cern\eam\wshub\core\client\InforClient.java,ch.cern.eam.wshub.core.client,InforClient,linearReferenceService,666,,LinearReferenceService,
C:\Users\Seba\IdeaProjects\eam-light-backend\eam-wshub-core\src\main\java\ch\cern\eam\wshub\core\services\equipment\entities\Equipment.java,ch.cern.eam.wshub.core.services.equipment.entities,Equipment,linearRefGeographicalRef,667,,String,"@Transient, @InforField(xpath = ""LINEARREFERENCEDETAILS/GEOGRAPHICALREFERENCE"", nullifyParentLevel = 0)"
C:\Users\Seba\IdeaProjects\eam-light-backend\eam-wshub-core\src\main\java\ch\cern\eam\wshub\core\services\equipment\entities\Equipment.java,ch.cern.eam.wshub.core.services.equipment.entities,Equipment,linearRefPrecision,668,,String,"@Transient, @InforField(xpath = ""LINEARREFERENCEDETAILS/LINEARREFPRECISION"", nullifyParentLevel = 0)"
C:\Users\Seba\IdeaProjects\eam-light-backend\eam-wshub-core\src\main\java\ch\cern\eam\wshub\core\services\casemanagement\entities\EAMCaseManagement.java,ch.cern.eam.wshub.core.services.casemanagement.entities,EAMCaseManagement,linearRefUom,669,,String,"@InforField(xpath = ""LinearReferenceDetails/LINEARREFUOM"", nullifyParentLevel = 0)"
C:\Users\Seba\IdeaProjects\eam-light-backend\eam-wshub-core\src\main\java\ch\cern\eam\wshub\core\services\equipment\entities\Equipment.java,ch.cern.eam.wshub.core.services.equipment.entities,Equipment,linearRefUOM,670,,String,"@Transient, @InforField(xpath = ""LINEARREFERENCEDETAILS/LINEARREFUOM"", nullifyParentLevel = 0)"
C:\Users\Seba\IdeaProjects\eam-light-backend\eam-wshub-core\src\main\java\ch\cern\eam\wshub\core\services\comments\entities\Comment.java,ch.cern.eam.wshub.core.services.comments.entities,Comment,lineNumber,671,,String,
C:\Users\Seba\IdeaProjects\eam-light-backend\eam-wshub-core\src\main\java\ch\cern\eam\wshub\core\services\material\entities\PhysicalInventoryRow.java,ch.cern.eam.wshub.core.services.material.entities,PhysicalInventoryRow,lineNumber,672,,BigInteger,"@Id, @Column(name = ""STL_LINE""), @InforField(xpath = ""TRANSACTIONLINEID/TRANSACTIONLINENUM"")"
C:\Users\Seba\IdeaProjects\eam-light-backend\eam-wshub-core\src\main\java\ch\cern\eam\wshub\core\services\workorders\entities\InforCase.java,ch.cern.eam.wshub.core.services.workorders.entities,InforCase,links,673,,int,@Transient
C:\Users\Seba\IdeaProjects\eam-light-backend\eam-wshub-core\src\main\java\ch\cern\eam\wshub\core\services\equipment\entities\EquipmentGraphRequest.java,ch.cern.eam.wshub.core.services.equipment.entities,EquipmentGraphRequest,linkTypes,674,,String,
C:\Users\Seba\IdeaProjects\eam-light-backend\eam-wshub-core\src\main\java\ch\cern\eam\wshub\core\services\administration\entities\EAMUser.java,ch.cern.eam.wshub.core.services.administration.entities,EAMUser,locale,675,,String,"@Column(name = ""USR_LOCALE""), @InforField(xpath = ""LOCALE"")"
C:\Users\Seba\IdeaProjects\eam-light-backend\eam-wshub-core\src\main\java\ch\cern\eam\wshub\core\client\InforContext.java,ch.cern.eam.wshub.core.client,InforContext,localizeResults,676,,Boolean,
C:\Users\Seba\IdeaProjects\eam-light-backend\eam-wshub-core\src\main\java\ch\cern\eam\wshub\core\services\equipment\entities\EquipmentPMSchedule.java,ch.cern.eam.wshub.core.services.equipment.entities,EquipmentPMSchedule,location,677,679,String,"@Transient, @ManyToOne"
C:\Users\Seba\IdeaProjects\eam-light-backend\eam-wshub-core\src\main\java\ch\cern\eam\wshub\core\tools\ExceptionInfo.java,ch.cern.eam.wshub.core.tools,ExceptionInfo,location,678,679,String,@ManyToOne
C:\Users\Seba\IdeaProjects\eam-light-backend\eam-wshub-core\src\main\java\ch\cern\eam\wshub\core\services\equipment\entities\Location.java,ch.cern.eam.wshub.core.services.equipment.entities,Location,code,679,,String,"@Id, @Column(name = ""OBJ_CODE""), @InforField(xpath = ""LOCATIONID/LOCATIONCODE"")"
C:\Users\Seba\IdeaProjects\eam-light-backend\eam-wshub-core\src\main\java\ch\cern\eam\wshub\core\services\casemanagement\entities\EAMCaseManagement.java,ch.cern.eam.wshub.core.services.casemanagement.entities,EAMCaseManagement,locationCode,680,679,String,"@InforField(xpath = ""CaseDetails/LOCATIONID/LOCATIONCODE"", nullifyParentLevel = 1), @ManyToOne"
C:\Users\Seba\IdeaProjects\eam-light-backend\eam-wshub-core\src\main\java\ch\cern\eam\wshub\core\services\equipment\entities\NonConformityObservation.java,ch.cern.eam.wshub.core.services.equipment.entities,NonConformityObservation,locationCode,681,679,String,"@GridField(name = ""location""), @InforField(xpath = ""LOCATIONID/LOCATIONCODE""), @ManyToOne"
C:\Users\Seba\IdeaProjects\eam-light-backend\eam-wshub-core\src\main\java\ch\cern\eam\wshub\core\services\workorders\entities\InforCase.java,ch.cern.eam.wshub.core.services.workorders.entities,InforCase,locationCode,682,679,String,"@Transient, @ManyToOne"
C:\Users\Seba\IdeaProjects\eam-light-backend\eam-wshub-core\src\main\java\ch\cern\eam\wshub\core\services\workorders\entities\WorkOrder.java,ch.cern.eam.wshub.core.services.workorders.entities,WorkOrder,locationCode,683,679,String,"@Transient, @InforField(xpath = ""LOCATIONID/LOCATIONCODE""), @ManyToOne"
C:\Users\Seba\IdeaProjects\eam-light-backend\eam-wshub-core\src\main\java\ch\cern\eam\wshub\core\services\equipment\entities\NonConformityObservation.java,ch.cern.eam.wshub.core.services.equipment.entities,NonConformityObservation,locationDesc,684,679,String,"@GridField(name = ""locationdesc""), @InforField(xpath = ""LOCATIONID/DESCRIPTION""), @ManyToOne"
C:\Users\Seba\IdeaProjects\eam-light-backend\eam-wshub-core\src\main\java\ch\cern\eam\wshub\core\services\workorders\entities\InforCase.java,ch.cern.eam.wshub.core.services.workorders.entities,InforCase,locationDesc,685,679,String,"@Transient, @ManyToOne"
C:\Users\Seba\IdeaProjects\eam-light-backend\eam-wshub-core\src\main\java\ch\cern\eam\wshub\core\services\workorders\entities\WorkOrder.java,ch.cern.eam.wshub.core.services.workorders.entities,WorkOrder,locationDesc,686,679,String,"@Transient, @InforField(xpath = ""LOCATIONID/DESCRIPTION"", readOnly = true), @ManyToOne"
C:\Users\Seba\IdeaProjects\eam-light-backend\eam-wshub-core\src\main\java\ch\cern\eam\wshub\core\services\workorders\entities\WorkOrder.java,ch.cern.eam.wshub.core.services.workorders.entities,WorkOrder,locationOrganization,687,679,String,"@Transient, @InforField(xpath = ""LOCATIONID/ORGANIZATIONID/ORGANIZATIONCODE"", nullifyParentLevel = 2), @ManyToOne"
C:\Users\Seba\IdeaProjects\eam-light-backend\eam-wshub-core\src\main\java\ch\cern\eam\wshub\core\services\equipment\entities\NonConformityObservation.java,ch.cern.eam.wshub.core.services.equipment.entities,NonConformityObservation,locationOrgCode,688,679,String,"@GridField(name = ""locationorg""), @InforField(xpath = ""LOCATIONID/ORGANIZATIONID/ORGANIZATIONCODE""), @ManyToOne"
C:\Users\Seba\IdeaProjects\eam-light-backend\eam-wshub-core\src\main\java\ch\cern\eam\wshub\core\client\InforClient.java,ch.cern.eam.wshub.core.client,InforClient,locationService,689,,LocationService,
C:\Users\Seba\IdeaProjects\eam-light-backend\eam-wshub-core\src\main\java\ch\cern\eam\wshub\core\services\material\entities\Part.java,ch.cern.eam.wshub.core.services.material.entities,Part,longDescription,690,,String,"@Transient, @InforField(xpath = ""LONGDESCRIPTION"")"
C:\Users\Seba\IdeaProjects\eam-light-backend\eam-wshub-core\src\main\java\ch\cern\eam\wshub\core\services\casemanagement\entities\EAMCaseManagement.java,ch.cern.eam.wshub.core.services.casemanagement.entities,EAMCaseManagement,lostproductivityhours,691,,BigDecimal,"@InforField(xpath = ""RouteCauseAnalysisDetails/LOSTPRODUCTIVITYHOURS"", nullifyParentLevel = 0)"
C:\Users\Seba\IdeaProjects\eam-light-backend\eam-wshub-core\src\main\java\ch\cern\eam\wshub\core\services\equipment\entities\Equipment.java,ch.cern.eam.wshub.core.services.equipment.entities,Equipment,lot,692,,String,"@Transient, @InforField(xpath = ""PartAssociation/STORELOCATION/LOT"", enforceValidXpath = false, nullifyParentLevel = 0)"
C:\Users\Seba\IdeaProjects\eam-light-backend\eam-wshub-core\src\main\java\ch\cern\eam\wshub\core\services\material\entities\BuildKitPartParam.java,ch.cern.eam.wshub.core.services.material.entities,BuildKitPartParam,lot,693,,String,
C:\Users\Seba\IdeaProjects\eam-light-backend\eam-wshub-core\src\main\java\ch\cern\eam\wshub\core\services\material\entities\IssueReturnPartTransactionLine.java,ch.cern.eam.wshub.core.services.material.entities,IssueReturnPartTransactionLine,lot,694,,String,"@InforField(xpath = ""LOT"")"
C:\Users\Seba\IdeaProjects\eam-light-backend\eam-wshub-core\src\main\java\ch\cern\eam\wshub\core\services\material\entities\NoPoReceiptPart.java,ch.cern.eam.wshub.core.services.material.entities,NoPoReceiptPart,lot,695,,String,"@GridField(name = ""lotcode""), @InforField(xpath = ""Lot/LOTID/LOTCODE"")"
C:\Users\Seba\IdeaProjects\eam-light-backend\eam-wshub-core\src\main\java\ch\cern\eam\wshub\core\services\material\entities\PartStock.java,ch.cern.eam.wshub.core.services.material.entities,PartStock,lot,696,,String,"@GridField(name = ""bislot"")"
C:\Users\Seba\IdeaProjects\eam-light-backend\eam-wshub-core\src\main\java\ch\cern\eam\wshub\core\services\material\entities\PhysicalInventoryRow.java,ch.cern.eam.wshub.core.services.material.entities,PhysicalInventoryRow,lot,697,,String,"@Column(name = ""STL_LOT""), @InforField(xpath = ""LOT"")"
C:\Users\Seba\IdeaProjects\eam-light-backend\eam-wshub-core\src\main\java\ch\cern\eam\wshub\core\services\material\entities\StoreTransactionPartLine.java,ch.cern.eam.wshub.core.services.material.entities,StoreTransactionPartLine,lotCode,698,,String,"@InforField(xpath = ""LOTID/LOTCODE"")"
C:\Users\Seba\IdeaProjects\eam-light-backend\eam-wshub-core\src\main\java\ch\cern\eam\wshub\core\services\administration\entities\GenericLov.java,ch.cern.eam.wshub.core.services.administration.entities,GenericLov,lovName,699,,String,
C:\Users\Seba\IdeaProjects\eam-light-backend\eam-wshub-core\src\main\java\ch\cern\eam\wshub\core\services\entities\CustomField.java,ch.cern.eam.wshub.core.services.entities,CustomField,lovType,700,,String,
C:\Users\Seba\IdeaProjects\eam-light-backend\eam-wshub-core\src\main\java\ch\cern\eam\wshub\core\services\entities\CustomField.java,ch.cern.eam.wshub.core.services.entities,CustomField,lovValidate,701,,String,
C:\Users\Seba\IdeaProjects\eam-light-backend\eam-wshub-core\src\main\java\ch\cern\eam\wshub\core\services\material\entities\NoPoReceiptPart.java,ch.cern.eam.wshub.core.services.material.entities,NoPoReceiptPart,manufacturer,702,,String,"@GridField(name = ""manufacturerlot""), @InforField(xpath = ""MANUFACTLOT"")"
C:\Users\Seba\IdeaProjects\eam-light-backend\eam-wshub-core\src\main\java\ch\cern\eam\wshub\core\services\equipment\entities\Category.java,ch.cern.eam.wshub.core.services.equipment.entities,Category,manufacturerCode,703,,String,"@Transient, @InforField(xpath = ""MANUFACTURERID/MANUFACTURERCODE"")"
C:\Users\Seba\IdeaProjects\eam-light-backend\eam-wshub-core\src\main\java\ch\cern\eam\wshub\core\services\equipment\entities\Equipment.java,ch.cern.eam.wshub.core.services.equipment.entities,Equipment,manufacturerCode,704,,String,"@Transient, @InforField(xpath = ""ManufacturerInfo/MANUFACTURERCODE"", nullifyParentLevel = 0)"
C:\Users\Seba\IdeaProjects\eam-light-backend\eam-wshub-core\src\main\java\ch\cern\eam\wshub\core\services\equipment\entities\EquipmentConfigurationEntity.java,ch.cern.eam.wshub.core.services.equipment.entities,EquipmentConfigurationEntity,manufacturerCode,705,,String,"@Transient, @InforField(xpath = ""TrackingDetails/MANUFACTURERCODE"")"
C:\Users\Seba\IdeaProjects\eam-light-backend\eam-wshub-core\src\main\java\ch\cern\eam\wshub\core\services\material\entities\PartManufacturer.java,ch.cern.eam.wshub.core.services.material.entities,PartManufacturer,manufacturerCode,706,,String,"@InforField(xpath = ""MANUFACTURERID/MANUFACTURERCODE"", nullifyParentLevel = 0)"
C:\Users\Seba\IdeaProjects\eam-light-backend\eam-wshub-core\src\main\java\ch\cern\eam\wshub\core\services\equipment\entities\Category.java,ch.cern.eam.wshub.core.services.equipment.entities,Category,manufacturerDesc,707,,String,"@Transient, @InforField(xpath = ""MANUFACTURERID/DESCRIPTION"")"
C:\Users\Seba\IdeaProjects\eam-light-backend\eam-wshub-core\src\main\java\ch\cern\eam\wshub\core\services\equipment\entities\Equipment.java,ch.cern.eam.wshub.core.services.equipment.entities,Equipment,manufacturerDesc,708,,String,@Transient
C:\Users\Seba\IdeaProjects\eam-light-backend\eam-wshub-core\src\main\java\ch\cern\eam\wshub\core\services\material\entities\PartManufacturer.java,ch.cern.eam.wshub.core.services.material.entities,PartManufacturer,manufacturerDesc,709,,String,"@InforField(xpath = ""MANUFACTURERID/DESCRIPTION"")"
C:\Users\Seba\IdeaProjects\eam-light-backend\eam-wshub-core\src\main\java\ch\cern\eam\wshub\core\services\material\entities\PartManufacturer.java,ch.cern.eam.wshub.core.services.material.entities,PartManufacturer,manufacturerPartNumber,710,827,String,"@InforField(xpath = ""MANUFACTURERPARTCODE"", nullifyParentLevel = 0), @ManyToOne"
C:\Users\Seba\IdeaProjects\eam-light-backend\eam-wshub-core\src\main\java\ch\cern\eam\wshub\core\services\material\entities\PartManufacturer.java,ch.cern.eam.wshub.core.services.material.entities,PartManufacturer,manufacturerPartNumberNew,711,827,String,"@InforField(xpath = ""manufacturerpartcode_new"", nullifyParentLevel = 0), @ManyToOne"
C:\Users\Seba\IdeaProjects\eam-light-backend\eam-wshub-core\src\main\java\ch\cern\eam\wshub\core\services\workorders\entities\Activity.java,ch.cern.eam.wshub.core.services.workorders.entities,Activity,materialList,712,,String,"@Column(name = ""ACT_MATLIST""), @GridField(name = ""matlcode""), @InforField(xpath = ""MATLIST/MTLCODE"")"
C:\Users\Seba\IdeaProjects\eam-light-backend\eam-wshub-core\src\main\java\ch\cern\eam\wshub\core\services\equipment\entities\NonConformityObservation.java,ch.cern.eam.wshub.core.services.equipment.entities,NonConformityObservation,materialType,713,,String,"@GridField(name = ""materialtype""), @InforField(xpath = ""MATERIALTYPE/USERDEFINEDCODE"")"
C:\Users\Seba\IdeaProjects\eam-light-backend\eam-wshub-core\src\main\java\ch\cern\eam\wshub\core\services\equipment\entities\EquipmentGraphRequest.java,ch.cern.eam.wshub.core.services.equipment.entities,EquipmentGraphRequest,maxDepth,714,,int,
C:\Users\Seba\IdeaProjects\eam-light-backend\eam-wshub-core\src\main\java\ch\cern\eam\wshub\core\services\workorders\entities\WorkOrderActivityChecklistItem.java,ch.cern.eam.wshub.core.services.workorders.entities,WorkOrderActivityChecklistItem,maximumValue,715,,BigInteger,
C:\Users\Seba\IdeaProjects\eam-light-backend\eam-wshub-core\src\main\java\ch\cern\eam\wshub\core\services\workorders\entities\WorkOrderActivityChecklistItem.java,ch.cern.eam.wshub.core.services.workorders.entities,WorkOrderActivityChecklistItem,maximumValue2,716,,BigInteger,
C:\Users\Seba\IdeaProjects\eam-light-backend\eam-wshub-core\src\main\java\ch\cern\eam\wshub\core\services\entities\CustomField.java,ch.cern.eam.wshub.core.services.entities,CustomField,maxValue,717,,String,
C:\Users\Seba\IdeaProjects\eam-light-backend\eam-wshub-core\src\main\java\ch\cern\eam\wshub\core\client\InforClient.java,ch.cern.eam.wshub.core.client,InforClient,mecService,718,,MECService,
C:\Users\Seba\IdeaProjects\eam-light-backend\eam-wshub-core\src\main\java\ch\cern\eam\wshub\core\tools\ExceptionInfo.java,ch.cern.eam.wshub.core.tools,ExceptionInfo,message,719,,String,
C:\Users\Seba\IdeaProjects\eam-light-backend\eam-wshub-core\src\main\java\ch\cern\eam\wshub\core\services\equipment\entities\EquipmentPMSchedule.java,ch.cern.eam.wshub.core.services.equipment.entities,EquipmentPMSchedule,meter1Due,720,,BigDecimal,@Transient
C:\Users\Seba\IdeaProjects\eam-light-backend\eam-wshub-core\src\main\java\ch\cern\eam\wshub\core\services\equipment\entities\EquipmentPMSchedule.java,ch.cern.eam.wshub.core.services.equipment.entities,EquipmentPMSchedule,meter1Interval,721,,BigDecimal,@Transient
C:\Users\Seba\IdeaProjects\eam-light-backend\eam-wshub-core\src\main\java\ch\cern\eam\wshub\core\services\equipment\entities\EquipmentPMSchedule.java,ch.cern.eam.wshub.core.services.equipment.entities,EquipmentPMSchedule,meter1UOM,722,,String,@Transient
C:\Users\Seba\IdeaProjects\eam-light-backend\eam-wshub-core\src\main\java\ch\cern\eam\wshub\core\services\equipment\entities\EquipmentPMSchedule.java,ch.cern.eam.wshub.core.services.equipment.entities,EquipmentPMSchedule,meter2Due,723,,BigDecimal,@Transient
C:\Users\Seba\IdeaProjects\eam-light-backend\eam-wshub-core\src\main\java\ch\cern\eam\wshub\core\services\equipment\entities\EquipmentPMSchedule.java,ch.cern.eam.wshub.core.services.equipment.entities,EquipmentPMSchedule,meter2Interval,724,,BigDecimal,@Transient
C:\Users\Seba\IdeaProjects\eam-light-backend\eam-wshub-core\src\main\java\ch\cern\eam\wshub\core\services\equipment\entities\EquipmentPMSchedule.java,ch.cern.eam.wshub.core.services.equipment.entities,EquipmentPMSchedule,meter2UOM,725,,String,@Transient
C:\Users\Seba\IdeaProjects\eam-light-backend\eam-wshub-core\src\main\java\ch\cern\eam\wshub\core\services\equipment\entities\Equipment.java,ch.cern.eam.wshub.core.services.equipment.entities,Equipment,meterUnit,726,,String,"@Transient, @InforField(xpath = ""METERUNIT"")"
C:\Users\Seba\IdeaProjects\eam-light-backend\eam-wshub-core\src\main\java\ch\cern\eam\wshub\core\services\material\entities\PartSupplier.java,ch.cern.eam.wshub.core.services.material.entities,PartSupplier,minimumOrderQty,727,,BigDecimal,
C:\Users\Seba\IdeaProjects\eam-light-backend\eam-wshub-core\src\main\java\ch\cern\eam\wshub\core\services\material\entities\PartStore.java,ch.cern.eam.wshub.core.services.material.entities,PartStore,minimumQty,728,,BigDecimal,
C:\Users\Seba\IdeaProjects\eam-light-backend\eam-wshub-core\src\main\java\ch\cern\eam\wshub\core\services\workorders\entities\WorkOrderActivityChecklistItem.java,ch.cern.eam.wshub.core.services.workorders.entities,WorkOrderActivityChecklistItem,minimumValue,729,,BigInteger,
C:\Users\Seba\IdeaProjects\eam-light-backend\eam-wshub-core\src\main\java\ch\cern\eam\wshub\core\services\workorders\entities\WorkOrderActivityChecklistItem.java,ch.cern.eam.wshub.core.services.workorders.entities,WorkOrderActivityChecklistItem,minimumValue2,730,,BigInteger,
C:\Users\Seba\IdeaProjects\eam-light-backend\eam-wshub-core\src\main\java\ch\cern\eam\wshub\core\services\entities\CustomField.java,ch.cern.eam.wshub.core.services.entities,CustomField,minValue,731,,String,
C:\Users\Seba\IdeaProjects\eam-light-backend\eam-wshub-core\src\main\java\ch\cern\eam\wshub\core\services\equipment\entities\NonConformityObservation.java,ch.cern.eam.wshub.core.services.equipment.entities,NonConformityObservation,mobileDateAcknowledged,732,,String,"@GridField(name = ""mobiledateacknowledged""), @InforField(xpath = ""MOBILEDATEACKNOWLEDGED"")"
C:\Users\Seba\IdeaProjects\eam-light-backend\eam-wshub-core\src\main\java\ch\cern\eam\wshub\core\services\workorders\entities\Employee.java,ch.cern.eam.wshub.core.services.workorders.entities,Employee,mobilePhone,733,,String,"@Column(name = ""PER_MOBILEPHONENO""), @InforField(xpath = ""MOBILEPHONENUMBER"")"
C:\Users\Seba\IdeaProjects\eam-light-backend\eam-wshub-core\src\main\java\ch\cern\eam\wshub\core\services\equipment\entities\Equipment.java,ch.cern.eam.wshub.core.services.equipment.entities,Equipment,model,734,,String,"@Transient, @InforField(xpath = ""ManufacturerInfo/MODEL"", nullifyParentLevel = 0)"
C:\Users\Seba\IdeaProjects\eam-light-backend\eam-wshub-core\src\main\java\ch\cern\eam\wshub\core\services\equipment\entities\EquipmentConfigurationEntity.java,ch.cern.eam.wshub.core.services.equipment.entities,EquipmentConfigurationEntity,model,735,,String,"@Transient, @InforField(xpath = ""TrackingDetails/MODEL"")"
C:\Users\Seba\IdeaProjects\eam-light-backend\eam-wshub-core\src\main\java\ch\cern\eam\wshub\core\services\equipment\entities\EquipmentConfigurationEntity.java,ch.cern.eam.wshub.core.services.equipment.entities,EquipmentConfigurationEntity,modelRevision,736,,String,"@Transient, @InforField(xpath = ""TrackingDetails/MODELREVISION"")"
C:\Users\Seba\IdeaProjects\eam-light-backend\eam-wshub-core\src\main\java\ch\cern\eam\wshub\core\services\grids\entities\GridRequestResult.java,ch.cern.eam.wshub.core.services.grids.entities,GridRequestResult,moreRowsPresent,737,,String,
C:\Users\Seba\IdeaProjects\eam-light-backend\eam-wshub-core\src\main\java\ch\cern\eam\wshub\core\services\workorders\entities\Employee.java,ch.cern.eam.wshub.core.services.workorders.entities,Employee,MRC,738,,String,"@Column(name = ""PER_MRC""), @InforField(xpath = ""DEPARTMENTCODE"")"
C:\Users\Seba\IdeaProjects\eam-light-backend\eam-wshub-core\src\main\java\ch\cern\eam\wshub\core\services\grids\entities\GridField.java,ch.cern.eam.wshub.core.services.grids.entities,GridField,name,739,,String,"@Column(name = ""GFD_TAGNAME"")"
C:\Users\Seba\IdeaProjects\eam-light-backend\eam-wshub-core\src\main\java\ch\cern\eam\wshub\core\tools\ExceptionInfo.java,ch.cern.eam.wshub.core.tools,ExceptionInfo,name,740,,String,
C:\Users\Seba\IdeaProjects\eam-light-backend\eam-wshub-core\src\main\java\ch\cern\eam\wshub\core\services\equipment\entities\NonConformityObservation.java,ch.cern.eam.wshub.core.services.equipment.entities,NonConformityObservation,ncfestlaborcost,741,,BigDecimal,"@GridField(name = ""ncfestlaborcost""), @InforField(xpath = ""TrackingDetails/ESTIMATEDLABORCOST"")"
C:\Users\Seba\IdeaProjects\eam-light-backend\eam-wshub-core\src\main\java\ch\cern\eam\wshub\core\services\equipment\entities\NonConformityObservation.java,ch.cern.eam.wshub.core.services.equipment.entities,NonConformityObservation,ncfestmatlcost,742,,BigDecimal,"@GridField(name = ""ncfestmatlcost""), @InforField(xpath = ""TrackingDetails/ESTIMATEDMATERIALCOST"")"
C:\Users\Seba\IdeaProjects\eam-light-backend\eam-wshub-core\src\main\java\ch\cern\eam\wshub\core\services\equipment\entities\NonConformityObservation.java,ch.cern.eam.wshub.core.services.equipment.entities,NonConformityObservation,ncfestmisccost,743,,BigDecimal,"@GridField(name = ""ncfestmisccost""), @InforField(xpath = ""TrackingDetails/ESTIMATEDMISCELLANEOUSCOST"")"
C:\Users\Seba\IdeaProjects\eam-light-backend\eam-wshub-core\src\main\java\ch\cern\eam\wshub\core\services\equipment\entities\NonConformityObservation.java,ch.cern.eam.wshub.core.services.equipment.entities,NonConformityObservation,ncftotalestcost,744,,BigDecimal,"@GridField(name = ""ncftotalestcost""), @InforField(xpath = ""TrackingDetails/ESTIMATEDTOTALCOST"")"
C:\Users\Seba\IdeaProjects\eam-light-backend\eam-wshub-core\src\main\java\ch\cern\eam\wshub\core\services\workorders\entities\InforCase.java,ch.cern.eam.wshub.core.services.workorders.entities,InforCase,needs,745,,int,@Transient
C:\Users\Seba\IdeaProjects\eam-light-backend\eam-wshub-core\src\main\java\ch\cern\eam\wshub\core\services\workorders\entities\InforCase.java,ch.cern.eam.wshub.core.services.workorders.entities,InforCase,needsDone,746,,int,@Transient
C:\Users\Seba\IdeaProjects\eam-light-backend\eam-wshub-core\src\main\java\ch\cern\eam\wshub\core\services\workorders\entities\InforCase.java,ch.cern.eam.wshub.core.services.workorders.entities,InforCase,needsUndone,747,,int,@Transient
C:\Users\Seba\IdeaProjects\eam-light-backend\eam-wshub-core\src\main\java\ch\cern\eam\wshub\core\services\workorders\entities\WorkOrderActivityChecklistItem.java,ch.cern.eam.wshub.core.services.workorders.entities,WorkOrderActivityChecklistItem,newCheckListCode,748,,String,
C:\Users\Seba\IdeaProjects\eam-light-backend\eam-wshub-core\src\main\java\ch\cern\eam\wshub\core\services\material\entities\Part.java,ch.cern.eam.wshub.core.services.material.entities,Part,newCode,749,,String,@Transient
C:\Users\Seba\IdeaProjects\eam-light-backend\eam-wshub-core\src\main\java\ch\cern\eam\wshub\core\services\equipment\entities\EquipmentReplacement.java,ch.cern.eam.wshub.core.services.equipment.entities,EquipmentReplacement,newEquipment,750,431,String,@ManyToOne
C:\Users\Seba\IdeaProjects\eam-light-backend\eam-wshub-core\src\main\java\ch\cern\eam\wshub\core\services\equipment\entities\EquipmentReplacement.java,ch.cern.eam.wshub.core.services.equipment.entities,EquipmentReplacement,newEquipmentDesc,751,431,String,@ManyToOne
C:\Users\Seba\IdeaProjects\eam-light-backend\eam-wshub-core\src\main\java\ch\cern\eam\wshub\core\services\equipment\entities\EquipmentReplacement.java,ch.cern.eam.wshub.core.services.equipment.entities,EquipmentReplacement,newEquipmentStatus,752,431,String,@ManyToOne
C:\Users\Seba\IdeaProjects\eam-light-backend\eam-wshub-core\src\main\java\ch\cern\eam\wshub\core\services\equipment\entities\EquipmentStructure.java,ch.cern.eam.wshub.core.services.equipment.entities,EquipmentStructure,newParentCode,753,,String,
C:\Users\Seba\IdeaProjects\eam-light-backend\eam-wshub-core\src\main\java\ch\cern\eam\wshub\core\services\equipment\entities\EquipmentStructure.java,ch.cern.eam.wshub.core.services.equipment.entities,EquipmentStructure,newParentDesc,754,,String,
C:\Users\Seba\IdeaProjects\eam-light-backend\eam-wshub-core\src\main\java\ch\cern\eam\wshub\core\services\equipment\entities\EquipmentStructure.java,ch.cern.eam.wshub.core.services.equipment.entities,EquipmentStructure,newParentType,755,,String,
C:\Users\Seba\IdeaProjects\eam-light-backend\eam-wshub-core\src\main\java\ch\cern\eam\wshub\core\services\workorders\entities\WorkOrderActivityChecklistItem.java,ch.cern.eam.wshub.core.services.workorders.entities,WorkOrderActivityChecklistItem,newWorkOrderCode,756,769,String,@ManyToOne
C:\Users\Seba\IdeaProjects\eam-light-backend\eam-wshub-core\src\main\java\ch\cern\eam\wshub\core\services\equipment\entities\NonConformityObservation.java,ch.cern.eam.wshub.core.services.equipment.entities,NonConformityObservation,nextInspectDate,757,,Date,"@GridField(name = ""nextinspectdate""), @InforField(xpath = ""TrackingDetails/NEXTINSPECTIONDATE"")"
C:\Users\Seba\IdeaProjects\eam-light-backend\eam-wshub-core\src\main\java\ch\cern\eam\wshub\core\services\equipment\entities\NonConformityObservation.java,ch.cern.eam.wshub.core.services.equipment.entities,NonConformityObservation,nextInspectDateOverride,758,,Date,"@Setter, @GridField(name = ""nextinspectdateoverride""), @InforField(xpath = ""TrackingDetails/NEXTINSPECTIONDATEOVERRIDE"")"
C:\Users\Seba\IdeaProjects\eam-light-backend\eam-wshub-core\src\main\java\ch\cern\eam\wshub\core\services\equipment\entities\NonConformityObservation.java,ch.cern.eam.wshub.core.services.equipment.entities,NonConformityObservation,nonConformityCode,759,,String,"@GridField(name = ""nonconformity""), @InforField(xpath = { ""NONCONFORMITYOBSERVATIONID/NONCONFORMITYCODE"", ""NONCONFORMITYID/STANDARDENTITYCODE"" })"
C:\Users\Seba\IdeaProjects\eam-light-backend\eam-wshub-core\src\main\java\ch\cern\eam\wshub\core\services\equipment\entities\NonConformityObservation.java,ch.cern.eam.wshub.core.services.equipment.entities,NonConformityObservation,nonConformityNote,760,,String,"@GridField(name = ""nonconformitynote""), @InforField(xpath = ""NONCONFORMITYNOTE"")"
C:\Users\Seba\IdeaProjects\eam-light-backend\eam-wshub-core\src\main\java\ch\cern\eam\wshub\core\client\InforClient.java,ch.cern.eam.wshub.core.client,InforClient,nonConformityObservationService,761,,NonConformityObservationService,
C:\Users\Seba\IdeaProjects\eam-light-backend\eam-wshub-core\src\main\java\ch\cern\eam\wshub\core\client\InforClient.java,ch.cern.eam.wshub.core.client,InforClient,nonconformityService,762,,NonconformityService,
C:\Users\Seba\IdeaProjects\eam-light-backend\eam-wshub-core\src\main\java\ch\cern\eam\wshub\core\client\InforClient.java,ch.cern.eam.wshub.core.client,InforClient,nonPoReceiptPartService,763,,NonPoReceiptPartService,
C:\Users\Seba\IdeaProjects\eam-light-backend\eam-wshub-core\src\main\java\ch\cern\eam\wshub\core\client\InforClient.java,ch.cern.eam.wshub.core.client,InforClient,nonPoReceiptService,764,,NonPoReceiptService,
C:\Users\Seba\IdeaProjects\eam-light-backend\eam-wshub-core\src\main\java\ch\cern\eam\wshub\core\services\workorders\entities\WorkOrderActivityChecklistItem.java,ch.cern.eam.wshub.core.services.workorders.entities,WorkOrderActivityChecklistItem,notApplicableOption,765,,String,
C:\Users\Seba\IdeaProjects\eam-light-backend\eam-wshub-core\src\main\java\ch\cern\eam\wshub\core\services\equipment\entities\NonConformityObservation.java,ch.cern.eam.wshub.core.services.equipment.entities,NonConformityObservation,note,766,,String,"@GridField(name = ""note""), @InforField(xpath = ""NOTE"")"
C:\Users\Seba\IdeaProjects\eam-light-backend\eam-wshub-core\src\main\java\ch\cern\eam\wshub\core\services\workorders\entities\WorkOrderActivityChecklistSignature.java,ch.cern.eam.wshub.core.services.workorders.entities,WorkOrderActivityChecklistSignature,note,767,,String,"@InforField(xpath = ""ACTIVITYID/ACTIVITYNOTE"")"
C:\Users\Seba\IdeaProjects\eam-light-backend\eam-wshub-core\src\main\java\ch\cern\eam\wshub\core\services\workorders\entities\WorkOrderActivityChecklistItem.java,ch.cern.eam.wshub.core.services.workorders.entities,WorkOrderActivityChecklistItem,notes,768,,String,
C:\Users\Seba\IdeaProjects\eam-light-backend\eam-wshub-core\src\main\java\ch\cern\eam\wshub\core\services\workorders\entities\WorkOrder.java,ch.cern.eam.wshub.core.services.workorders.entities,WorkOrder,number,769,,String,"@Column(name = ""EVT_CODE""), @Id, @InforField(xpath = ""WORKORDERID/JOBNUM"")"
C:\Users\Seba\IdeaProjects\eam-light-backend\eam-wshub-core\src\main\java\ch\cern\eam\wshub\core\services\material\entities\BuildKitParam.java,ch.cern.eam.wshub.core.services.material.entities,BuildKitParam,numberofKit,770,,String,
C:\Users\Seba\IdeaProjects\eam-light-backend\eam-wshub-core\src\main\java\ch\cern\eam\wshub\core\services\userdefinedscreens\entities\UDLValue.java,ch.cern.eam.wshub.core.services.userdefinedscreens.entities,UDLValue,numberValue,771,,BigDecimal,
C:\Users\Seba\IdeaProjects\eam-light-backend\eam-wshub-core\src\main\java\ch\cern\eam\wshub\core\services\grids\customfields\GridCustomFieldHandler.java,ch.cern.eam.wshub.core.services.grids.customfields,GridCustomFieldHandler,NUMERICAL_VALUE,772,,String,
C:\Users\Seba\IdeaProjects\eam-light-backend\eam-wshub-core\src\main\java\ch\cern\eam\wshub\core\services\workorders\entities\WorkOrderActivityChecklistItem.java,ch.cern.eam.wshub.core.services.workorders.entities,WorkOrderActivityChecklistItem,numericValue,773,,BigDecimal,
C:\Users\Seba\IdeaProjects\eam-light-backend\eam-wshub-core\src\main\java\ch\cern\eam\wshub\core\services\workorders\entities\WorkOrderActivityChecklistItem.java,ch.cern.eam.wshub.core.services.workorders.entities,WorkOrderActivityChecklistItem,numericValue2,774,,BigDecimal,
C:\Users\Seba\IdeaProjects\eam-light-backend\eam-wshub-core\src\main\java\ch\cern\eam\wshub\core\services\workorders\entities\RouteEquipment.java,ch.cern.eam.wshub.core.services.workorders.entities,RouteEquipment,objRType,775,,String,"@Column(name = ""ROB_OBRTYPE"")"
C:\Users\Seba\IdeaProjects\eam-light-backend\eam-wshub-core\src\main\java\ch\cern\eam\wshub\core\services\workorders\entities\RouteEquipment.java,ch.cern.eam.wshub.core.services.workorders.entities,RouteEquipment,objType,776,,String,"@Column(name = ""ROB_OBTYPE"")"
C:\Users\Seba\IdeaProjects\eam-light-backend\eam-wshub-core\src\main\java\ch\cern\eam\wshub\core\services\equipment\entities\NonConformityObservation.java,ch.cern.eam.wshub.core.services.equipment.entities,NonConformityObservation,observationNum,777,,String,"@GridField(name = ""observation""), @InforField(xpath = ""NONCONFORMITYOBSERVATIONID/OBSERVATIONNUM"")"
C:\Users\Seba\IdeaProjects\eam-light-backend\eam-wshub-core\src\main\java\ch\cern\eam\wshub\core\services\equipment\entities\NonConformityObservation.java,ch.cern.eam.wshub.core.services.equipment.entities,NonConformityObservation,observationPk,778,,String,"@GridField(name = ""nonconformitypk""), @InforField(xpath = ""NONCONFORMITYOBSERVATIONID/OBSERVATIONPK"")"
C:\Users\Seba\IdeaProjects\eam-light-backend\eam-wshub-core\src\main\java\ch\cern\eam\wshub\core\services\equipment\entities\NonConformityObservation.java,ch.cern.eam.wshub.core.services.equipment.entities,NonConformityObservation,observationStatusCode,779,,String,"@GridField(name = ""rstatus""), @InforField(xpath = ""OBSERVATIONSTATUS/STATUSCODE"")"
C:\Users\Seba\IdeaProjects\eam-light-backend\eam-wshub-core\src\main\java\ch\cern\eam\wshub\core\services\workorders\entities\WorkOrderActivityChecklistItem.java,ch.cern.eam.wshub.core.services.workorders.entities,WorkOrderActivityChecklistItem,occurrence,780,,String,
C:\Users\Seba\IdeaProjects\eam-light-backend\eam-wshub-core\src\main\java\ch\cern\eam\wshub\core\services\equipment\entities\EquipmentReplacement.java,ch.cern.eam.wshub.core.services.equipment.entities,EquipmentReplacement,oldEquipment,781,431,String,@ManyToOne
C:\Users\Seba\IdeaProjects\eam-light-backend\eam-wshub-core\src\main\java\ch\cern\eam\wshub\core\services\equipment\entities\EquipmentReplacement.java,ch.cern.eam.wshub.core.services.equipment.entities,EquipmentReplacement,oldEquipmentDesc,782,431,String,@ManyToOne
C:\Users\Seba\IdeaProjects\eam-light-backend\eam-wshub-core\src\main\java\ch\cern\eam\wshub\core\services\equipment\entities\EquipmentReplacement.java,ch.cern.eam.wshub.core.services.equipment.entities,EquipmentReplacement,oldEquipmentState,783,431,String,@ManyToOne
C:\Users\Seba\IdeaProjects\eam-light-backend\eam-wshub-core\src\main\java\ch\cern\eam\wshub\core\services\equipment\entities\EquipmentReplacement.java,ch.cern.eam.wshub.core.services.equipment.entities,EquipmentReplacement,oldEquipmentStatus,784,431,String,@ManyToOne
C:\Users\Seba\IdeaProjects\eam-light-backend\eam-wshub-core\src\main\java\ch\cern\eam\wshub\core\services\grids\entities\GridRequestFilter.java,ch.cern.eam.wshub.core.services.grids.entities,GridRequestFilter,operator,785,,String,
C:\Users\Seba\IdeaProjects\eam-light-backend\eam-wshub-core\src\main\java\ch\cern\eam\wshub\core\services\grids\customfields\DataspyCustomField.java,ch.cern.eam.wshub.core.services.grids.customfields,DataspyCustomField,order,786,,String,"@Column(name = ""DCF_ORDER"")"
C:\Users\Seba\IdeaProjects\eam-light-backend\eam-wshub-core\src\main\java\ch\cern\eam\wshub\core\services\grids\entities\DataspyField.java,ch.cern.eam.wshub.core.services.grids.entities,DataspyField,order,787,,int,"@Column(name = ""DQF_COLUMNORDER"")"
C:\Users\Seba\IdeaProjects\eam-light-backend\eam-wshub-core\src\main\java\ch\cern\eam\wshub\core\services\grids\entities\GridField.java,ch.cern.eam.wshub.core.services.grids.entities,GridField,order,788,,Integer,"@Column(name = ""dqf_columnorder"")"
C:\Users\Seba\IdeaProjects\eam-light-backend\eam-wshub-core\src\main\java\ch\cern\eam\wshub\core\services\grids\entities\GridRequestCell.java,ch.cern.eam.wshub.core.services.grids.entities,GridRequestCell,order,789,,int,"@XmlAttribute(name = ""order"")"
C:\Users\Seba\IdeaProjects\eam-light-backend\eam-wshub-core\src\main\java\ch\cern\eam\wshub\core\services\material\entities\PartStore.java,ch.cern.eam.wshub.core.services.material.entities,PartStore,orderQty,790,,BigDecimal,
C:\Users\Seba\IdeaProjects\eam-light-backend\eam-wshub-core\src\main\java\ch\cern\eam\wshub\core\services\comments\entities\Comment.java,ch.cern.eam.wshub.core.services.comments.entities,Comment,organization,791,,String,
C:\Users\Seba\IdeaProjects\eam-light-backend\eam-wshub-core\src\main\java\ch\cern\eam\wshub\core\services\entities\Entity.java,ch.cern.eam.wshub.core.services.entities,Entity,organization,792,,String,
C:\Users\Seba\IdeaProjects\eam-light-backend\eam-wshub-core\src\main\java\ch\cern\eam\wshub\core\services\equipment\entities\Equipment.java,ch.cern.eam.wshub.core.services.equipment.entities,Equipment,organization,793,,String,"@Transient, @InforField(xpath = { ""ASSETID/ORGANIZATIONID/ORGANIZATIONCODE"", ""POSITIONID/ORGANIZATIONID/ORGANIZATIONCODE"", ""SYSTEMID/ORGANIZATIONID/ORGANIZATIONCODE"" }, readOnly = true)"
C:\Users\Seba\IdeaProjects\eam-light-backend\eam-wshub-core\src\main\java\ch\cern\eam\wshub\core\services\material\entities\NoPoReceipt.java,ch.cern.eam.wshub.core.services.material.entities,NoPoReceipt,organization,794,,String,"@InforField(xpath = ""TRANSACTIONID/ORGANIZATIONID/ORGANIZATIONCODE"")"
C:\Users\Seba\IdeaProjects\eam-light-backend\eam-wshub-core\src\main\java\ch\cern\eam\wshub\core\services\material\entities\Part.java,ch.cern.eam.wshub.core.services.material.entities,Part,organization,795,,String,"@Column(name = ""PAR_ORG""), @InforField(xpath = ""PARTID/ORGANIZATIONID/ORGANIZATIONCODE"")"
C:\Users\Seba\IdeaProjects\eam-light-backend\eam-wshub-core\src\main\java\ch\cern\eam\wshub\core\services\workorders\entities\WorkOrder.java,ch.cern.eam.wshub.core.services.workorders.entities,WorkOrder,organization,796,,String,"@Column(name = ""EVT_ORG""), @InforField(xpath = ""WORKORDERID/ORGANIZATIONID/ORGANIZATIONCODE"")"
C:\Users\Seba\IdeaProjects\eam-light-backend\eam-wshub-core\src\main\java\ch\cern\eam\wshub\core\client\InforContext.java,ch.cern.eam.wshub.core.client,InforContext,organizationCode,797,,String,
C:\Users\Seba\IdeaProjects\eam-light-backend\eam-wshub-core\src\main\java\ch\cern\eam\wshub\core\services\equipment\entities\EquipmentConfigurationEntity.java,ch.cern.eam.wshub.core.services.equipment.entities,EquipmentConfigurationEntity,organizationCode,798,,String,"@Transient, @InforField(xpath = ""EQUIPMENTCONFIGURATIONID/ORGANIZATIONID/ORGANIZATIONCODE"")"
C:\Users\Seba\IdeaProjects\eam-light-backend\eam-wshub-core\src\main\java\ch\cern\eam\wshub\core\services\equipment\entities\EquipmentGenerationEntity.java,ch.cern.eam.wshub.core.services.equipment.entities,EquipmentGenerationEntity,organizationCode,799,,String,@Transient
C:\Users\Seba\IdeaProjects\eam-light-backend\eam-wshub-core\src\main\java\ch\cern\eam\wshub\core\services\equipment\entities\NonConformityObservation.java,ch.cern.eam.wshub.core.services.equipment.entities,NonConformityObservation,organizationCode,800,,String,"@GridField(name = ""organization""), @InforField(xpath = ""NONCONFORMITYOBSERVATIONID/ORGANIZATIONID/ORGANIZATIONCODE"")"
C:\Users\Seba\IdeaProjects\eam-light-backend\eam-wshub-core\src\main\java\ch\cern\eam\wshub\core\services\workorders\entities\WorkOrderActivityChecklist.java,ch.cern.eam.wshub.core.services.workorders.entities,WorkOrderActivityChecklist,organizationCode,801,,String,"@InforField(xpath = ""ACTIVITYID/WORKORDERID/ORGANIZATIONID/ORGANIZATIONCODE"")"
C:\Users\Seba\IdeaProjects\eam-light-backend\eam-wshub-core\src\main\java\ch\cern\eam\wshub\core\services\equipment\entities\EquipmentConfigurationEntity.java,ch.cern.eam.wshub.core.services.equipment.entities,EquipmentConfigurationEntity,organizationDesc,802,,String,"@Transient, @InforField(xpath = ""EQUIPMENTCONFIGURATIONID/ORGANIZATIONID/DESCRIPTION"", readOnly = true)"
C:\Users\Seba\IdeaProjects\eam-light-backend\eam-wshub-core\src\main\java\ch\cern\eam\wshub\core\services\equipment\entities\EquipmentGenerationEntity.java,ch.cern.eam.wshub.core.services.equipment.entities,EquipmentGenerationEntity,organizationDesc,803,,String,@Transient
C:\Users\Seba\IdeaProjects\eam-light-backend\eam-wshub-core\src\main\java\ch\cern\eam\wshub\core\services\contractmanagement\entities\EquipmentReservationAdjustment.java,ch.cern.eam.wshub.core.services.contractmanagement.entities,EquipmentReservationAdjustment,orgCode,804,,String,"@GridField(name = ""adjustmentorg""), @InforField(xpath = ""ADJUSTMENTID/ORGANIZATIONID/ORGANIZATIONCODE"")"
C:\Users\Seba\IdeaProjects\eam-light-backend\eam-wshub-core\src\main\java\ch\cern\eam\wshub\core\services\equipment\entities\Equipment.java,ch.cern.eam.wshub.core.services.equipment.entities,Equipment,originalInstallDate,805,,Date,"@Transient, @InforField(xpath = ""ORIGINALINSTALLDATE"")"
C:\Users\Seba\IdeaProjects\eam-light-backend\eam-wshub-core\src\main\java\ch\cern\eam\wshub\core\services\equipment\entities\Equipment.java,ch.cern.eam.wshub.core.services.equipment.entities,Equipment,originalReceiptDate,806,,Date,"@Transient, @InforField(xpath = ""ORIGINALRECEIPTDATE"")"
C:\Users\Seba\IdeaProjects\eam-light-backend\eam-wshub-core\src\main\java\ch\cern\eam\wshub\core\services\equipment\entities\EquipmentDepreciation.java,ch.cern.eam.wshub.core.services.equipment.entities,EquipmentDepreciation,originalValue,807,,BigDecimal,@Transient
C:\Users\Seba\IdeaProjects\eam-light-backend\eam-wshub-core\src\main\java\ch\cern\eam\wshub\core\services\material\entities\PickTicket.java,ch.cern.eam.wshub.core.services.material.entities,PickTicket,originCode,808,,String,"@InforField(xpath = ""ORIGINID/USERCODE"")"
C:\Users\Seba\IdeaProjects\eam-light-backend\eam-wshub-core\src\main\java\ch\cern\eam\wshub\core\services\workorders\entities\WorkOrder.java,ch.cern.eam.wshub.core.services.workorders.entities,WorkOrder,origWO,809,769,String,"@Column(name = ""EVT_ORIGWO""), @ManyToOne"
C:\Users\Seba\IdeaProjects\eam-light-backend\eam-wshub-core\src\main\java\ch\cern\eam\wshub\core\services\equipment\entities\Equipment.java,ch.cern.eam.wshub.core.services.equipment.entities,Equipment,outOfService,810,,Boolean,"@Transient, @InforField(xpath = ""OUTOFSERVICE"")"
C:\Users\Seba\IdeaProjects\eam-light-backend\eam-wshub-core\src\main\java\ch\cern\eam\wshub\core\services\equipment\entities\Location.java,ch.cern.eam.wshub.core.services.equipment.entities,Location,outOfService,811,,Boolean,"@Transient, @InforField(xpath = ""OUTOFSERVICE"", booleanType = BooleanType.TRUE_FALSE)"
C:\Users\Seba\IdeaProjects\eam-light-backend\eam-wshub-core\src\main\java\ch\cern\eam\wshub\core\services\material\entities\Bin.java,ch.cern.eam.wshub.core.services.material.entities,Bin,outOfService,812,,Boolean,"@InforField(xpath = ""OUTOFSERVICE"", booleanType = BooleanType.PLUS_MINUS)"
C:\Users\Seba\IdeaProjects\eam-light-backend\eam-wshub-core\src\main\java\ch\cern\eam\wshub\core\services\material\entities\Part.java,ch.cern.eam.wshub.core.services.material.entities,Part,outOfService,813,,Boolean,"@Transient, @InforField(xpath = ""OUTOFSERVICE"")"
C:\Users\Seba\IdeaProjects\eam-light-backend\eam-wshub-core\src\main\java\ch\cern\eam\wshub\core\services\material\entities\PartManufacturer.java,ch.cern.eam.wshub.core.services.material.entities,PartManufacturer,outOfService,814,,Boolean,"@InforField(xpath = ""OUTOFSERVICE"", booleanType = BooleanType.TRUE_FALSE)"
C:\Users\Seba\IdeaProjects\eam-light-backend\eam-wshub-core\src\main\java\ch\cern\eam\wshub\core\services\workorders\entities\Employee.java,ch.cern.eam.wshub.core.services.workorders.entities,Employee,outOfService,815,,String,"@InforField(xpath = ""OUTOFSERVICE"")"
C:\Users\Seba\IdeaProjects\eam-light-backend\eam-wshub-core\src\main\java\ch\cern\eam\wshub\core\services\grids\impl\JPAGrids.java,ch.cern.eam.wshub.core.services.grids.impl,JPAGrids,paramManager,816,,InstallParametersManager,
C:\Users\Seba\IdeaProjects\eam-light-backend\eam-wshub-core\src\main\java\ch\cern\eam\wshub\core\services\grids\entities\GridRequest.java,ch.cern.eam.wshub.core.services.grids.entities,GridRequest,params,817,,"Map<String,String>",
C:\Users\Seba\IdeaProjects\eam-light-backend\eam-wshub-core\src\main\java\ch\cern\eam\wshub\core\services\equipment\entities\EquipmentStructure.java,ch.cern.eam.wshub.core.services.equipment.entities,EquipmentStructure,parentCode,818,,String,
C:\Users\Seba\IdeaProjects\eam-light-backend\eam-wshub-core\src\main\java\ch\cern\eam\wshub\core\services\equipment\entities\EquipmentStructure.java,ch.cern.eam.wshub.core.services.equipment.entities,EquipmentStructure,parentDesc,819,,String,
C:\Users\Seba\IdeaProjects\eam-light-backend\eam-wshub-core\src\main\java\ch\cern\eam\wshub\core\services\equipment\entities\EquipmentStructure.java,ch.cern.eam.wshub.core.services.equipment.entities,EquipmentStructure,parentType,820,,String,
C:\Users\Seba\IdeaProjects\eam-light-backend\eam-wshub-core\src\main\java\ch\cern\eam\wshub\core\services\workorders\entities\WorkOrder.java,ch.cern.eam.wshub.core.services.workorders.entities,WorkOrder,parentWO,821,769,String,"@Transient, @InforField(xpath = ""PARENTWO/JOBNUM""), @ManyToOne"
C:\Users\Seba\IdeaProjects\eam-light-backend\eam-wshub-core\src\main\java\ch\cern\eam\wshub\core\services\workorders\entities\WorkOrder.java,ch.cern.eam.wshub.core.services.workorders.entities,WorkOrder,parentWODesc,822,,String,"@Transient, @InforField(xpath = ""PARENTWO/DESCRIPTION"", readOnly = true)"
C:\Users\Seba\IdeaProjects\eam-light-backend\eam-wshub-core\src\main\java\ch\cern\eam\wshub\core\services\material\entities\PartSubstitute.java,ch.cern.eam.wshub.core.services.material.entities,PartSubstitute,partA,823,827,String,@ManyToOne
C:\Users\Seba\IdeaProjects\eam-light-backend\eam-wshub-core\src\main\java\ch\cern\eam\wshub\core\services\material\entities\PartSubstitute.java,ch.cern.eam.wshub.core.services.material.entities,PartSubstitute,partB,824,827,String,@ManyToOne
C:\Users\Seba\IdeaProjects\eam-light-backend\eam-wshub-core\src\main\java\ch\cern\eam\wshub\core\client\InforClient.java,ch.cern.eam.wshub.core.client,InforClient,partBinStockService,825,,PartBinStockService,
C:\Users\Seba\IdeaProjects\eam-light-backend\eam-wshub-core\src\main\java\ch\cern\eam\wshub\core\services\material\entities\PhysicalInventory.java,ch.cern.eam.wshub.core.services.material.entities,PhysicalInventory,partClass,826,827,String,"@InforField(xpath = ""PARTCLASSID/CLASSCODE""), @ManyToOne"
C:\Users\Seba\IdeaProjects\eam-light-backend\eam-wshub-core\src\main\java\ch\cern\eam\wshub\core\services\material\entities\Part.java,ch.cern.eam.wshub.core.services.material.entities,Part,code,827,,String,"@Id, @Column(name = ""PAR_CODE""), @InforField(xpath = ""PARTID/PARTCODE"")"
C:\Users\Seba\IdeaProjects\eam-light-backend\eam-wshub-core\src\main\java\ch\cern\eam\wshub\core\services\equipment\entities\Equipment.java,ch.cern.eam.wshub.core.services.equipment.entities,Equipment,partCode,828,827,String,"@Transient, @InforField(xpath = ""PartAssociation/PARTID/PARTCODE"", enforceValidXpath = false, nullifyParentLevel = 0), @ManyToOne"
C:\Users\Seba\IdeaProjects\eam-light-backend\eam-wshub-core\src\main\java\ch\cern\eam\wshub\core\services\equipment\entities\EquipmentConfigurationEntity.java,ch.cern.eam.wshub.core.services.equipment.entities,EquipmentConfigurationEntity,partCode,829,827,String,"@Transient, @InforField(xpath = ""PARTID/PARTCODE""), @ManyToOne"
C:\Users\Seba\IdeaProjects\eam-light-backend\eam-wshub-core\src\main\java\ch\cern\eam\wshub\core\services\equipment\entities\NonConformityObservation.java,ch.cern.eam.wshub.core.services.equipment.entities,NonConformityObservation,partCode,830,827,String,"@GridField(name = ""part""), @InforField(xpath = ""PARTID/PARTCODE""), @ManyToOne"
C:\Users\Seba\IdeaProjects\eam-light-backend\eam-wshub-core\src\main\java\ch\cern\eam\wshub\core\services\material\entities\BuildKitPartParam.java,ch.cern.eam.wshub.core.services.material.entities,BuildKitPartParam,partCode,831,827,String,@ManyToOne
C:\Users\Seba\IdeaProjects\eam-light-backend\eam-wshub-core\src\main\java\ch\cern\eam\wshub\core\services\material\entities\IssueReturnPartTransactionLine.java,ch.cern.eam.wshub.core.services.material.entities,IssueReturnPartTransactionLine,partCode,832,827,String,"@InforField(xpath = ""PARTID/PARTCODE""), @ManyToOne"
C:\Users\Seba\IdeaProjects\eam-light-backend\eam-wshub-core\src\main\java\ch\cern\eam\wshub\core\services\material\entities\PartAssociation.java,ch.cern.eam.wshub.core.services.material.entities,PartAssociation,partCode,833,827,String,"@Column(name = ""EPA_PART""), @ManyToOne"
C:\Users\Seba\IdeaProjects\eam-light-backend\eam-wshub-core\src\main\java\ch\cern\eam\wshub\core\services\material\entities\PartKitTemplate.java,ch.cern.eam.wshub.core.services.material.entities,PartKitTemplate,partCode,834,827,String,@ManyToOne
C:\Users\Seba\IdeaProjects\eam-light-backend\eam-wshub-core\src\main\java\ch\cern\eam\wshub\core\services\material\entities\PartManufacturer.java,ch.cern.eam.wshub.core.services.material.entities,PartManufacturer,partCode,835,827,String,"@InforField(xpath = ""PARTID/PARTCODE"", nullifyParentLevel = 0), @ManyToOne"
C:\Users\Seba\IdeaProjects\eam-light-backend\eam-wshub-core\src\main\java\ch\cern\eam\wshub\core\services\material\entities\PartStock.java,ch.cern.eam.wshub.core.services.material.entities,PartStock,partCode,836,827,String,"@GridField(name = ""conditionpartcode""), @ManyToOne"
C:\Users\Seba\IdeaProjects\eam-light-backend\eam-wshub-core\src\main\java\ch\cern\eam\wshub\core\services\material\entities\PartStore.java,ch.cern.eam.wshub.core.services.material.entities,PartStore,partCode,837,827,String,@ManyToOne
C:\Users\Seba\IdeaProjects\eam-light-backend\eam-wshub-core\src\main\java\ch\cern\eam\wshub\core\services\material\entities\PartSupplier.java,ch.cern.eam.wshub.core.services.material.entities,PartSupplier,partCode,838,827,String,@ManyToOne
C:\Users\Seba\IdeaProjects\eam-light-backend\eam-wshub-core\src\main\java\ch\cern\eam\wshub\core\services\material\entities\PickTicketPart.java,ch.cern.eam.wshub.core.services.material.entities,PickTicketPart,partCode,839,827,String,@ManyToOne
C:\Users\Seba\IdeaProjects\eam-light-backend\eam-wshub-core\src\main\java\ch\cern\eam\wshub\core\services\material\entities\StoreTransactionPartLine.java,ch.cern.eam.wshub.core.services.material.entities,StoreTransactionPartLine,partCode,840,827,String,"@InforField(xpath = ""PARTID/PARTCODE""), @ManyToOne"
C:\Users\Seba\IdeaProjects\eam-light-backend\eam-wshub-core\src\main\java\ch\cern\eam\wshub\core\services\material\entities\NoPoReceiptPart.java,ch.cern.eam.wshub.core.services.material.entities,NoPoReceiptPart,part,841,827,String,"@GridField(name = ""partcode""), @InforField(xpath = ""PARTID/PARTCODE""), @ManyToOne"
C:\Users\Seba\IdeaProjects\eam-light-backend\eam-wshub-core\src\main\java\ch\cern\eam\wshub\core\services\material\entities\PhysicalInventory.java,ch.cern.eam.wshub.core.services.material.entities,PhysicalInventory,part,842,827,String,"@InforField(xpath = ""PARTID/PARTCODE""), @ManyToOne"
C:\Users\Seba\IdeaProjects\eam-light-backend\eam-wshub-core\src\main\java\ch\cern\eam\wshub\core\services\material\entities\PhysicalInventoryRow.java,ch.cern.eam.wshub.core.services.material.entities,PhysicalInventoryRow,part,843,827,String,"@Column(name = ""STL_PART""), @InforField(xpath = ""PARTID/PARTCODE""), @ManyToOne"
C:\Users\Seba\IdeaProjects\eam-light-backend\eam-wshub-core\src\main\java\ch\cern\eam\wshub\core\services\material\entities\StoreTransactionPartLine.java,ch.cern.eam.wshub.core.services.material.entities,StoreTransactionPartLine,partConditionTemplateConditionCode,844,827,String,"@InforField(xpath = ""PARTCONDITIONTEMPLATECONDITIONCODE""), @ManyToOne"
C:\Users\Seba\IdeaProjects\eam-light-backend\eam-wshub-core\src\main\java\ch\cern\eam\wshub\core\services\equipment\entities\Equipment.java,ch.cern.eam.wshub.core.services.equipment.entities,Equipment,partDesc,845,827,String,"@Transient, @InforField(xpath = ""PartAssociation/PARTID/DESCRIPTION"", enforceValidXpath = false, readOnly = true), @ManyToOne"
C:\Users\Seba\IdeaProjects\eam-light-backend\eam-wshub-core\src\main\java\ch\cern\eam\wshub\core\services\equipment\entities\NonConformityObservation.java,ch.cern.eam.wshub.core.services.equipment.entities,NonConformityObservation,partDesc,846,827,String,"@GridField(name = ""partdesc""), @InforField(xpath = ""PARTID/DESCRIPTION""), @ManyToOne"
C:\Users\Seba\IdeaProjects\eam-light-backend\eam-wshub-core\src\main\java\ch\cern\eam\wshub\core\services\material\entities\IssueReturnPartTransactionLine.java,ch.cern.eam.wshub.core.services.material.entities,IssueReturnPartTransactionLine,partDesc,847,827,String,"@InforField(xpath = ""PARTID/DESCRIPTION"", readOnly = true), @ManyToOne"
C:\Users\Seba\IdeaProjects\eam-light-backend\eam-wshub-core\src\main\java\ch\cern\eam\wshub\core\services\material\entities\NoPoReceiptPart.java,ch.cern.eam.wshub.core.services.material.entities,NoPoReceiptPart,partDescription,848,827,String,"@GridField(name = ""partdesc""), @InforField(xpath = ""PARTID/DESCRIPTION""), @ManyToOne"
C:\Users\Seba\IdeaProjects\eam-light-backend\eam-wshub-core\src\main\java\ch\cern\eam\wshub\core\services\material\entities\BuildKitParam.java,ch.cern.eam.wshub.core.services.material.entities,BuildKitParam,partKitCode,849,827,String,@ManyToOne
C:\Users\Seba\IdeaProjects\eam-light-backend\eam-wshub-core\src\main\java\ch\cern\eam\wshub\core\client\InforClient.java,ch.cern.eam.wshub.core.client,InforClient,partKitService,850,,PartKitService,
C:\Users\Seba\IdeaProjects\eam-light-backend\eam-wshub-core\src\main\java\ch\cern\eam\wshub\core\services\material\entities\BuildKitParam.java,ch.cern.eam.wshub.core.services.material.entities,BuildKitParam,partLines,851,827,List<BuildKitPartParam>,@ManyToOne
C:\Users\Seba\IdeaProjects\eam-light-backend\eam-wshub-core\src\main\java\ch\cern\eam\wshub\core\services\material\entities\Store2StoreTransferDTO.java,ch.cern.eam.wshub.core.services.material.entities,Store2StoreTransferDTO,partLines,852,827,List<StoreTransactionPartLine>,@ManyToOne
C:\Users\Seba\IdeaProjects\eam-light-backend\eam-wshub-core\src\main\java\ch\cern\eam\wshub\core\client\InforClient.java,ch.cern.eam.wshub.core.client,InforClient,partLotService,853,,PartLotService,
C:\Users\Seba\IdeaProjects\eam-light-backend\eam-wshub-core\src\main\java\ch\cern\eam\wshub\core\client\InforClient.java,ch.cern.eam.wshub.core.client,InforClient,partManufacturerService,854,,PartManufacturerService,
C:\Users\Seba\IdeaProjects\eam-light-backend\eam-wshub-core\src\main\java\ch\cern\eam\wshub\core\client\InforClient.java,ch.cern.eam.wshub.core.client,InforClient,partMiscService,855,,PartMiscService,
C:\Users\Seba\IdeaProjects\eam-light-backend\eam-wshub-core\src\main\java\ch\cern\eam\wshub\core\services\material\entities\IssueReturnPartTransactionLine.java,ch.cern.eam.wshub.core.services.material.entities,IssueReturnPartTransactionLine,partOrg,856,827,String,@ManyToOne
C:\Users\Seba\IdeaProjects\eam-light-backend\eam-wshub-core\src\main\java\ch\cern\eam\wshub\core\services\material\entities\NoPoReceipt.java,ch.cern.eam.wshub.core.services.material.entities,NoPoReceipt,parts,857,827,List<NoPoReceiptPart>,@ManyToOne
C:\Users\Seba\IdeaProjects\eam-light-backend\eam-wshub-core\src\main\java\ch\cern\eam\wshub\core\client\InforClient.java,ch.cern.eam.wshub.core.client,InforClient,partService,858,,PartService,
C:\Users\Seba\IdeaProjects\eam-light-backend\eam-wshub-core\src\main\java\ch\cern\eam\wshub\core\client\InforClient.java,ch.cern.eam.wshub.core.client,InforClient,partStoreService,859,,PartStoreService,
C:\Users\Seba\IdeaProjects\eam-light-backend\eam-wshub-core\src\main\java\ch\cern\eam\wshub\core\services\administration\entities\EAMUser.java,ch.cern.eam.wshub.core.services.administration.entities,EAMUser,password,860,,String,"@XmlTransient, @Transient, @InforField(xpath = ""PASSWORD"")"
C:\Users\Seba\IdeaProjects\eam-light-backend\eam-wshub-core\src\main\java\ch\cern\eam\wshub\core\services\entities\Credentials.java,ch.cern.eam.wshub.core.services.entities,Credentials,password,861,,String,
C:\Users\Seba\IdeaProjects\eam-light-backend\eam-wshub-core\src\main\java\ch\cern\eam\wshub\core\services\workorders\entities\WorkOrderActivityChecklistSignature.java,ch.cern.eam.wshub.core.services.workorders.entities,WorkOrderActivityChecklistSignature,password,862,,String,
C:\Users\Seba\IdeaProjects\eam-light-backend\eam-wshub-core\src\main\java\ch\cern\eam\wshub\core\services\administration\entities\EAMUser.java,ch.cern.eam.wshub.core.services.administration.entities,EAMUser,passwordExpirationDate,863,,Date,"@Transient, @InforField(xpath = ""PASSEXPIREDATE"")"
C:\Users\Seba\IdeaProjects\eam-light-backend\eam-wshub-core\src\main\java\ch\cern\eam\wshub\core\services\workorders\entities\Activity.java,ch.cern.eam.wshub.core.services.workorders.entities,Activity,peopleRequired,864,,BigInteger,"@Column(name = ""ACT_PERSONS""), @GridField(name = ""personsreq""), @InforField(xpath = ""PERSONS"")"
C:\Users\Seba\IdeaProjects\eam-light-backend\eam-wshub-core\src\main\java\ch\cern\eam\wshub\core\services\workorders\entities\Activity.java,ch.cern.eam.wshub.core.services.workorders.entities,Activity,percentCompleted,865,,String,"@Column(name = ""ACT_PERCOMPLETE""), @GridField(name = ""percentcomplete""), @InforField(xpath = ""PERCENTCOMPLETED"")"
C:\Users\Seba\IdeaProjects\eam-light-backend\eam-wshub-core\src\main\java\ch\cern\eam\wshub\core\services\workorders\entities\WorkOrderActivityChecklistDefaultResult.java,ch.cern.eam.wshub.core.services.workorders.entities,WorkOrderActivityChecklistDefaultResult,performer1Name,866,,String,"@InforField(xpath = ""PERFORMEDBYESIGN/ESIGNATURE/USERID/DESCRIPTION"")"
C:\Users\Seba\IdeaProjects\eam-light-backend\eam-wshub-core\src\main\java\ch\cern\eam\wshub\core\services\workorders\entities\WorkOrderActivityChecklistDefaultResult.java,ch.cern.eam.wshub.core.services.workorders.entities,WorkOrderActivityChecklistDefaultResult,performer1Qualification,867,,String,"@InforField(xpath = ""PERFORMBYRESPONSIBILITY/USERDEFINEDCODE"")"
C:\Users\Seba\IdeaProjects\eam-light-backend\eam-wshub-core\src\main\java\ch\cern\eam\wshub\core\services\workorders\entities\WorkOrderActivityChecklistDefaultResult.java,ch.cern.eam.wshub.core.services.workorders.entities,WorkOrderActivityChecklistDefaultResult,performer2Name,868,,String,"@InforField(xpath = ""PERFORMEDBYESIGN2/ESIGNATURE/USERID/DESCRIPTION"")"
C:\Users\Seba\IdeaProjects\eam-light-backend\eam-wshub-core\src\main\java\ch\cern\eam\wshub\core\services\workorders\entities\WorkOrderActivityChecklistDefaultResult.java,ch.cern.eam.wshub.core.services.workorders.entities,WorkOrderActivityChecklistDefaultResult,performer2Qualification,869,,String,"@InforField(xpath = ""PERFORMBY2RESPONSIBILITY/USERDEFINEDCODE"")"
C:\Users\Seba\IdeaProjects\eam-light-backend\eam-wshub-core\src\main\java\ch\cern\eam\wshub\core\services\equipment\entities\EquipmentPMSchedule.java,ch.cern.eam.wshub.core.services.equipment.entities,EquipmentPMSchedule,periodLength,870,,String,@Transient
C:\Users\Seba\IdeaProjects\eam-light-backend\eam-wshub-core\src\main\java\ch\cern\eam\wshub\core\services\equipment\entities\EquipmentPMSchedule.java,ch.cern.eam.wshub.core.services.equipment.entities,EquipmentPMSchedule,periodUOM,871,,String,@Transient
C:\Users\Seba\IdeaProjects\eam-light-backend\eam-wshub-core\src\main\java\ch\cern\eam\wshub\core\services\casemanagement\entities\EAMCaseManagement.java,ch.cern.eam.wshub.core.services.casemanagement.entities,EAMCaseManagement,permitToWorkCode,872,,String,"@InforField(xpath = ""CaseDetails/PERMITTOWORKID/PERMITTOWORKCODE"", nullifyParentLevel = 1)"
C:\Users\Seba\IdeaProjects\eam-light-backend\eam-wshub-core\src\main\java\ch\cern\eam\wshub\core\services\workorders\entities\Employee.java,ch.cern.eam.wshub.core.services.workorders.entities,Employee,personID,873,399,BigDecimal,"@Column(name = ""PER_UDFNUM02""), @ManyToOne"
C:\Users\Seba\IdeaProjects\eam-light-backend\eam-wshub-core\src\main\java\ch\cern\eam\wshub\core\services\casemanagement\entities\EAMCaseManagement.java,ch.cern.eam.wshub.core.services.casemanagement.entities,EAMCaseManagement,personResponsible,874,399,String,"@InforField(xpath = ""TrackingDetails/PERSONRESPONSIBLE/EMPLOYEECODE"", nullifyParentLevel = 1), @ManyToOne"
C:\Users\Seba\IdeaProjects\eam-light-backend\eam-wshub-core\src\main\java\ch\cern\eam\wshub\core\services\casemanagement\entities\EAMCaseManagement.java,ch.cern.eam.wshub.core.services.casemanagement.entities,EAMCaseManagement,persons,875,399,BigInteger,"@InforField(xpath = ""FollowupWODetails/PERSONS"", nullifyParentLevel = 0), @ManyToOne"
C:\Users\Seba\IdeaProjects\eam-light-backend\eam-wshub-core\src\main\java\ch\cern\eam\wshub\core\services\workorders\entities\Employee.java,ch.cern.eam.wshub.core.services.workorders.entities,Employee,phone,876,,String,"@Column(name = ""PER_PHONE""), @InforField(xpath = ""PHONE"")"
C:\Users\Seba\IdeaProjects\eam-light-backend\eam-wshub-core\src\main\java\ch\cern\eam\wshub\core\services\material\entities\PhysicalInventoryRow.java,ch.cern.eam.wshub.core.services.material.entities,PhysicalInventoryRow,physicalInventoryCode,877,,String,"@Id, @Column(name = ""STL_TRANS""), @InforField(xpath = ""TRANSACTIONLINEID/TRANSACTIONID/TRANSACTIONCODE"")"
C:\Users\Seba\IdeaProjects\eam-light-backend\eam-wshub-core\src\main\java\ch\cern\eam\wshub\core\services\material\entities\PhysicalInventory.java,ch.cern.eam.wshub.core.services.material.entities,PhysicalInventory,physicalInventoryDate,878,,Date,"@InforField(xpath = ""STOCKDATE"")"
C:\Users\Seba\IdeaProjects\eam-light-backend\eam-wshub-core\src\main\java\ch\cern\eam\wshub\core\client\InforClient.java,ch.cern.eam.wshub.core.client,InforClient,physicalInventoryService,879,,PhysicalInventoryService,
C:\Users\Seba\IdeaProjects\eam-light-backend\eam-wshub-core\src\main\java\ch\cern\eam\wshub\core\services\material\entities\PhysicalInventoryRow.java,ch.cern.eam.wshub.core.services.material.entities,PhysicalInventoryRow,physicalQuantity,880,,BigDecimal,"@Column(name = ""STL_PHYQTY""), @InforField(xpath = ""PHYSICALQUANTITY"")"
C:\Users\Seba\IdeaProjects\eam-light-backend\eam-wshub-core\src\main\java\ch\cern\eam\wshub\core\services\material\entities\PickTicketPart.java,ch.cern.eam.wshub.core.services.material.entities,PickTicketPart,pickTicket,881,,String,
C:\Users\Seba\IdeaProjects\eam-light-backend\eam-wshub-core\src\main\java\ch\cern\eam\wshub\core\services\material\entities\IssueReturnPartTransaction.java,ch.cern.eam.wshub.core.services.material.entities,IssueReturnPartTransaction,pickTicketCode,882,,String,
C:\Users\Seba\IdeaProjects\eam-light-backend\eam-wshub-core\src\main\java\ch\cern\eam\wshub\core\client\InforClient.java,ch.cern.eam.wshub.core.client,InforClient,pickTicketService,883,,PickTicketService,
C:\Users\Seba\IdeaProjects\eam-light-backend\eam-wshub-core\src\main\java\ch\cern\eam\wshub\core\services\material\entities\PartAssociation.java,ch.cern.eam.wshub.core.services.material.entities,PartAssociation,pk,884,,String,"@Id, @Column(name = ""EPA_PK"")"
C:\Users\Seba\IdeaProjects\eam-light-backend\eam-wshub-core\src\main\java\ch\cern\eam\wshub\core\services\workorders\entities\InforCaseTask.java,ch.cern.eam.wshub.core.services.workorders.entities,InforCaseTask,plannedDuration,885,,BigDecimal,"@Column(name = ""TCM_PLANNEDDURATION"")"
C:\Users\Seba\IdeaProjects\eam-light-backend\eam-wshub-core\src\main\java\ch\cern\eam\wshub\core\services\workorders\entities\InforCaseTask.java,ch.cern.eam.wshub.core.services.workorders.entities,InforCaseTask,plannedDurationUnit,886,,String,"@Column(name = ""TCM_DURATION_UNIT"")"
C:\Users\Seba\IdeaProjects\eam-light-backend\eam-wshub-core\src\main\java\ch\cern\eam\wshub\core\services\grids\entities\GridField.java,ch.cern.eam.wshub.core.services.grids.entities,GridField,pldCase,887,,String,"@Column(name = ""PLD_CASE"")"
C:\Users\Seba\IdeaProjects\eam-light-backend\eam-wshub-core\src\main\java\ch\cern\eam\wshub\core\services\equipment\entities\EquipmentPMSchedule.java,ch.cern.eam.wshub.core.services.equipment.entities,EquipmentPMSchedule,pmCode,888,,String,"@Column(name = ""PPO_PPM"")"
C:\Users\Seba\IdeaProjects\eam-light-backend\eam-wshub-core\src\main\java\ch\cern\eam\wshub\core\client\InforClient.java,ch.cern.eam.wshub.core.client,InforClient,pmScheduleService,889,,PMScheduleService,
C:\Users\Seba\IdeaProjects\eam-light-backend\eam-wshub-core\src\main\java\ch\cern\eam\wshub\core\client\InforClient.java,ch.cern.eam.wshub.core.client,InforClient,positionService,890,,PositionService,
C:\Users\Seba\IdeaProjects\eam-light-backend\eam-wshub-core\src\main\java\ch\cern\eam\wshub\core\services\workorders\entities\WorkOrderActivityChecklistItem.java,ch.cern.eam.wshub.core.services.workorders.entities,WorkOrderActivityChecklistItem,possibleFindings,891,,List<Finding>,
C:\Users\Seba\IdeaProjects\eam-light-backend\eam-wshub-core\src\main\java\ch\cern\eam\wshub\core\services\workorders\impl\Safety.java,ch.cern.eam.wshub.core.services.workorders.impl,Safety,precautionCode,892,,String,"@InforField(xpath = ""PRECAUTIONID/PRECAUTIONCODE""), @GridField(name = ""precaution"")"
C:\Users\Seba\IdeaProjects\eam-light-backend\eam-wshub-core\src\main\java\ch\cern\eam\wshub\core\services\workorders\impl\Safety.java,ch.cern.eam.wshub.core.services.workorders.impl,Safety,precautionDescription,893,,String,"@InforField(xpath = ""PRECAUTIONID/DESCRIPTION""), @GridField(name = ""precautiondescription"", alternativeNames = { ""precautiondesc"" })"
C:\Users\Seba\IdeaProjects\eam-light-backend\eam-wshub-core\src\main\java\ch\cern\eam\wshub\core\services\workorders\impl\Safety.java,ch.cern.eam.wshub.core.services.workorders.impl,Safety,precautionRevision,894,,BigDecimal,"@InforField(xpath = ""PRECAUTIONID/REVISIONNUM"")"
C:\Users\Seba\IdeaProjects\eam-light-backend\eam-wshub-core\src\main\java\ch\cern\eam\wshub\core\services\workorders\entities\Employee.java,ch.cern.eam.wshub.core.services.workorders.entities,Employee,preferredLanguage,895,,String,"@Column(name = ""PER_UDFCHAR05"")"
C:\Users\Seba\IdeaProjects\eam-light-backend\eam-wshub-core\src\main\java\ch\cern\eam\wshub\core\services\material\entities\PartStore.java,ch.cern.eam.wshub.core.services.material.entities,PartStore,preferredStore,896,,String,
C:\Users\Seba\IdeaProjects\eam-light-backend\eam-wshub-core\src\main\java\ch\cern\eam\wshub\core\services\material\entities\Part.java,ch.cern.eam.wshub.core.services.material.entities,Part,preferredSupplier,897,,String,"@Transient, @InforField(xpath = ""PREFERREDSUPPLIER/SUPPLIERCODE"")"
C:\Users\Seba\IdeaProjects\eam-light-backend\eam-wshub-core\src\main\java\ch\cern\eam\wshub\core\services\material\entities\PartStore.java,ch.cern.eam.wshub.core.services.material.entities,PartStore,preferredSupplier,898,,String,
C:\Users\Seba\IdeaProjects\eam-light-backend\eam-wshub-core\src\main\java\ch\cern\eam\wshub\core\services\casemanagement\entities\EAMCaseManagement.java,ch.cern.eam.wshub.core.services.casemanagement.entities,EAMCaseManagement,preparedBy,899,,String,"@InforField(xpath = ""TrackingDetails/PREPAREDBY/USERCODE"", nullifyParentLevel = 1)"
C:\Users\Seba\IdeaProjects\eam-light-backend\eam-wshub-core\src\main\java\ch\cern\eam\wshub\core\services\casemanagement\entities\EAMCaseManagement.java,ch.cern.eam.wshub.core.services.casemanagement.entities,EAMCaseManagement,preparedByEmail,900,,String,"@InforField(xpath = ""TrackingDetails/PREPAREDBYEMAIL"", nullifyParentLevel = 0)"
C:\Users\Seba\IdeaProjects\eam-light-backend\eam-wshub-core\src\main\java\ch\cern\eam\wshub\core\services\material\entities\PartStore.java,ch.cern.eam.wshub.core.services.material.entities,PartStore,preventIssueFromDefaultReturnBin,901,,String,
C:\Users\Seba\IdeaProjects\eam-light-backend\eam-wshub-core\src\main\java\ch\cern\eam\wshub\core\services\material\entities\Part.java,ch.cern.eam.wshub.core.services.material.entities,Part,preventReorders,902,,Boolean,"@Transient, @InforField(xpath = ""PREVENTREORDERS"")"
C:\Users\Seba\IdeaProjects\eam-light-backend\eam-wshub-core\src\main\java\ch\cern\eam\wshub\core\services\material\entities\NoPoReceiptPart.java,ch.cern.eam.wshub.core.services.material.entities,NoPoReceiptPart,price,903,,BigDecimal,"@GridField(name = ""price""), @InforField(xpath = ""PRICE/AMOUNT/VALUE"")"
C:\Users\Seba\IdeaProjects\eam-light-backend\eam-wshub-core\src\main\java\ch\cern\eam\wshub\core\services\material\entities\StoreTransactionPartLine.java,ch.cern.eam.wshub.core.services.material.entities,StoreTransactionPartLine,price,904,,BigDecimal,"@InforField(xpath = ""PRICE"")"
C:\Users\Seba\IdeaProjects\eam-light-backend\eam-wshub-core\src\main\java\ch\cern\eam\wshub\core\services\material\entities\Part.java,ch.cern.eam.wshub.core.services.material.entities,Part,priceType,905,,String,"@Transient, @InforField(xpath = ""PRICETYPE/TYPECODE"")"
C:\Users\Seba\IdeaProjects\eam-light-backend\eam-wshub-core\src\main\java\ch\cern\eam\wshub\core\services\material\entities\PartManufacturer.java,ch.cern.eam.wshub.core.services.material.entities,PartManufacturer,primary,906,,Boolean,"@InforField(xpath = ""ISPRIMARY"", booleanType = BooleanType.TRUE_FALSE, nullifyParentLevel = 0)"
C:\Users\Seba\IdeaProjects\eam-light-backend\eam-wshub-core\src\main\java\ch\cern\eam\wshub\core\services\equipment\entities\Equipment.java,ch.cern.eam.wshub.core.services.equipment.entities,Equipment,primaryFuel,907,,String,"@InforField(xpath = ""FUELID/FUELCODE"")"
C:\Users\Seba\IdeaProjects\eam-light-backend\eam-wshub-core\src\main\java\ch\cern\eam\wshub\core\services\comments\entities\Comment.java,ch.cern.eam.wshub.core.services.comments.entities,Comment,print,908,,Boolean,
C:\Users\Seba\IdeaProjects\eam-light-backend\eam-wshub-core\src\main\java\ch\cern\eam\wshub\core\services\material\entities\PickTicket.java,ch.cern.eam.wshub.core.services.material.entities,PickTicket,printDate,909,,Date,"@InforField(xpath = ""PRINTDATE"")"
C:\Users\Seba\IdeaProjects\eam-light-backend\eam-wshub-core\src\main\java\ch\cern\eam\wshub\core\services\material\entities\NoPoReceiptPart.java,ch.cern.eam.wshub.core.services.material.entities,NoPoReceiptPart,printQuantity,910,,String,"@GridField(name = ""printqty""), @InforField(xpath = ""PRINT/QUANTITY/VALUE"")"
C:\Users\Seba\IdeaProjects\eam-light-backend\eam-wshub-core\src\main\java\ch\cern\eam\wshub\core\services\equipment\entities\NonConformityObservation.java,ch.cern.eam.wshub.core.services.equipment.entities,NonConformityObservation,priority,911,,String,"@GridField(name = ""priority""), @InforField(xpath = ""PRIORITY/PRIORITYCODE"")"
C:\Users\Seba\IdeaProjects\eam-light-backend\eam-wshub-core\src\main\java\ch\cern\eam\wshub\core\services\workorders\entities\InforCase.java,ch.cern.eam.wshub.core.services.workorders.entities,InforCase,priority,912,,String,@Transient
C:\Users\Seba\IdeaProjects\eam-light-backend\eam-wshub-core\src\main\java\ch\cern\eam\wshub\core\services\workorders\entities\InforCaseTask.java,ch.cern.eam.wshub.core.services.workorders.entities,InforCaseTask,priority,913,,String,"@Column(name = ""TCM_PRIORITY"")"
C:\Users\Seba\IdeaProjects\eam-light-backend\eam-wshub-core\src\main\java\ch\cern\eam\wshub\core\services\workorders\entities\WorkOrder.java,ch.cern.eam.wshub.core.services.workorders.entities,WorkOrder,priorityCode,914,,String,"@Transient, @InforField(xpath = ""PRIORITY/PRIORITYCODE"")"
C:\Users\Seba\IdeaProjects\eam-light-backend\eam-wshub-core\src\main\java\ch\cern\eam\wshub\core\services\workorders\entities\WorkOrder.java,ch.cern.eam.wshub.core.services.workorders.entities,WorkOrder,priorityDesc,915,,String,"@Transient, @InforField(xpath = ""PRIORITY/DESCRIPTION"", readOnly = true)"
C:\Users\Seba\IdeaProjects\eam-light-backend\eam-wshub-core\src\main\java\ch\cern\eam\wshub\core\services\workorders\entities\WorkOrder.java,ch.cern.eam.wshub.core.services.workorders.entities,WorkOrder,problemCode,916,,String,"@Transient, @InforField(xpath = ""PROBLEMCODEID/PROBLEMCODE"")"
C:\Users\Seba\IdeaProjects\eam-light-backend\eam-wshub-core\src\main\java\ch\cern\eam\wshub\core\services\casemanagement\entities\EAMCaseManagement.java,ch.cern.eam.wshub.core.services.casemanagement.entities,EAMCaseManagement,problemdescription,917,,String,"@InforField(xpath = ""RouteCauseAnalysisDetails/PROBLEMDESCRIPTION"", nullifyParentLevel = 0)"
C:\Users\Seba\IdeaProjects\eam-light-backend\eam-wshub-core\src\main\java\ch\cern\eam\wshub\core\services\equipment\entities\EquipmentGenerationEntity.java,ch.cern.eam.wshub.core.services.equipment.entities,EquipmentGenerationEntity,processed,918,,String,@Transient
C:\Users\Seba\IdeaProjects\eam-light-backend\eam-wshub-core\src\main\java\ch\cern\eam\wshub\core\services\equipment\entities\EquipmentGenerationEntity.java,ch.cern.eam.wshub.core.services.equipment.entities,EquipmentGenerationEntity,processError,919,,String,@Transient
C:\Users\Seba\IdeaProjects\eam-light-backend\eam-wshub-core\src\main\java\ch\cern\eam\wshub\core\services\equipment\entities\EquipmentGenerationEntity.java,ch.cern.eam.wshub.core.services.equipment.entities,EquipmentGenerationEntity,processRunning,920,,String,@Transient
C:\Users\Seba\IdeaProjects\eam-light-backend\eam-wshub-core\src\main\java\ch\cern\eam\wshub\core\services\equipment\entities\Equipment.java,ch.cern.eam.wshub.core.services.equipment.entities,Equipment,profileCode,921,,String,"@Transient, @InforField(xpath = ""PROFILEID/OBJECTCODE"")"
C:\Users\Seba\IdeaProjects\eam-light-backend\eam-wshub-core\src\main\java\ch\cern\eam\wshub\core\services\workorders\entities\WorkOrder.java,ch.cern.eam.wshub.core.services.workorders.entities,WorkOrder,projectBudget,922,,String,"@Transient, @InforField(xpath = ""PROJBUD"")"
C:\Users\Seba\IdeaProjects\eam-light-backend\eam-wshub-core\src\main\java\ch\cern\eam\wshub\core\services\casemanagement\entities\EAMCaseManagement.java,ch.cern.eam.wshub.core.services.casemanagement.entities,EAMCaseManagement,projectCode,923,,String,"@InforField(xpath = ""CaseDetails/PROJECTID/PROJECTCODE"", nullifyParentLevel = 1)"
C:\Users\Seba\IdeaProjects\eam-light-backend\eam-wshub-core\src\main\java\ch\cern\eam\wshub\core\services\material\entities\IssueReturnPartTransaction.java,ch.cern.eam.wshub.core.services.material.entities,IssueReturnPartTransaction,projectCode,924,,String,
C:\Users\Seba\IdeaProjects\eam-light-backend\eam-wshub-core\src\main\java\ch\cern\eam\wshub\core\services\workorders\entities\WorkOrder.java,ch.cern.eam.wshub.core.services.workorders.entities,WorkOrder,projectCode,925,,String,"@Transient, @InforField(xpath = ""PROJECTID/PROJECTCODE"")"
C:\Users\Seba\IdeaProjects\eam-light-backend\eam-wshub-core\src\main\java\ch\cern\eam\wshub\core\services\material\entities\IssueReturnPartTransaction.java,ch.cern.eam.wshub.core.services.material.entities,IssueReturnPartTransaction,projectDesc,926,,String,
C:\Users\Seba\IdeaProjects\eam-light-backend\eam-wshub-core\src\main\java\ch\cern\eam\wshub\core\services\workorders\entities\WorkOrder.java,ch.cern.eam.wshub.core.services.workorders.entities,WorkOrder,projectDesc,927,,String,"@Transient, @InforField(xpath = ""PROJECTID/DESCRIPTION"", readOnly = true)"
C:\Users\Seba\IdeaProjects\eam-light-backend\eam-wshub-core\src\main\java\ch\cern\eam\wshub\core\services\userdefinedscreens\entities\UDLEntryId.java,ch.cern.eam.wshub.core.services.userdefinedscreens.entities,UDLEntryId,property,928,,String,
C:\Users\Seba\IdeaProjects\eam-light-backend\eam-wshub-core\src\main\java\ch\cern\eam\wshub\core\services\grids\customfields\DataspyCustomField.java,ch.cern.eam.wshub.core.services.grids.customfields,DataspyCustomField,propertyName,929,,String,@Transient
C:\Users\Seba\IdeaProjects\eam-light-backend\eam-wshub-core\src\main\java\ch\cern\eam\wshub\core\services\grids\customfields\DataspyCustomField.java,ch.cern.eam.wshub.core.services.grids.customfields,DataspyCustomField,propertyType,930,,String,@Transient
C:\Users\Seba\IdeaProjects\eam-light-backend\eam-wshub-core\src\main\java\ch\cern\eam\wshub\core\services\material\entities\PurchaseOrder.java,ch.cern.eam.wshub.core.services.material.entities,PurchaseOrder,purchaseOrderId,931,,String,
C:\Users\Seba\IdeaProjects\eam-light-backend\eam-wshub-core\src\main\java\ch\cern\eam\wshub\core\client\InforClient.java,ch.cern.eam.wshub.core.client,InforClient,purchaseOrdersService,932,,PurchaseOrdersService,
C:\Users\Seba\IdeaProjects\eam-light-backend\eam-wshub-core\src\main\java\ch\cern\eam\wshub\core\services\material\entities\PartKitTemplate.java,ch.cern.eam.wshub.core.services.material.entities,PartKitTemplate,qty,933,,String,
C:\Users\Seba\IdeaProjects\eam-light-backend\eam-wshub-core\src\main\java\ch\cern\eam\wshub\core\services\material\entities\PartStock.java,ch.cern.eam.wshub.core.services.material.entities,PartStock,qtyOnHand,934,,BigDecimal,"@GridField(name = ""bisqty"")"
C:\Users\Seba\IdeaProjects\eam-light-backend\eam-wshub-core\src\main\java\ch\cern\eam\wshub\core\services\contractmanagement\entities\EquipmentReservationAdjustment.java,ch.cern.eam.wshub.core.services.contractmanagement.entities,EquipmentReservationAdjustment,quantity,935,,BigDecimal,"@GridField(name = ""quantity""), @InforField(xpath = ""ADJUSTMENTQUANTITY"")"
C:\Users\Seba\IdeaProjects\eam-light-backend\eam-wshub-core\src\main\java\ch\cern\eam\wshub\core\services\material\entities\NoPoReceiptPart.java,ch.cern.eam.wshub.core.services.material.entities,NoPoReceiptPart,quantity,936,,BigDecimal,"@GridField(name = ""receiptqty""), @InforField(xpath = ""RECEIPTQUANTITY/QUANTITY/VALUE"")"
C:\Users\Seba\IdeaProjects\eam-light-backend\eam-wshub-core\src\main\java\ch\cern\eam\wshub\core\services\material\entities\PartAssociation.java,ch.cern.eam.wshub.core.services.material.entities,PartAssociation,quantity,937,,BigDecimal,@Transient
C:\Users\Seba\IdeaProjects\eam-light-backend\eam-wshub-core\src\main\java\ch\cern\eam\wshub\core\services\material\entities\PickTicketPart.java,ch.cern.eam.wshub.core.services.material.entities,PickTicketPart,quantity,938,,Long,
C:\Users\Seba\IdeaProjects\eam-light-backend\eam-wshub-core\src\main\java\ch\cern\eam\wshub\core\services\grids\impl\JPAGrids.java,ch.cern.eam.wshub.core.services.grids.impl,JPAGrids,QUERY_TIMEOUT_DEFAULT_VALUE,939,,String,
C:\Users\Seba\IdeaProjects\eam-light-backend\eam-wshub-core\src\main\java\ch\cern\eam\wshub\core\services\grids\entities\GridRequest.java,ch.cern.eam.wshub.core.services.grids.entities,GridRequest,queryTimeout,940,,Boolean,
C:\Users\Seba\IdeaProjects\eam-light-backend\eam-wshub-core\src\main\java\ch\cern\eam\wshub\core\services\grids\entities\GridRequest.java,ch.cern.eam.wshub.core.services.grids.entities,GridRequest,queryTimeoutWaitingTime,941,,Integer,
C:\Users\Seba\IdeaProjects\eam-light-backend\eam-wshub-core\src\main\java\ch\cern\eam\wshub\core\services\contractmanagement\entities\EquipmentReservationAdjustment.java,ch.cern.eam.wshub.core.services.contractmanagement.entities,EquipmentReservationAdjustment,rate,942,,BigDecimal,"@GridField(name = ""rate""), @InforField(xpath = ""RATE"")"
C:\Users\Seba\IdeaProjects\eam-light-backend\eam-wshub-core\src\main\java\ch\cern\eam\wshub\core\services\workorders\entities\MeterReading.java,ch.cern.eam.wshub.core.services.workorders.entities,MeterReading,readingDate,943,,Date,
C:\Users\Seba\IdeaProjects\eam-light-backend\eam-wshub-core\src\main\java\ch\cern\eam\wshub\core\services\grids\entities\GridRequestResult.java,ch.cern.eam.wshub.core.services.grids.entities,GridRequestResult,records,944,,String,
C:\Users\Seba\IdeaProjects\eam-light-backend\eam-wshub-core\src\main\java\ch\cern\eam\wshub\core\services\equipment\entities\NonConformityObservation.java,ch.cern.eam.wshub.core.services.equipment.entities,NonConformityObservation,recoredDate,945,,String,"@GridField(name = ""created""), @InforField(xpath = ""RECORDEDDATE"")"
C:\Users\Seba\IdeaProjects\eam-light-backend\eam-wshub-core\src\main\java\ch\cern\eam\wshub\core\services\material\entities\NoPoReceipt.java,ch.cern.eam.wshub.core.services.material.entities,NoPoReceipt,referenceNumber,946,,String,"@InforField(xpath = ""ADVICENUMBER"")"
C:\Users\Seba\IdeaProjects\eam-light-backend\eam-wshub-core\src\main\java\ch\cern\eam\wshub\core\services\workorders\entities\InforCaseTask.java,ch.cern.eam.wshub.core.services.workorders.entities,InforCaseTask,refreshCalculatedCosts,947,,String,"@Column(name = ""TCM_COSTREFRESHREQ"")"
C:\Users\Seba\IdeaProjects\eam-light-backend\eam-wshub-core\src\main\java\ch\cern\eam\wshub\core\services\casemanagement\entities\EAMCaseManagement.java,ch.cern.eam.wshub.core.services.casemanagement.entities,EAMCaseManagement,regulatory,948,,Boolean,"@InforField(xpath = ""CaseDetails/REGULATORY"", booleanType = BooleanType.TRUE_FALSE, nullifyParentLevel = 0)"
C:\Users\Seba\IdeaProjects\eam-light-backend\eam-wshub-core\src\main\java\ch\cern\eam\wshub\core\services\workorders\entities\WorkOrderActivityChecklist.java,ch.cern.eam.wshub.core.services.workorders.entities,WorkOrderActivityChecklist,rejectionReason,949,,String,"@InforField(xpath = ""REJECTIONREASON"")"
C:\Users\Seba\IdeaProjects\eam-light-backend\eam-wshub-core\src\main\java\ch\cern\eam\wshub\core\services\workorders\entities\WorkOrderActivityChecklistDefaultResult.java,ch.cern.eam.wshub.core.services.workorders.entities,WorkOrderActivityChecklistDefaultResult,rejectionReason,950,,String,"@InforField(xpath = ""REJECTIONREASON"")"
C:\Users\Seba\IdeaProjects\eam-light-backend\eam-wshub-core\src\main\java\ch\cern\eam\wshub\core\services\workorders\entities\WorkOrderActivityChecklist.java,ch.cern.eam.wshub.core.services.workorders.entities,WorkOrderActivityChecklist,rejectPerformedBy,951,,Boolean,"@InforField(xpath = ""REJECTPERFORMEDBY"")"
C:\Users\Seba\IdeaProjects\eam-light-backend\eam-wshub-core\src\main\java\ch\cern\eam\wshub\core\services\workorders\entities\WorkOrderActivityChecklistDefaultResult.java,ch.cern.eam.wshub.core.services.workorders.entities,WorkOrderActivityChecklistDefaultResult,rejectPerformedBy,952,,String,"@InforField(xpath = ""REJECTPERFORMEDBY"")"
C:\Users\Seba\IdeaProjects\eam-light-backend\eam-wshub-core\src\main\java\ch\cern\eam\wshub\core\services\workorders\entities\WorkOrderActivityChecklist.java,ch.cern.eam.wshub.core.services.workorders.entities,WorkOrderActivityChecklist,rejectPerformedBy2,953,,Boolean,"@InforField(xpath = ""REJECTPERFORMEDBY2"")"
C:\Users\Seba\IdeaProjects\eam-light-backend\eam-wshub-core\src\main\java\ch\cern\eam\wshub\core\services\workorders\entities\WorkOrderActivityChecklistDefaultResult.java,ch.cern.eam.wshub.core.services.workorders.entities,WorkOrderActivityChecklistDefaultResult,rejectPerformedBy2,954,,String,"@InforField(xpath = ""REJECTPERFORMEDBY2"")"
C:\Users\Seba\IdeaProjects\eam-light-backend\eam-wshub-core\src\main\java\ch\cern\eam\wshub\core\services\equipment\entities\LinearReference.java,ch.cern.eam.wshub.core.services.equipment.entities,LinearReference,relatedEquipmentCode,955,431,String,@ManyToOne
C:\Users\Seba\IdeaProjects\eam-light-backend\eam-wshub-core\src\main\java\ch\cern\eam\wshub\core\services\material\entities\IssueReturnPartTransaction.java,ch.cern.eam.wshub.core.services.material.entities,IssueReturnPartTransaction,relatedWorkOrder,956,769,String,@ManyToOne
C:\Users\Seba\IdeaProjects\eam-light-backend\eam-wshub-core\src\main\java\ch\cern\eam\wshub\core\services\equipment\entities\Equipment.java,ch.cern.eam.wshub.core.services.equipment.entities,Equipment,rental,957,,Boolean,"@Transient, @InforField(xpath = ""FleetVehicleInfo/ISRENTAL"", nullifyParentLevel = 0)"
C:\Users\Seba\IdeaProjects\eam-light-backend\eam-wshub-core\src\main\java\ch\cern\eam\wshub\core\services\equipment\entities\Equipment.java,ch.cern.eam.wshub.core.services.equipment.entities,Equipment,rentalTemplateCode,958,,String,"@Transient, @InforField(xpath = ""FleetVehicleInfo/RENTALTEMPLATEID/RENTALTEMPLATECODE"", nullifyParentLevel = 1)"
C:\Users\Seba\IdeaProjects\eam-light-backend\eam-wshub-core\src\main\java\ch\cern\eam\wshub\core\services\equipment\entities\Equipment.java,ch.cern.eam.wshub.core.services.equipment.entities,Equipment,rentalTemplateDesc,959,,String,"@Transient, @InforField(xpath = ""FleetVehicleInfo/RENTALTEMPLATEID/DESCRIPTION"", nullifyParentLevel = 1, readOnly = true)"
C:\Users\Seba\IdeaProjects\eam-light-backend\eam-wshub-core\src\main\java\ch\cern\eam\wshub\core\services\entities\CustomField.java,ch.cern.eam.wshub.core.services.entities,CustomField,rentCodeValue,960,,String,
C:\Users\Seba\IdeaProjects\eam-light-backend\eam-wshub-core\src\main\java\ch\cern\eam\wshub\core\services\administration\entities\GenericLov.java,ch.cern.eam.wshub.core.services.administration.entities,GenericLov,rentity,961,,String,
C:\Users\Seba\IdeaProjects\eam-light-backend\eam-wshub-core\src\main\java\ch\cern\eam\wshub\core\services\grids\customfields\DataspyCustomField.java,ch.cern.eam.wshub.core.services.grids.customfields,DataspyCustomField,rentity,962,,String,@Transient
C:\Users\Seba\IdeaProjects\eam-light-backend\eam-wshub-core\src\main\java\ch\cern\eam\wshub\core\services\material\entities\PartStore.java,ch.cern.eam.wshub.core.services.material.entities,PartStore,reorderLevel,963,,BigDecimal,
C:\Users\Seba\IdeaProjects\eam-light-backend\eam-wshub-core\src\main\java\ch\cern\eam\wshub\core\services\material\entities\StoreTransactionPartLine.java,ch.cern.eam.wshub.core.services.material.entities,StoreTransactionPartLine,repairable,964,,String,"@InforField(xpath = ""REPAIRABLE"")"
C:\Users\Seba\IdeaProjects\eam-light-backend\eam-wshub-core\src\main\java\ch\cern\eam\wshub\core\services\equipment\entities\NonConformityObservation.java,ch.cern.eam.wshub.core.services.equipment.entities,NonConformityObservation,repairDate,965,,Date,"@GridField(name = ""repairdate""), @InforField(xpath = ""TrackingDetails/RECOMMENDEDREPAIRDATE"")"
C:\Users\Seba\IdeaProjects\eam-light-backend\eam-wshub-core\src\main\java\ch\cern\eam\wshub\core\services\material\entities\PartStock.java,ch.cern.eam.wshub.core.services.material.entities,PartStock,repairQuantity,966,,String,"@GridField(name = ""repairquantity"")"
C:\Users\Seba\IdeaProjects\eam-light-backend\eam-wshub-core\src\main\java\ch\cern\eam\wshub\core\services\material\entities\StoreTransactionPartLine.java,ch.cern.eam.wshub.core.services.material.entities,StoreTransactionPartLine,repairQuantity,967,,BigDecimal,"@InforField(xpath = ""REPAIRQUANTITY"")"
C:\Users\Seba\IdeaProjects\eam-light-backend\eam-wshub-core\src\main\java\ch\cern\eam\wshub\core\services\equipment\entities\EquipmentReplacement.java,ch.cern.eam.wshub.core.services.equipment.entities,EquipmentReplacement,replacementMode,968,,String,
C:\Users\Seba\IdeaProjects\eam-light-backend\eam-wshub-core\src\main\java\ch\cern\eam\wshub\core\services\equipment\entities\Equipment.java,ch.cern.eam.wshub.core.services.equipment.entities,Equipment,replacementValue,969,,BigDecimal,"@Transient, @InforField(xpath = ""FacilityConditionIndex/REPLACEMENTVALUE"", nullifyParentLevel = 0)"
C:\Users\Seba\IdeaProjects\eam-light-backend\eam-wshub-core\src\main\java\ch\cern\eam\wshub\core\services\workorders\entities\WorkOrder.java,ch.cern.eam.wshub.core.services.workorders.entities,WorkOrder,reportedBy,970,,String,"@Transient, @InforField(xpath = ""REQUESTEDBY/PERSONCODE"")"
C:\Users\Seba\IdeaProjects\eam-light-backend\eam-wshub-core\src\main\java\ch\cern\eam\wshub\core\services\workorders\entities\WorkOrder.java,ch.cern.eam.wshub.core.services.workorders.entities,WorkOrder,reportedByDesc,971,,String,"@Transient, @InforField(xpath = ""REQUESTEDBY/DESCRIPTION"", readOnly = true)"
C:\Users\Seba\IdeaProjects\eam-light-backend\eam-wshub-core\src\main\java\ch\cern\eam\wshub\core\services\workorders\entities\WorkOrder.java,ch.cern.eam.wshub.core.services.workorders.entities,WorkOrder,reportedDate,972,,Date,"@Transient, @InforField(xpath = ""REPORTED"")"
C:\Users\Seba\IdeaProjects\eam-light-backend\eam-wshub-core\src\main\java\ch\cern\eam\wshub\core\services\casemanagement\entities\EAMCaseManagement.java,ch.cern.eam.wshub.core.services.casemanagement.entities,EAMCaseManagement,requestedBy,973,,String,"@InforField(xpath = ""TrackingDetails/REQUESTEDBY/PERSONCODE"", nullifyParentLevel = 1)"
C:\Users\Seba\IdeaProjects\eam-light-backend\eam-wshub-core\src\main\java\ch\cern\eam\wshub\core\services\casemanagement\entities\EAMCaseManagement.java,ch.cern.eam.wshub.core.services.casemanagement.entities,EAMCaseManagement,requestedEnd,974,,Date,"@InforField(xpath = ""TrackingDetails/REQUESTEDEND"", nullifyParentLevel = 0)"
C:\Users\Seba\IdeaProjects\eam-light-backend\eam-wshub-core\src\main\java\ch\cern\eam\wshub\core\services\material\entities\PickTicket.java,ch.cern.eam.wshub.core.services.material.entities,PickTicket,requestedEndDate,975,,Date,"@InforField(xpath = ""DATEREQUIRED"")"
C:\Users\Seba\IdeaProjects\eam-light-backend\eam-wshub-core\src\main\java\ch\cern\eam\wshub\core\services\workorders\entities\InforCase.java,ch.cern.eam.wshub.core.services.workorders.entities,InforCase,requestedEndDate,976,,Date,@Transient
C:\Users\Seba\IdeaProjects\eam-light-backend\eam-wshub-core\src\main\java\ch\cern\eam\wshub\core\services\workorders\entities\InforCaseTask.java,ch.cern.eam.wshub.core.services.workorders.entities,InforCaseTask,requestedEndDate,977,,Date,"@Column(name = ""TCM_REQ_ENDDATE"")"
C:\Users\Seba\IdeaProjects\eam-light-backend\eam-wshub-core\src\main\java\ch\cern\eam\wshub\core\services\workorders\entities\WorkOrder.java,ch.cern.eam.wshub.core.services.workorders.entities,WorkOrder,requestedEndDate,978,,Date,"@Transient, @InforField(xpath = ""REQUESTEDEND"")"
C:\Users\Seba\IdeaProjects\eam-light-backend\eam-wshub-core\src\main\java\ch\cern\eam\wshub\core\services\casemanagement\entities\EAMCaseManagement.java,ch.cern.eam.wshub.core.services.casemanagement.entities,EAMCaseManagement,requestedStart,979,,Date,"@InforField(xpath = ""TrackingDetails/REQUESTEDSTART"", nullifyParentLevel = 0)"
C:\Users\Seba\IdeaProjects\eam-light-backend\eam-wshub-core\src\main\java\ch\cern\eam\wshub\core\services\workorders\entities\InforCase.java,ch.cern.eam.wshub.core.services.workorders.entities,InforCase,requestedStartDate,980,,Date,@Transient
C:\Users\Seba\IdeaProjects\eam-light-backend\eam-wshub-core\src\main\java\ch\cern\eam\wshub\core\services\workorders\entities\InforCaseTask.java,ch.cern.eam.wshub.core.services.workorders.entities,InforCaseTask,requestedStartDate,981,,Date,"@Column(name = ""TCM_REQ_STARTDATE"")"
C:\Users\Seba\IdeaProjects\eam-light-backend\eam-wshub-core\src\main\java\ch\cern\eam\wshub\core\services\workorders\entities\WorkOrder.java,ch.cern.eam.wshub.core.services.workorders.entities,WorkOrder,requestedStartDate,982,,Date,"@Transient, @InforField(xpath = ""REQUESTEDSTART"")"
C:\Users\Seba\IdeaProjects\eam-light-backend\eam-wshub-core\src\main\java\ch\cern\eam\wshub\core\services\entities\Credentials.java,ch.cern.eam.wshub.core.services.entities,Credentials,requestSource,983,,String,
C:\Users\Seba\IdeaProjects\eam-light-backend\eam-wshub-core\src\main\java\ch\cern\eam\wshub\core\services\workorders\entities\WorkOrderActivityChecklistItem.java,ch.cern.eam.wshub.core.services.workorders.entities,WorkOrderActivityChecklistItem,requiredToClose,984,,Boolean,
C:\Users\Seba\IdeaProjects\eam-light-backend\eam-wshub-core\src\main\java\ch\cern\eam\wshub\core\services\equipment\entities\EquipmentDepreciation.java,ch.cern.eam.wshub.core.services.equipment.entities,EquipmentDepreciation,residualValue,985,,BigDecimal,@Transient
C:\Users\Seba\IdeaProjects\eam-light-backend\eam-wshub-core\src\main\java\ch\cern\eam\wshub\core\services\entities\BatchSingleResponse.java,ch.cern.eam.wshub.core.services.entities,BatchSingleResponse,response,986,,T,
C:\Users\Seba\IdeaProjects\eam-light-backend\eam-wshub-core\src\main\java\ch\cern\eam\wshub\core\services\entities\BatchResponse.java,ch.cern.eam.wshub.core.services.entities,BatchResponse,responseList,987,,List<BatchSingleResponse<T>>,
C:\Users\Seba\IdeaProjects\eam-light-backend\eam-wshub-core\src\main\java\ch\cern\eam\wshub\core\services\workorders\entities\WorkOrderActivityChecklistSignatureResult.java,ch.cern.eam.wshub.core.services.workorders.entities,WorkOrderActivityChecklistSignatureResult,responsibilityCode,988,,String,
C:\Users\Seba\IdeaProjects\eam-light-backend\eam-wshub-core\src\main\java\ch\cern\eam\wshub\core\services\workorders\entities\WorkOrderActivityChecklistSignatureResult.java,ch.cern.eam.wshub.core.services.workorders.entities,WorkOrderActivityChecklistSignatureResult,responsibilityDescription,989,,String,
C:\Users\Seba\IdeaProjects\eam-light-backend\eam-wshub-core\src\main\java\ch\cern\eam\wshub\core\services\workorders\entities\InforCase.java,ch.cern.eam.wshub.core.services.workorders.entities,InforCase,responsibleCode,990,,String,@Transient
C:\Users\Seba\IdeaProjects\eam-light-backend\eam-wshub-core\src\main\java\ch\cern\eam\wshub\core\services\workorders\entities\InforCase.java,ch.cern.eam.wshub.core.services.workorders.entities,InforCase,responsibleDesc,991,,String,@Transient
C:\Users\Seba\IdeaProjects\eam-light-backend\eam-wshub-core\src\main\java\ch\cern\eam\wshub\core\services\workorders\entities\InforCase.java,ch.cern.eam.wshub.core.services.workorders.entities,InforCase,responsibleEMail,992,,String,@Transient
C:\Users\Seba\IdeaProjects\eam-light-backend\eam-wshub-core\src\main\java\ch\cern\eam\wshub\core\services\workorders\entities\WorkOrderActivityChecklistItem.java,ch.cern.eam.wshub.core.services.workorders.entities,WorkOrderActivityChecklistItem,result,993,,String,
C:\Users\Seba\IdeaProjects\eam-light-backend\eam-wshub-core\src\main\java\ch\cern\eam\wshub\core\services\administration\entities\GenericLov.java,ch.cern.eam.wshub.core.services.administration.entities,GenericLov,returnFields,994,,"LinkedHashMap<String,String>",
C:\Users\Seba\IdeaProjects\eam-light-backend\eam-wshub-core\src\main\java\ch\cern\eam\wshub\core\services\grids\entities\GridRequest.java,ch.cern.eam.wshub.core.services.grids.entities,GridRequest,returnHeaderData,995,,Boolean,
C:\Users\Seba\IdeaProjects\eam-light-backend\eam-wshub-core\src\main\java\ch\cern\eam\wshub\core\services\casemanagement\entities\EAMCaseManagement.java,ch.cern.eam.wshub.core.services.casemanagement.entities,EAMCaseManagement,reviewedByDesign,996,,String,"@InforField(xpath = ""REVIEWEDBYESIGN/ESIGNATURE/USERID/DESCRIPTION"")"
C:\Users\Seba\IdeaProjects\eam-light-backend\eam-wshub-core\src\main\java\ch\cern\eam\wshub\core\services\workorders\entities\WorkOrderActivityChecklistDefaultResult.java,ch.cern.eam.wshub.core.services.workorders.entities,WorkOrderActivityChecklistDefaultResult,reviewerName,997,,String,"@InforField(xpath = ""REVIEWEDBYESIGN/ESIGNATURE/USERID/DESCRIPTION"")"
C:\Users\Seba\IdeaProjects\eam-light-backend\eam-wshub-core\src\main\java\ch\cern\eam\wshub\core\services\workorders\entities\WorkOrderActivityChecklistDefaultResult.java,ch.cern.eam.wshub.core.services.workorders.entities,WorkOrderActivityChecklistDefaultResult,reviewerQualification,998,,String,"@InforField(xpath = ""REVIEWRESPONSIBILITY/USERDEFINEDCODE"")"
C:\Users\Seba\IdeaProjects\eam-light-backend\eam-wshub-core\src\main\java\ch\cern\eam\wshub\core\services\equipment\entities\Equipment.java,ch.cern.eam.wshub.core.services.equipment.entities,Equipment,revision,999,,String,"@Transient, @InforField(xpath = ""ManufacturerInfo/MODELREVISION"", nullifyParentLevel = 0)"
C:\Users\Seba\IdeaProjects\eam-light-backend\eam-wshub-core\src\main\java\ch\cern\eam\wshub\core\services\equipment\entities\EquipmentPMSchedule.java,ch.cern.eam.wshub.core.services.equipment.entities,EquipmentPMSchedule,revision,1000,,String,"@Id, @Column(name = ""PPO_REVISION"")"
C:\Users\Seba\IdeaProjects\eam-light-backend\eam-wshub-core\src\main\java\ch\cern\eam\wshub\core\services\equipment\entities\EquipmentPMSchedulePK.java,ch.cern.eam.wshub.core.services.equipment.entities,EquipmentPMSchedulePK,revision,1001,,String,
C:\Users\Seba\IdeaProjects\eam-light-backend\eam-wshub-core\src\main\java\ch\cern\eam\wshub\core\services\equipment\entities\EquipmentConfigurationEntity.java,ch.cern.eam.wshub.core.services.equipment.entities,EquipmentConfigurationEntity,revisionNum,1002,,BigDecimal,"@Transient, @InforField(xpath = ""EQUIPMENTCONFIGURATIONID/REVISIONNUM"")"
C:\Users\Seba\IdeaProjects\eam-light-backend\eam-wshub-core\src\main\java\ch\cern\eam\wshub\core\services\equipment\entities\EquipmentGenerationEntity.java,ch.cern.eam.wshub.core.services.equipment.entities,EquipmentGenerationEntity,revisionNum,1003,,BigDecimal,@Transient
C:\Users\Seba\IdeaProjects\eam-light-backend\eam-wshub-core\src\main\java\ch\cern\eam\wshub\core\services\grids\entities\GridRequestFilter.java,ch.cern.eam.wshub.core.services.grids.entities,GridRequestFilter,rightParenthesis,1004,,Boolean,
C:\Users\Seba\IdeaProjects\eam-light-backend\eam-wshub-core\src\main\java\ch\cern\eam\wshub\core\services\equipment\entities\EquipmentPMSchedule.java,ch.cern.eam.wshub.core.services.equipment.entities,EquipmentPMSchedule,Route,1005,,String,@Transient
C:\Users\Seba\IdeaProjects\eam-light-backend\eam-wshub-core\src\main\java\ch\cern\eam\wshub\core\services\workorders\entities\WorkOrder.java,ch.cern.eam.wshub.core.services.workorders.entities,WorkOrder,route,1006,,String,"@Transient, @InforField(xpath = ""ROUTE/ROUTECODE"")"
C:\Users\Seba\IdeaProjects\eam-light-backend\eam-wshub-core\src\main\java\ch\cern\eam\wshub\core\services\workorders\entities\RouteEquipment.java,ch.cern.eam.wshub.core.services.workorders.entities,RouteEquipment,routeCode,1007,,String,"@Id, @Column(name = ""ROB_ROUTE"")"
C:\Users\Seba\IdeaProjects\eam-light-backend\eam-wshub-core\src\main\java\ch\cern\eam\wshub\core\services\workorders\entities\RouteEquipment.java,ch.cern.eam.wshub.core.services.workorders.entities,RouteEquipmentPK,routeCode,1008,,String,
C:\Users\Seba\IdeaProjects\eam-light-backend\eam-wshub-core\src\main\java\ch\cern\eam\wshub\core\services\workorders\entities\RouteEquipment.java,ch.cern.eam.wshub.core.services.workorders.entities,RouteEquipment,routeEquipmentSequence,1009,431,String,"@Id, @Column(name = ""ROB_LINE""), @ManyToOne"
C:\Users\Seba\IdeaProjects\eam-light-backend\eam-wshub-core\src\main\java\ch\cern\eam\wshub\core\services\workorders\entities\RouteEquipment.java,ch.cern.eam.wshub.core.services.workorders.entities,RouteEquipmentPK,routeEquipmentSequence,1010,431,String,@ManyToOne
C:\Users\Seba\IdeaProjects\eam-light-backend\eam-wshub-core\src\main\java\ch\cern\eam\wshub\core\services\workorders\entities\RouteEquipment.java,ch.cern.eam.wshub.core.services.workorders.entities,RouteEquipment,routeRevision,1011,,String,"@Id, @Column(name = ""ROB_REVISION"")"
C:\Users\Seba\IdeaProjects\eam-light-backend\eam-wshub-core\src\main\java\ch\cern\eam\wshub\core\services\workorders\entities\RouteEquipment.java,ch.cern.eam.wshub.core.services.workorders.entities,RouteEquipmentPK,routeRevision,1012,,String,
C:\Users\Seba\IdeaProjects\eam-light-backend\eam-wshub-core\src\main\java\ch\cern\eam\wshub\core\services\workorders\entities\WorkOrder.java,ch.cern.eam.wshub.core.services.workorders.entities,WorkOrder,routeRevision,1013,,BigInteger,"@Transient, @InforField(xpath = ""ROUTE/ROUTEREVISION"")"
C:\Users\Seba\IdeaProjects\eam-light-backend\eam-wshub-core\src\main\java\ch\cern\eam\wshub\core\client\InforClient.java,ch.cern.eam.wshub.core.client,InforClient,routeService,1014,,RouteService,
C:\Users\Seba\IdeaProjects\eam-light-backend\eam-wshub-core\src\main\java\ch\cern\eam\wshub\core\services\userdefinedscreens\entities\UDTOpBean.java,ch.cern.eam.wshub.core.services.userdefinedscreens.entities,UDTOpBean,row,1015,,UDTRow,
C:\Users\Seba\IdeaProjects\eam-light-backend\eam-wshub-core\src\main\java\ch\cern\eam\wshub\core\services\administration\entities\GenericLov.java,ch.cern.eam.wshub.core.services.administration.entities,GenericLov,rowCount,1016,,BigInteger,
C:\Users\Seba\IdeaProjects\eam-light-backend\eam-wshub-core\src\main\java\ch\cern\eam\wshub\core\services\grids\entities\GridRequest.java,ch.cern.eam.wshub.core.services.grids.entities,GridRequest,rowCount,1017,,Integer,
C:\Users\Seba\IdeaProjects\eam-light-backend\eam-wshub-core\src\main\java\ch\cern\eam\wshub\core\services\grids\customfields\DataspyCustomField.java,ch.cern.eam.wshub.core.services.grids.customfields,DataspyCustomField,rowid,1018,,String,"@Column(name = ""ROWID""), @Id"
C:\Users\Seba\IdeaProjects\eam-light-backend\eam-wshub-core\src\main\java\ch\cern\eam\wshub\core\services\userdefinedscreens\entities\UDTOpBean.java,ch.cern.eam.wshub.core.services.userdefinedscreens.entities,UDTOpBean,rowList,1019,,List<UDTRow>,
C:\Users\Seba\IdeaProjects\eam-light-backend\eam-wshub-core\src\main\java\ch\cern\eam\wshub\core\services\grids\entities\GridRequestResult.java,ch.cern.eam.wshub.core.services.grids.entities,GridRequestResult,rows,1020,,GridRequestRow[],
C:\Users\Seba\IdeaProjects\eam-light-backend\eam-wshub-core\src\main\java\ch\cern\eam\wshub\core\services\equipment\entities\Equipment.java,ch.cern.eam.wshub.core.services.equipment.entities,Equipment,safety,1021,,String,"@Transient, @InforField(xpath = ""SAFETY"")"
C:\Users\Seba\IdeaProjects\eam-light-backend\eam-wshub-core\src\main\java\ch\cern\eam\wshub\core\services\equipment\entities\Location.java,ch.cern.eam.wshub.core.services.equipment.entities,Location,safety,1022,,Boolean,"@Transient, @InforField(xpath = ""SAFETY"", booleanType = BooleanType.TRUE_FALSE)"
C:\Users\Seba\IdeaProjects\eam-light-backend\eam-wshub-core\src\main\java\ch\cern\eam\wshub\core\client\InforClient.java,ch.cern.eam.wshub.core.client,InforClient,safetyService,1023,,SafetyService,
C:\Users\Seba\IdeaProjects\eam-light-backend\eam-wshub-core\src\main\java\ch\cern\eam\wshub\core\client\InforClient.java,ch.cern.eam.wshub.core.client,InforClient,salesPriceService,1024,,SalesPriceService,
C:\Users\Seba\IdeaProjects\eam-light-backend\eam-wshub-core\src\main\java\ch\cern\eam\wshub\core\services\equipment\entities\EquipmentConfigurationEntity.java,ch.cern.eam.wshub.core.services.equipment.entities,EquipmentConfigurationEntity,sampleCode,1025,,String,"@Transient, @InforField(xpath = ""EquipmentGenerationDetails/SAMPLECODE"")"
C:\Users\Seba\IdeaProjects\eam-light-backend\eam-wshub-core\src\main\java\ch\cern\eam\wshub\core\services\casemanagement\entities\EAMCaseManagement.java,ch.cern.eam.wshub.core.services.casemanagement.entities,EAMCaseManagement,scheduledEndDate,1026,,Date,"@InforField(xpath = ""TrackingDetails/SCHEDULEDENDDATE"", nullifyParentLevel = 0)"
C:\Users\Seba\IdeaProjects\eam-light-backend\eam-wshub-core\src\main\java\ch\cern\eam\wshub\core\services\workorders\entities\InforCase.java,ch.cern.eam.wshub.core.services.workorders.entities,InforCase,scheduledEndDate,1027,,Date,@Transient
C:\Users\Seba\IdeaProjects\eam-light-backend\eam-wshub-core\src\main\java\ch\cern\eam\wshub\core\services\workorders\entities\InforCaseTask.java,ch.cern.eam.wshub.core.services.workorders.entities,InforCaseTask,scheduledEndDate,1028,,Date,"@Column(name = ""TCM_SCHD_ENDDATE"")"
C:\Users\Seba\IdeaProjects\eam-light-backend\eam-wshub-core\src\main\java\ch\cern\eam\wshub\core\services\workorders\entities\WorkOrder.java,ch.cern.eam.wshub.core.services.workorders.entities,WorkOrder,scheduledEndDate,1029,,Date,"@Transient, @InforField(xpath = ""SCHEDEND"")"
C:\Users\Seba\IdeaProjects\eam-light-backend\eam-wshub-core\src\main\java\ch\cern\eam\wshub\core\services\casemanagement\entities\EAMCaseManagement.java,ch.cern.eam.wshub.core.services.casemanagement.entities,EAMCaseManagement,scheduledStartDate,1030,,Date,"@InforField(xpath = ""TrackingDetails/SCHEDULEDSTARTDATE"", nullifyParentLevel = 0)"
C:\Users\Seba\IdeaProjects\eam-light-backend\eam-wshub-core\src\main\java\ch\cern\eam\wshub\core\services\workorders\entities\InforCase.java,ch.cern.eam.wshub.core.services.workorders.entities,InforCase,scheduledStartDate,1031,,Date,@Transient
C:\Users\Seba\IdeaProjects\eam-light-backend\eam-wshub-core\src\main\java\ch\cern\eam\wshub\core\services\workorders\entities\InforCaseTask.java,ch.cern.eam.wshub.core.services.workorders.entities,InforCaseTask,scheduledStartDate,1032,,Date,"@Column(name = ""TCM_SCHD_STARTDATE"")"
C:\Users\Seba\IdeaProjects\eam-light-backend\eam-wshub-core\src\main\java\ch\cern\eam\wshub\core\services\workorders\entities\WorkOrder.java,ch.cern.eam.wshub.core.services.workorders.entities,WorkOrder,scheduledStartDate,1033,,Date,"@Transient, @InforField(xpath = ""TARGETDATE"")"
C:\Users\Seba\IdeaProjects\eam-light-backend\eam-wshub-core\src\main\java\ch\cern\eam\wshub\core\services\equipment\entities\EquipmentPMSchedule.java,ch.cern.eam.wshub.core.services.equipment.entities,EquipmentPMSchedule,scheduleType,1034,,String,@Transient
C:\Users\Seba\IdeaProjects\eam-light-backend\eam-wshub-core\src\main\java\ch\cern\eam\wshub\core\services\equipment\entities\Category.java,ch.cern.eam.wshub.core.services.equipment.entities,Category,schematic,1035,,String,"@Transient, @Column(name = ""OBJ_SCHEMATIC""), @InforField(xpath = ""SCHEMATICID/USERDEFINEDCODE"")"
C:\Users\Seba\IdeaProjects\eam-light-backend\eam-wshub-core\src\main\java\ch\cern\eam\wshub\core\client\InforClient.java,ch.cern.eam.wshub.core.client,InforClient,screenLayoutService,1036,,ScreenLayoutService,
C:\Users\Seba\IdeaProjects\eam-light-backend\eam-wshub-core\src\main\java\ch\cern\eam\wshub\core\services\workorders\entities\Employee.java,ch.cern.eam.wshub.core.services.workorders.entities,Employee,section,1037,,String,"@Column(name = ""PER_UDFCHAR04"")"
C:\Users\Seba\IdeaProjects\eam-light-backend\eam-wshub-core\src\main\java\ch\cern\eam\wshub\core\services\workorders\entities\InforCaseTask.java,ch.cern.eam.wshub.core.services.workorders.entities,InforCaseTask,sequence,1038,,Long,"@Column(name = ""TCM_SEQUENCE"")"
C:\Users\Seba\IdeaProjects\eam-light-backend\eam-wshub-core\src\main\java\ch\cern\eam\wshub\core\services\workorders\entities\WorkOrderActivityChecklistItem.java,ch.cern.eam.wshub.core.services.workorders.entities,WorkOrderActivityChecklistItem,sequence,1039,,String,
C:\Users\Seba\IdeaProjects\eam-light-backend\eam-wshub-core\src\main\java\ch\cern\eam\wshub\core\services\equipment\entities\EquipmentPMSchedule.java,ch.cern.eam.wshub.core.services.equipment.entities,EquipmentPMSchedule,sequenceNumber,1040,,String,"@Id, @Column(name = ""PPO_PK"")"
C:\Users\Seba\IdeaProjects\eam-light-backend\eam-wshub-core\src\main\java\ch\cern\eam\wshub\core\services\equipment\entities\EquipmentPMSchedulePK.java,ch.cern.eam.wshub.core.services.equipment.entities,EquipmentPMSchedulePK,sequenceNumber,1041,,String,
C:\Users\Seba\IdeaProjects\eam-light-backend\eam-wshub-core\src\main\java\ch\cern\eam\wshub\core\services\equipment\entities\EquipmentStructure.java,ch.cern.eam.wshub.core.services.equipment.entities,EquipmentStructure,sequenceNumber,1042,,String,
C:\Users\Seba\IdeaProjects\eam-light-backend\eam-wshub-core\src\main\java\ch\cern\eam\wshub\core\services\equipment\entities\EquipmentWarranty.java,ch.cern.eam.wshub.core.services.equipment.entities,EquipmentWarranty,sequenceNumber,1043,,String,"@Id, @Column(name = ""WCV_SEQNO"")"
C:\Users\Seba\IdeaProjects\eam-light-backend\eam-wshub-core\src\main\java\ch\cern\eam\wshub\core\services\userdefinedscreens\entities\UDLEntryId.java,ch.cern.eam.wshub.core.services.userdefinedscreens.entities,UDLEntryId,sequenceNumber,1044,,BigInteger,
C:\Users\Seba\IdeaProjects\eam-light-backend\eam-wshub-core\src\main\java\ch\cern\eam\wshub\core\services\workorders\entities\WorkOrderActivityChecklistSignature.java,ch.cern.eam.wshub.core.services.workorders.entities,WorkOrderActivityChecklistSignature,sequenceNumber,1045,,BigInteger,"@InforField(xpath = ""SEQUENCENUMBER"")"
C:\Users\Seba\IdeaProjects\eam-light-backend\eam-wshub-core\src\main\java\ch\cern\eam\wshub\core\services\equipment\entities\Equipment.java,ch.cern.eam.wshub.core.services.equipment.entities,Equipment,serialNumber,1046,,String,"@Transient, @InforField(xpath = ""ManufacturerInfo/SERIALNUMBER"", nullifyParentLevel = 0)"
C:\Users\Seba\IdeaProjects\eam-light-backend\eam-wshub-core\src\main\java\ch\cern\eam\wshub\core\services\material\entities\StoreTransactionPartLine.java,ch.cern.eam.wshub.core.services.material.entities,StoreTransactionPartLine,serialNumber,1047,,String,"@InforField(xpath = ""SERIALNUMBER"")"
C:\Users\Seba\IdeaProjects\eam-light-backend\eam-wshub-core\src\main\java\ch\cern\eam\wshub\core\services\administration\entities\EAMUser.java,ch.cern.eam.wshub.core.services.administration.entities,EAMUser,serialVersionUID,1048,,long,
C:\Users\Seba\IdeaProjects\eam-light-backend\eam-wshub-core\src\main\java\ch\cern\eam\wshub\core\services\comments\entities\Comment.java,ch.cern.eam.wshub.core.services.comments.entities,Comment,serialVersionUID,1049,,long,
C:\Users\Seba\IdeaProjects\eam-light-backend\eam-wshub-core\src\main\java\ch\cern\eam\wshub\core\services\documents\entities\InforDocEntity.java,ch.cern.eam.wshub.core.services.documents.entities,InforDocEntity,serialVersionUID,1050,,long,
C:\Users\Seba\IdeaProjects\eam-light-backend\eam-wshub-core\src\main\java\ch\cern\eam\wshub\core\services\documents\entities\InforDocEntityPK.java,ch.cern.eam.wshub.core.services.documents.entities,InforDocEntityPK,serialVersionUID,1051,,long,
C:\Users\Seba\IdeaProjects\eam-light-backend\eam-wshub-core\src\main\java\ch\cern\eam\wshub\core\services\documents\entities\InforDocument.java,ch.cern.eam.wshub.core.services.documents.entities,InforDocument,serialVersionUID,1052,,long,
C:\Users\Seba\IdeaProjects\eam-light-backend\eam-wshub-core\src\main\java\ch\cern\eam\wshub\core\services\entities\Credentials.java,ch.cern.eam.wshub.core.services.entities,Credentials,serialVersionUID,1053,,long,
C:\Users\Seba\IdeaProjects\eam-light-backend\eam-wshub-core\src\main\java\ch\cern\eam\wshub\core\services\entities\CustomField.java,ch.cern.eam.wshub.core.services.entities,CustomField,serialVersionUID,1054,,long,
C:\Users\Seba\IdeaProjects\eam-light-backend\eam-wshub-core\src\main\java\ch\cern\eam\wshub\core\services\entities\InstallParameters.java,ch.cern.eam.wshub.core.services.entities,InstallParameters,serialVersionUID,1055,,long,
C:\Users\Seba\IdeaProjects\eam-light-backend\eam-wshub-core\src\main\java\ch\cern\eam\wshub\core\services\entities\UserDefinedFields.java,ch.cern.eam.wshub.core.services.entities,UserDefinedFields,serialVersionUID,1056,,long,
C:\Users\Seba\IdeaProjects\eam-light-backend\eam-wshub-core\src\main\java\ch\cern\eam\wshub\core\services\equipment\entities\Equipment.java,ch.cern.eam.wshub.core.services.equipment.entities,Equipment,serialVersionUID,1057,,long,
C:\Users\Seba\IdeaProjects\eam-light-backend\eam-wshub-core\src\main\java\ch\cern\eam\wshub\core\services\equipment\entities\EquipmentReplacement.java,ch.cern.eam.wshub.core.services.equipment.entities,EquipmentReplacement,serialVersionUID,1058,,long,
C:\Users\Seba\IdeaProjects\eam-light-backend\eam-wshub-core\src\main\java\ch\cern\eam\wshub\core\services\equipment\entities\EquipmentStructure.java,ch.cern.eam.wshub.core.services.equipment.entities,EquipmentStructure,serialVersionUID,1059,,long,
C:\Users\Seba\IdeaProjects\eam-light-backend\eam-wshub-core\src\main\java\ch\cern\eam\wshub\core\services\equipment\entities\Location.java,ch.cern.eam.wshub.core.services.equipment.entities,Location,serialVersionUID,1060,,long,
C:\Users\Seba\IdeaProjects\eam-light-backend\eam-wshub-core\src\main\java\ch\cern\eam\wshub\core\services\grids\entities\GridDataspy.java,ch.cern.eam.wshub.core.services.grids.entities,GridDataspy,serialVersionUID,1061,,long,
C:\Users\Seba\IdeaProjects\eam-light-backend\eam-wshub-core\src\main\java\ch\cern\eam\wshub\core\services\grids\entities\GridDDSpyFieldsResult.java,ch.cern.eam.wshub.core.services.grids.entities,GridDDSpyFieldsResult,serialVersionUID,1062,,long,
C:\Users\Seba\IdeaProjects\eam-light-backend\eam-wshub-core\src\main\java\ch\cern\eam\wshub\core\services\grids\entities\GridField.java,ch.cern.eam.wshub.core.services.grids.entities,GridField,serialVersionUID,1063,,long,
C:\Users\Seba\IdeaProjects\eam-light-backend\eam-wshub-core\src\main\java\ch\cern\eam\wshub\core\services\grids\entities\GridMetadataRequestResult.java,ch.cern.eam.wshub.core.services.grids.entities,GridMetadataRequestResult,serialVersionUID,1064,,long,
C:\Users\Seba\IdeaProjects\eam-light-backend\eam-wshub-core\src\main\java\ch\cern\eam\wshub\core\services\grids\entities\GridRequest.java,ch.cern.eam.wshub.core.services.grids.entities,GridRequest,serialVersionUID,1065,,long,
C:\Users\Seba\IdeaProjects\eam-light-backend\eam-wshub-core\src\main\java\ch\cern\eam\wshub\core\services\grids\entities\GridRequestCell.java,ch.cern.eam.wshub.core.services.grids.entities,GridRequestCell,serialVersionUID,1066,,long,
C:\Users\Seba\IdeaProjects\eam-light-backend\eam-wshub-core\src\main\java\ch\cern\eam\wshub\core\services\grids\entities\GridRequestFilter.java,ch.cern.eam.wshub.core.services.grids.entities,GridRequestFilter,serialVersionUID,1067,,long,
C:\Users\Seba\IdeaProjects\eam-light-backend\eam-wshub-core\src\main\java\ch\cern\eam\wshub\core\services\grids\entities\GridRequestResult.java,ch.cern.eam.wshub.core.services.grids.entities,GridRequestResult,serialVersionUID,1068,,long,
C:\Users\Seba\IdeaProjects\eam-light-backend\eam-wshub-core\src\main\java\ch\cern\eam\wshub\core\services\grids\entities\GridRequestRow.java,ch.cern.eam.wshub.core.services.grids.entities,GridRequestRow,serialVersionUID,1069,,long,
C:\Users\Seba\IdeaProjects\eam-light-backend\eam-wshub-core\src\main\java\ch\cern\eam\wshub\core\services\grids\entities\GridRequestSort.java,ch.cern.eam.wshub.core.services.grids.entities,GridRequestSort,serialVersionUID,1070,,long,
C:\Users\Seba\IdeaProjects\eam-light-backend\eam-wshub-core\src\main\java\ch\cern\eam\wshub\core\services\grids\impl\InforGrids.java,ch.cern.eam.wshub.core.services.grids.impl,InforGrids,serialVersionUID,1071,,long,
C:\Users\Seba\IdeaProjects\eam-light-backend\eam-wshub-core\src\main\java\ch\cern\eam\wshub\core\services\grids\impl\JPAGrids.java,ch.cern.eam.wshub.core.services.grids.impl,JPAGrids,serialVersionUID,1072,,long,
C:\Users\Seba\IdeaProjects\eam-light-backend\eam-wshub-core\src\main\java\ch\cern\eam\wshub\core\services\material\entities\BuildKitParam.java,ch.cern.eam.wshub.core.services.material.entities,BuildKitParam,serialVersionUID,1073,,long,
C:\Users\Seba\IdeaProjects\eam-light-backend\eam-wshub-core\src\main\java\ch\cern\eam\wshub\core\services\material\entities\BuildKitPartParam.java,ch.cern.eam.wshub.core.services.material.entities,BuildKitPartParam,serialVersionUID,1074,,long,
C:\Users\Seba\IdeaProjects\eam-light-backend\eam-wshub-core\src\main\java\ch\cern\eam\wshub\core\services\material\entities\IssueReturnPartTransaction.java,ch.cern.eam.wshub.core.services.material.entities,IssueReturnPartTransaction,serialVersionUID,1075,,long,
C:\Users\Seba\IdeaProjects\eam-light-backend\eam-wshub-core\src\main\java\ch\cern\eam\wshub\core\services\material\entities\IssueReturnPartTransactionLine.java,ch.cern.eam.wshub.core.services.material.entities,IssueReturnPartTransactionLine,serialVersionUID,1076,,long,
C:\Users\Seba\IdeaProjects\eam-light-backend\eam-wshub-core\src\main\java\ch\cern\eam\wshub\core\services\material\entities\Part.java,ch.cern.eam.wshub.core.services.material.entities,Part,serialVersionUID,1077,,long,
C:\Users\Seba\IdeaProjects\eam-light-backend\eam-wshub-core\src\main\java\ch\cern\eam\wshub\core\services\material\entities\PartKitTemplate.java,ch.cern.eam.wshub.core.services.material.entities,PartKitTemplate,serialVersionUID,1078,,long,
C:\Users\Seba\IdeaProjects\eam-light-backend\eam-wshub-core\src\main\java\ch\cern\eam\wshub\core\services\material\entities\PhysicalInventory.java,ch.cern.eam.wshub.core.services.material.entities,PhysicalInventory,serialVersionUID,1079,,long,
C:\Users\Seba\IdeaProjects\eam-light-backend\eam-wshub-core\src\main\java\ch\cern\eam\wshub\core\services\material\entities\PurchaseOrder.java,ch.cern.eam.wshub.core.services.material.entities,PurchaseOrder,serialVersionUID,1080,,long,
C:\Users\Seba\IdeaProjects\eam-light-backend\eam-wshub-core\src\main\java\ch\cern\eam\wshub\core\services\userdefinedscreens\entities\EntityId.java,ch.cern.eam.wshub.core.services.userdefinedscreens.entities,EntityId,serialVersionUID,1081,,long,
C:\Users\Seba\IdeaProjects\eam-light-backend\eam-wshub-core\src\main\java\ch\cern\eam\wshub\core\services\userdefinedscreens\entities\UDLEntry.java,ch.cern.eam.wshub.core.services.userdefinedscreens.entities,UDLEntry,serialVersionUID,1082,,long,
C:\Users\Seba\IdeaProjects\eam-light-backend\eam-wshub-core\src\main\java\ch\cern\eam\wshub\core\services\userdefinedscreens\entities\UDLEntryId.java,ch.cern.eam.wshub.core.services.userdefinedscreens.entities,UDLEntryId,serialVersionUID,1083,,long,
C:\Users\Seba\IdeaProjects\eam-light-backend\eam-wshub-core\src\main\java\ch\cern\eam\wshub\core\services\userdefinedscreens\entities\UDLValue.java,ch.cern.eam.wshub.core.services.userdefinedscreens.entities,UDLValue,serialVersionUID,1084,,long,
C:\Users\Seba\IdeaProjects\eam-light-backend\eam-wshub-core\src\main\java\ch\cern\eam\wshub\core\services\workorders\entities\Activity.java,ch.cern.eam.wshub.core.services.workorders.entities,Activity,serialVersionUID,1085,,long,@Transient
C:\Users\Seba\IdeaProjects\eam-light-backend\eam-wshub-core\src\main\java\ch\cern\eam\wshub\core\services\workorders\entities\Employee.java,ch.cern.eam.wshub.core.services.workorders.entities,Employee,serialVersionUID,1086,,long,
C:\Users\Seba\IdeaProjects\eam-light-backend\eam-wshub-core\src\main\java\ch\cern\eam\wshub\core\services\workorders\entities\Finding.java,ch.cern.eam.wshub.core.services.workorders.entities,Finding,serialVersionUID,1087,,long,
C:\Users\Seba\IdeaProjects\eam-light-backend\eam-wshub-core\src\main\java\ch\cern\eam\wshub\core\services\workorders\entities\InforCase.java,ch.cern.eam.wshub.core.services.workorders.entities,InforCase,serialVersionUID,1088,,long,
C:\Users\Seba\IdeaProjects\eam-light-backend\eam-wshub-core\src\main\java\ch\cern\eam\wshub\core\services\workorders\entities\InforCaseTask.java,ch.cern.eam.wshub.core.services.workorders.entities,InforCaseTask,serialVersionUID,1089,,long,
C:\Users\Seba\IdeaProjects\eam-light-backend\eam-wshub-core\src\main\java\ch\cern\eam\wshub\core\services\workorders\entities\LaborBooking.java,ch.cern.eam.wshub.core.services.workorders.entities,LaborBooking,serialVersionUID,1090,,long,
C:\Users\Seba\IdeaProjects\eam-light-backend\eam-wshub-core\src\main\java\ch\cern\eam\wshub\core\services\workorders\entities\MeterReading.java,ch.cern.eam.wshub.core.services.workorders.entities,MeterReading,serialVersionUID,1091,,long,
C:\Users\Seba\IdeaProjects\eam-light-backend\eam-wshub-core\src\main\java\ch\cern\eam\wshub\core\services\workorders\entities\WorkOrder.java,ch.cern.eam.wshub.core.services.workorders.entities,WorkOrder,serialVersionUID,1092,,long,
C:\Users\Seba\IdeaProjects\eam-light-backend\eam-wshub-core\src\main\java\ch\cern\eam\wshub\core\services\workorders\entities\WorkOrderActivityChecklistItem.java,ch.cern.eam.wshub.core.services.workorders.entities,WorkOrderActivityChecklistItem,serialVersionUID,1093,,long,
C:\Users\Seba\IdeaProjects\eam-light-backend\eam-wshub-core\src\main\java\ch\cern\eam\wshub\core\services\workorders\impl\Safety.java,ch.cern.eam.wshub.core.services.workorders.impl,Safety,serialVersionUID,1094,,long,
C:\Users\Seba\IdeaProjects\eam-light-backend\eam-wshub-core\src\main\java\ch\cern\eam\wshub\core\tools\ExceptionInfo.java,ch.cern.eam.wshub.core.tools,ExceptionInfo,serialVersionUID,1095,,long,
C:\Users\Seba\IdeaProjects\eam-light-backend\eam-wshub-core\src\main\java\ch\cern\eam\wshub\core\services\equipment\entities\Equipment.java,ch.cern.eam.wshub.core.services.equipment.entities,Equipment,serviceLifetime,1096,,BigDecimal,"@Transient, @InforField(xpath = ""FacilityConditionIndex/SERVICELIFE"", nullifyParentLevel = 0)"
C:\Users\Seba\IdeaProjects\eam-light-backend\eam-wshub-core\src\main\java\ch\cern\eam\wshub\core\services\casemanagement\entities\EAMCaseManagement.java,ch.cern.eam.wshub.core.services.casemanagement.entities,EAMCaseManagement,serviceProblemCode,1097,,String,"@InforField(xpath = ""CaseDetails/SERVICEPROBLEMID/SERVICEPROBLEMCODE"", nullifyParentLevel = 1)"
C:\Users\Seba\IdeaProjects\eam-light-backend\eam-wshub-core\src\main\java\ch\cern\eam\wshub\core\client\InforContext.java,ch.cern.eam.wshub.core.client,InforContext,sessionID,1098,,String,
C:\Users\Seba\IdeaProjects\eam-light-backend\eam-wshub-core\src\main\java\ch\cern\eam\wshub\core\services\material\entities\BuildKitParam.java,ch.cern.eam.wshub.core.services.material.entities,BuildKitParam,sessionID,1099,,String,
C:\Users\Seba\IdeaProjects\eam-light-backend\eam-wshub-core\src\main\java\ch\cern\eam\wshub\core\services\equipment\entities\EquipmentGenerationEntity.java,ch.cern.eam.wshub.core.services.equipment.entities,EquipmentGenerationEntity,setDueValues,1100,,String,@Transient
C:\Users\Seba\IdeaProjects\eam-light-backend\eam-wshub-core\src\main\java\ch\cern\eam\wshub\core\services\equipment\entities\NonConformityObservation.java,ch.cern.eam.wshub.core.services.equipment.entities,NonConformityObservation,severity,1101,,String,"@GridField(name = ""severity_display""), @InforField(xpath = ""OBSERVATIONSEVERITY/USERDEFINEDCODE"")"
C:\Users\Seba\IdeaProjects\eam-light-backend\eam-wshub-core\src\main\java\ch\cern\eam\wshub\core\services\casemanagement\entities\EAMCaseManagement.java,ch.cern.eam.wshub.core.services.casemanagement.entities,EAMCaseManagement,shiftCode,1102,,String,"@InforField(xpath = ""CaseDetails/SHIFTID/SHIFTCODE"", nullifyParentLevel = 1)"
C:\Users\Seba\IdeaProjects\eam-light-backend\eam-wshub-core\src\main\java\ch\cern\eam\wshub\core\client\InforContext.java,ch.cern.eam.wshub.core.client,InforContext,signature,1103,,Signature,
C:\Users\Seba\IdeaProjects\eam-light-backend\eam-wshub-core\src\main\java\ch\cern\eam\wshub\core\services\workorders\entities\Activity.java,ch.cern.eam.wshub.core.services.workorders.entities,Activity,signatures,1104,,"Map<String,WorkOrderActivityChecklistSignatureResult>",@Transient
C:\Users\Seba\IdeaProjects\eam-light-backend\eam-wshub-core\src\main\java\ch\cern\eam\wshub\core\services\workorders\entities\WorkOrderActivityChecklistSignature.java,ch.cern.eam.wshub.core.services.workorders.entities,WorkOrderActivityChecklistSignature,signatureType,1105,,String,
C:\Users\Seba\IdeaProjects\eam-light-backend\eam-wshub-core\src\main\java\ch\cern\eam\wshub\core\services\workorders\entities\WorkOrderActivityChecklistSignatureResponse.java,ch.cern.eam.wshub.core.services.workorders.entities,WorkOrderActivityChecklistSignatureResponse,signer,1106,,String,
C:\Users\Seba\IdeaProjects\eam-light-backend\eam-wshub-core\src\main\java\ch\cern\eam\wshub\core\services\workorders\entities\WorkOrderActivityChecklistSignatureResult.java,ch.cern.eam.wshub.core.services.workorders.entities,WorkOrderActivityChecklistSignatureResult,signer,1107,,String,
C:\Users\Seba\IdeaProjects\eam-light-backend\eam-wshub-core\src\main\java\ch\cern\eam\wshub\core\services\equipment\entities\NonConformityObservation.java,ch.cern.eam.wshub.core.services.equipment.entities,NonConformityObservation,size,1108,,String,"@GridField(name = ""ncfsize""), @InforField(xpath = ""OBSERVATIONSIZE"")"
C:\Users\Seba\IdeaProjects\eam-light-backend\eam-wshub-core\src\main\java\ch\cern\eam\wshub\core\services\casemanagement\entities\EAMCaseManagement.java,ch.cern.eam.wshub.core.services.casemanagement.entities,EAMCaseManagement,solution,1109,,String,"@InforField(xpath = ""RouteCauseAnalysisDetails/SOLUTION"", nullifyParentLevel = 0)"
C:\Users\Seba\IdeaProjects\eam-light-backend\eam-wshub-core\src\main\java\ch\cern\eam\wshub\core\services\grids\entities\GridRequestSort.java,ch.cern.eam.wshub.core.services.grids.entities,GridRequestSort,sortBy,1110,,String,
C:\Users\Seba\IdeaProjects\eam-light-backend\eam-wshub-core\src\main\java\ch\cern\eam\wshub\core\services\grids\entities\GridRequestSort.java,ch.cern.eam.wshub.core.services.grids.entities,GridRequestSort,sortType,1111,,String,
C:\Users\Seba\IdeaProjects\eam-light-backend\eam-wshub-core\src\main\java\ch\cern\eam\wshub\core\services\workorders\impl\Safety.java,ch.cern.eam.wshub.core.services.workorders.impl,Safety,sourceCode,1112,,String,"@GridField(name = ""sourcecode"")"
C:\Users\Seba\IdeaProjects\eam-light-backend\eam-wshub-core\src\main\java\ch\cern\eam\wshub\core\services\workorders\impl\Safety.java,ch.cern.eam.wshub.core.services.workorders.impl,Safety,sourceEntity,1113,,String,"@GridField(name = ""sourceentity"")"
C:\Users\Seba\IdeaProjects\eam-light-backend\eam-wshub-core\src\main\java\ch\cern\eam\wshub\core\services\workorders\impl\Safety.java,ch.cern.eam.wshub.core.services.workorders.impl,Safety,sourceOrg,1114,,String,"@GridField(name = ""sourceorg"")"
C:\Users\Seba\IdeaProjects\eam-light-backend\eam-wshub-core\src\main\java\ch\cern\eam\wshub\core\services\casemanagement\entities\EAMCaseManagement.java,ch.cern.eam.wshub.core.services.casemanagement.entities,EAMCaseManagement,sourceType,1115,,String,"@InforField(xpath = ""TrackingDetails/SOURCETYPE/TYPECODE"", nullifyParentLevel = 1)"
C:\Users\Seba\IdeaProjects\eam-light-backend\eam-wshub-core\src\main\java\ch\cern\eam\wshub\core\services\material\entities\Part.java,ch.cern.eam.wshub.core.services.material.entities,Part,standardPrice,1116,,BigDecimal,"@Transient, @InforField(xpath = ""STANDARDPRICE"")"
C:\Users\Seba\IdeaProjects\eam-light-backend\eam-wshub-core\src\main\java\ch\cern\eam\wshub\core\services\material\entities\StoreTransactionPartLine.java,ch.cern.eam.wshub.core.services.material.entities,StoreTransactionPartLine,StandardUserDefinedFields,1117,,UserDefinedFields,"@InforField(xpath = ""StandardUserDefinedFields"")"
C:\Users\Seba\IdeaProjects\eam-light-backend\eam-wshub-core\src\main\java\ch\cern\eam\wshub\core\services\casemanagement\entities\EAMCaseManagement.java,ch.cern.eam.wshub.core.services.casemanagement.entities,EAMCaseManagement,standardWo,1118,,String,"@InforField(xpath = ""FollowupWODetails/STANDARDWO/STDWOCODE"", nullifyParentLevel = 1)"
C:\Users\Seba\IdeaProjects\eam-light-backend\eam-wshub-core\src\main\java\ch\cern\eam\wshub\core\services\workorders\entities\WorkOrder.java,ch.cern.eam.wshub.core.services.workorders.entities,WorkOrder,standardWO,1119,,String,"@Transient, @InforField(xpath = ""STANDARDWO/STDWOCODE"")"
C:\Users\Seba\IdeaProjects\eam-light-backend\eam-wshub-core\src\main\java\ch\cern\eam\wshub\core\services\workorders\entities\WorkOrder.java,ch.cern.eam.wshub.core.services.workorders.entities,WorkOrder,standardWODesc,1120,,String,"@Transient, @InforField(xpath = ""STANDARDWO/DESCRIPTION"", readOnly = true)"
C:\Users\Seba\IdeaProjects\eam-light-backend\eam-wshub-core\src\main\java\ch\cern\eam\wshub\core\client\InforClient.java,ch.cern.eam.wshub.core.client,InforClient,standardWorkOrderChildService,1121,769,StandardWorkOrderChildService,"@Setter, @ManyToOne"
C:\Users\Seba\IdeaProjects\eam-light-backend\eam-wshub-core\src\main\java\ch\cern\eam\wshub\core\client\InforClient.java,ch.cern.eam.wshub.core.client,InforClient,standardWorkOrderService,1122,769,StandardWorkOrderService,@ManyToOne
C:\Users\Seba\IdeaProjects\eam-light-backend\eam-wshub-core\src\main\java\ch\cern\eam\wshub\core\services\casemanagement\entities\EAMCaseManagement.java,ch.cern.eam.wshub.core.services.casemanagement.entities,EAMCaseManagement,startDate,1123,,Date,"@InforField(xpath = ""TrackingDetails/STARTDATE"", nullifyParentLevel = 0)"
C:\Users\Seba\IdeaProjects\eam-light-backend\eam-wshub-core\src\main\java\ch\cern\eam\wshub\core\services\equipment\entities\EquipmentWarranty.java,ch.cern.eam.wshub.core.services.equipment.entities,EquipmentWarranty,startDate,1124,,String,@Transient
C:\Users\Seba\IdeaProjects\eam-light-backend\eam-wshub-core\src\main\java\ch\cern\eam\wshub\core\services\workorders\entities\Activity.java,ch.cern.eam.wshub.core.services.workorders.entities,Activity,startDate,1125,,Date,"@Column(name = ""ACT_START""), @GridField(name = ""actstartdate""), @InforField(xpath = ""ACTIVITYSTARTDATE"")"
C:\Users\Seba\IdeaProjects\eam-light-backend\eam-wshub-core\src\main\java\ch\cern\eam\wshub\core\services\workorders\entities\InforCase.java,ch.cern.eam.wshub.core.services.workorders.entities,InforCase,startDate,1126,,Date,@Transient
C:\Users\Seba\IdeaProjects\eam-light-backend\eam-wshub-core\src\main\java\ch\cern\eam\wshub\core\services\workorders\entities\InforCaseTask.java,ch.cern.eam.wshub.core.services.workorders.entities,InforCaseTask,startDate,1127,,Date,"@Column(name = ""TCM_STARTDATE"")"
C:\Users\Seba\IdeaProjects\eam-light-backend\eam-wshub-core\src\main\java\ch\cern\eam\wshub\core\services\workorders\entities\WorkOrder.java,ch.cern.eam.wshub.core.services.workorders.entities,WorkOrder,startDate,1128,,Date,"@Transient, @InforField(xpath = ""STARTDATE"")"
C:\Users\Seba\IdeaProjects\eam-light-backend\eam-wshub-core\src\main\java\ch\cern\eam\wshub\core\services\casemanagement\entities\EAMCaseManagement.java,ch.cern.eam.wshub.core.services.casemanagement.entities,EAMCaseManagement,startingAt,1129,,BigDecimal,"@InforField(xpath = ""LinearReferenceDetails/STARTINGAT"", nullifyParentLevel = 0)"
C:\Users\Seba\IdeaProjects\eam-light-backend\eam-wshub-core\src\main\java\ch\cern\eam\wshub\core\services\workorders\entities\LaborBooking.java,ch.cern.eam.wshub.core.services.workorders.entities,LaborBooking,startTime,1130,,BigDecimal,"@Column(name = ""BOO_ON"")"
C:\Users\Seba\IdeaProjects\eam-light-backend\eam-wshub-core\src\main\java\ch\cern\eam\wshub\core\services\equipment\entities\Equipment.java,ch.cern.eam.wshub.core.services.equipment.entities,Equipment,stateCode,1131,,String,"@Transient, @InforField(xpath = ""EQUIPMENTSTATEID/STATECODE"", enforceValidXpath = false, nullifyParentLevel = 1)"
C:\Users\Seba\IdeaProjects\eam-light-backend\eam-wshub-core\src\main\java\ch\cern\eam\wshub\core\services\equipment\entities\Equipment.java,ch.cern.eam.wshub.core.services.equipment.entities,Equipment,stateDesc,1132,,String,"@Transient, @InforField(xpath = ""EQUIPMENTSTATEID/DESCRIPTION"", readOnly = true)"
C:\Users\Seba\IdeaProjects\eam-light-backend\eam-wshub-core\src\main\java\ch\cern\eam\wshub\core\services\entities\BatchSingleResponse.java,ch.cern.eam.wshub.core.services.entities,BatchSingleResponse,status,1133,,BATCH_SINGLE_RESPONSE_STATUS,
C:\Users\Seba\IdeaProjects\eam-light-backend\eam-wshub-core\src\main\java\ch\cern\eam\wshub\core\services\material\entities\NoPoReceipt.java,ch.cern.eam.wshub.core.services.material.entities,NoPoReceipt,status,1134,,String,"@InforField(xpath = ""TRANSACTIONSTATUS/STATUSCODE"")"
C:\Users\Seba\IdeaProjects\eam-light-backend\eam-wshub-core\src\main\java\ch\cern\eam\wshub\core\services\material\entities\PhysicalInventory.java,ch.cern.eam.wshub.core.services.material.entities,PhysicalInventory,status,1135,,String,"@Column(name = ""TRA_STATUS""), @InforField(xpath = ""TRANSACTIONSTATUS/STATUSCODE"")"
C:\Users\Seba\IdeaProjects\eam-light-backend\eam-wshub-core\src\main\java\ch\cern\eam\wshub\core\services\material\entities\PickTicket.java,ch.cern.eam.wshub.core.services.material.entities,PickTicket,status,1136,,String,"@InforField(xpath = ""STATUS/STATUSCODE"")"
C:\Users\Seba\IdeaProjects\eam-light-backend\eam-wshub-core\src\main\java\ch\cern\eam\wshub\core\services\casemanagement\entities\EAMCaseManagement.java,ch.cern.eam.wshub.core.services.casemanagement.entities,EAMCaseManagement,statusCode,1137,,String,"@InforField(xpath = ""STATUS/STATUSCODE"")"
C:\Users\Seba\IdeaProjects\eam-light-backend\eam-wshub-core\src\main\java\ch\cern\eam\wshub\core\services\contractmanagement\entities\EquipmentReservationAdjustment.java,ch.cern.eam.wshub.core.services.contractmanagement.entities,EquipmentReservationAdjustment,statusCode,1138,,String,"@GridField(name = ""adjustmentstatus""), @InforField(xpath = ""ADJUSTMENTSTATUS/STATUSCODE"")"
C:\Users\Seba\IdeaProjects\eam-light-backend\eam-wshub-core\src\main\java\ch\cern\eam\wshub\core\services\equipment\entities\Equipment.java,ch.cern.eam.wshub.core.services.equipment.entities,Equipment,statusCode,1139,,String,"@Transient, @InforField(xpath = ""STATUS/STATUSCODE"", nullifyParentLevel = 1)"
C:\Users\Seba\IdeaProjects\eam-light-backend\eam-wshub-core\src\main\java\ch\cern\eam\wshub\core\services\equipment\entities\EquipmentGenerationEntity.java,ch.cern.eam.wshub.core.services.equipment.entities,EquipmentGenerationEntity,statusCode,1140,,String,@Transient
C:\Users\Seba\IdeaProjects\eam-light-backend\eam-wshub-core\src\main\java\ch\cern\eam\wshub\core\services\equipment\entities\NonConformityObservation.java,ch.cern.eam.wshub.core.services.equipment.entities,NonConformityObservation,statusCode,1141,,String,"@GridField(name = ""status""), @InforField(xpath = ""STATUS/STATUSCODE"")"
C:\Users\Seba\IdeaProjects\eam-light-backend\eam-wshub-core\src\main\java\ch\cern\eam\wshub\core\services\material\entities\PurchaseOrder.java,ch.cern.eam.wshub.core.services.material.entities,PurchaseOrder,statusCode,1142,,String,
C:\Users\Seba\IdeaProjects\eam-light-backend\eam-wshub-core\src\main\java\ch\cern\eam\wshub\core\services\workorders\entities\InforCase.java,ch.cern.eam.wshub.core.services.workorders.entities,InforCase,statusCode,1143,,String,@Transient
C:\Users\Seba\IdeaProjects\eam-light-backend\eam-wshub-core\src\main\java\ch\cern\eam\wshub\core\services\workorders\entities\WorkOrder.java,ch.cern.eam.wshub.core.services.workorders.entities,WorkOrder,statusCode,1144,,String,"@Column(name = ""EVT_STATUS""), @InforField(xpath = ""STATUS/STATUSCODE"")"
C:\Users\Seba\IdeaProjects\eam-light-backend\eam-wshub-core\src\main\java\ch\cern\eam\wshub\core\services\equipment\entities\Equipment.java,ch.cern.eam.wshub.core.services.equipment.entities,Equipment,statusDesc,1145,,String,"@Transient, @InforField(xpath = ""STATUS/DESCRIPTION"", readOnly = true)"
C:\Users\Seba\IdeaProjects\eam-light-backend\eam-wshub-core\src\main\java\ch\cern\eam\wshub\core\services\equipment\entities\EquipmentGenerationEntity.java,ch.cern.eam.wshub.core.services.equipment.entities,EquipmentGenerationEntity,statusDesc,1146,,String,@Transient
C:\Users\Seba\IdeaProjects\eam-light-backend\eam-wshub-core\src\main\java\ch\cern\eam\wshub\core\services\workorders\entities\InforCase.java,ch.cern.eam.wshub.core.services.workorders.entities,InforCase,statusDesc,1147,,String,@Transient
C:\Users\Seba\IdeaProjects\eam-light-backend\eam-wshub-core\src\main\java\ch\cern\eam\wshub\core\services\workorders\entities\WorkOrder.java,ch.cern.eam.wshub.core.services.workorders.entities,WorkOrder,statusDesc,1148,,String,"@Transient, @InforField(xpath = ""STATUS/DESCRIPTION"", readOnly = true)"
C:\Users\Seba\IdeaProjects\eam-light-backend\eam-wshub-core\src\main\java\ch\cern\eam\wshub\core\services\contractmanagement\entities\EquipmentReservationAdjustment.java,ch.cern.eam.wshub.core.services.contractmanagement.entities,EquipmentReservationAdjustment,statusRCode,1149,,String,"@GridField(name = ""adjustmentsystemstatus""), @InforField(xpath = ""ADJUSTMENTRSTATUS/STATUSCODE"")"
C:\Users\Seba\IdeaProjects\eam-light-backend\eam-wshub-core\src\main\java\ch\cern\eam\wshub\core\services\workorders\entities\InforCaseTask.java,ch.cern.eam.wshub.core.services.workorders.entities,InforCaseTask,step,1150,,Long,"@Column(name = ""TCM_STEP"")"
C:\Users\Seba\IdeaProjects\eam-light-backend\eam-wshub-core\src\main\java\ch\cern\eam\wshub\core\services\material\entities\PhysicalInventory.java,ch.cern.eam.wshub.core.services.material.entities,PhysicalInventory,stockClass,1151,,String,"@InforField(xpath = ""STOCKCLASSID/CLASSCODE"")"
C:\Users\Seba\IdeaProjects\eam-light-backend\eam-wshub-core\src\main\java\ch\cern\eam\wshub\core\services\material\entities\PartStore.java,ch.cern.eam.wshub.core.services.material.entities,PartStore,stockMethod,1152,,String,
C:\Users\Seba\IdeaProjects\eam-light-backend\eam-wshub-core\src\main\java\ch\cern\eam\wshub\core\services\material\entities\NoPoReceipt.java,ch.cern.eam.wshub.core.services.material.entities,NoPoReceipt,store,1153,,String,"@InforField(xpath = ""STOREID/STORECODE"")"
C:\Users\Seba\IdeaProjects\eam-light-backend\eam-wshub-core\src\main\java\ch\cern\eam\wshub\core\services\material\entities\PhysicalInventory.java,ch.cern.eam.wshub.core.services.material.entities,PhysicalInventory,store,1154,,String,"@Column(name = ""TRA_FROMCODE""), @InforField(xpath = ""STOREID/STORECODE"")"
C:\Users\Seba\IdeaProjects\eam-light-backend\eam-wshub-core\src\main\java\ch\cern\eam\wshub\core\services\material\entities\PhysicalInventoryRow.java,ch.cern.eam.wshub.core.services.material.entities,PhysicalInventoryRow,store,1155,,String,"@Column(name = ""STL_STORE""), @InforField(xpath = ""STOREID/STORECODE"")"
C:\Users\Seba\IdeaProjects\eam-light-backend\eam-wshub-core\src\main\java\ch\cern\eam\wshub\core\client\InforClient.java,ch.cern.eam.wshub.core.client,InforClient,store2StoreTransferService,1156,,Store2StoreTransferService,
C:\Users\Seba\IdeaProjects\eam-light-backend\eam-wshub-core\src\main\java\ch\cern\eam\wshub\core\services\equipment\entities\Equipment.java,ch.cern.eam.wshub.core.services.equipment.entities,Equipment,storeCode,1157,,String,"@Transient, @InforField(xpath = ""PartAssociation/STORELOCATION/STOREID/STORECODE"", enforceValidXpath = false, nullifyParentLevel = 0)"
C:\Users\Seba\IdeaProjects\eam-light-backend\eam-wshub-core\src\main\java\ch\cern\eam\wshub\core\services\material\entities\Bin.java,ch.cern.eam.wshub.core.services.material.entities,Bin,storeCode,1158,,String,"@InforField(xpath = ""STOREBINID/STOREID/STORECODE"", nullifyParentLevel = 1)"
C:\Users\Seba\IdeaProjects\eam-light-backend\eam-wshub-core\src\main\java\ch\cern\eam\wshub\core\services\material\entities\BuildKitParam.java,ch.cern.eam.wshub.core.services.material.entities,BuildKitParam,storeCode,1159,,String,
C:\Users\Seba\IdeaProjects\eam-light-backend\eam-wshub-core\src\main\java\ch\cern\eam\wshub\core\services\material\entities\IssueReturnPartTransaction.java,ch.cern.eam.wshub.core.services.material.entities,IssueReturnPartTransaction,storeCode,1160,,String,
C:\Users\Seba\IdeaProjects\eam-light-backend\eam-wshub-core\src\main\java\ch\cern\eam\wshub\core\services\material\entities\PartStock.java,ch.cern.eam.wshub.core.services.material.entities,PartStock,storeCode,1161,,String,"@GridField(name = ""bisstore"")"
C:\Users\Seba\IdeaProjects\eam-light-backend\eam-wshub-core\src\main\java\ch\cern\eam\wshub\core\services\material\entities\PartStore.java,ch.cern.eam.wshub.core.services.material.entities,PartStore,storeCode,1162,,String,
C:\Users\Seba\IdeaProjects\eam-light-backend\eam-wshub-core\src\main\java\ch\cern\eam\wshub\core\services\material\entities\PickTicket.java,ch.cern.eam.wshub.core.services.material.entities,PickTicket,storeCode,1163,,String,"@InforField(xpath = ""STOREID/STORECODE"")"
C:\Users\Seba\IdeaProjects\eam-light-backend\eam-wshub-core\src\main\java\ch\cern\eam\wshub\core\services\equipment\entities\Equipment.java,ch.cern.eam.wshub.core.services.equipment.entities,Equipment,storeDesc,1164,,String,"@Transient, @InforField(xpath = ""PartAssociation/STORELOCATION/STOREID/DESCRIPTION"", enforceValidXpath = false, readOnly = true)"
C:\Users\Seba\IdeaProjects\eam-light-backend\eam-wshub-core\src\main\java\ch\cern\eam\wshub\core\services\material\entities\IssueReturnPartTransaction.java,ch.cern.eam.wshub.core.services.material.entities,IssueReturnPartTransaction,storeDesc,1165,,String,
C:\Users\Seba\IdeaProjects\eam-light-backend\eam-wshub-core\src\main\java\ch\cern\eam\wshub\core\services\material\entities\PartStock.java,ch.cern.eam.wshub.core.services.material.entities,PartStock,storeDesc,1166,,String,"@GridField(name = ""storedesc"")"
C:\Users\Seba\IdeaProjects\eam-light-backend\eam-wshub-core\src\main\java\ch\cern\eam\wshub\core\services\userdefinedscreens\entities\UDTRow.java,ch.cern.eam.wshub.core.services.userdefinedscreens.entities,UDTRow,strings,1167,,"HashMap<String,String>",
C:\Users\Seba\IdeaProjects\eam-light-backend\eam-wshub-core\src\main\java\ch\cern\eam\wshub\core\services\userdefinedscreens\entities\UDLValue.java,ch.cern.eam.wshub.core.services.userdefinedscreens.entities,UDLValue,stringValue,1168,,String,
C:\Users\Seba\IdeaProjects\eam-light-backend\eam-wshub-core\src\main\java\ch\cern\eam\wshub\core\services\equipment\entities\EquipmentPMSchedule.java,ch.cern.eam.wshub.core.services.equipment.entities,EquipmentPMSchedule,supervisor,1169,,String,@Transient
C:\Users\Seba\IdeaProjects\eam-light-backend\eam-wshub-core\src\main\java\ch\cern\eam\wshub\core\services\workorders\entities\Employee.java,ch.cern.eam.wshub.core.services.workorders.entities,Employee,supervisor,1170,,BigDecimal,"@Column(name = ""PER_UDFNUM01"")"
C:\Users\Seba\IdeaProjects\eam-light-backend\eam-wshub-core\src\main\java\ch\cern\eam\wshub\core\services\material\entities\NoPoReceipt.java,ch.cern.eam.wshub.core.services.material.entities,NoPoReceipt,supplier,1171,,String,"@InforField(xpath = ""SUPPLIERID/SUPPLIERCODE"")"
C:\Users\Seba\IdeaProjects\eam-light-backend\eam-wshub-core\src\main\java\ch\cern\eam\wshub\core\services\material\entities\PartSupplier.java,ch.cern.eam.wshub.core.services.material.entities,PartSupplier,supplierCode,1172,,String,
C:\Users\Seba\IdeaProjects\eam-light-backend\eam-wshub-core\src\main\java\ch\cern\eam\wshub\core\services\material\entities\PartSupplier.java,ch.cern.eam.wshub.core.services.material.entities,PartSupplier,supplierPartDescription,1173,827,String,@ManyToOne
C:\Users\Seba\IdeaProjects\eam-light-backend\eam-wshub-core\src\main\java\ch\cern\eam\wshub\core\services\equipment\entities\NonConformityObservation.java,ch.cern.eam.wshub.core.services.equipment.entities,NonConformityObservation,syslevel,1174,,String,"@GridField(name = ""syslevel""), @InforField(xpath = ""VMRSCODE/SYSTEMLEVELID/SYSTEMLEVELCODE"")"
C:\Users\Seba\IdeaProjects\eam-light-backend\eam-wshub-core\src\main\java\ch\cern\eam\wshub\core\services\entities\CustomField.java,ch.cern.eam.wshub.core.services.entities,CustomField,systemEntity,1175,431,String,@ManyToOne
C:\Users\Seba\IdeaProjects\eam-light-backend\eam-wshub-core\src\main\java\ch\cern\eam\wshub\core\client\InforClient.java,ch.cern.eam.wshub.core.client,InforClient,systemService,1176,,SystemService,
C:\Users\Seba\IdeaProjects\eam-light-backend\eam-wshub-core\src\main\java\ch\cern\eam\wshub\core\services\casemanagement\entities\EAMCaseManagement.java,ch.cern.eam.wshub.core.services.casemanagement.entities,EAMCaseManagement,systemStatusCode,1177,431,String,"@InforField(xpath = ""RSTATUS/STATUSCODE""), @ManyToOne"
C:\Users\Seba\IdeaProjects\eam-light-backend\eam-wshub-core\src\main\java\ch\cern\eam\wshub\core\services\equipment\entities\Equipment.java,ch.cern.eam.wshub.core.services.equipment.entities,Equipment,systemStatusCode,1178,431,String,"@Transient, @ManyToOne"
C:\Users\Seba\IdeaProjects\eam-light-backend\eam-wshub-core\src\main\java\ch\cern\eam\wshub\core\services\workorders\entities\WorkOrder.java,ch.cern.eam.wshub.core.services.workorders.entities,WorkOrder,systemStatusCode,1179,431,String,"@Transient, @ManyToOne"
C:\Users\Seba\IdeaProjects\eam-light-backend\eam-wshub-core\src\main\java\ch\cern\eam\wshub\core\services\equipment\entities\Equipment.java,ch.cern.eam.wshub.core.services.equipment.entities,Equipment,systemTypeCode,1180,431,String,@ManyToOne
C:\Users\Seba\IdeaProjects\eam-light-backend\eam-wshub-core\src\main\java\ch\cern\eam\wshub\core\services\userdefinedscreens\entities\UDTOpBean.java,ch.cern.eam.wshub.core.services.userdefinedscreens.entities,UDTOpBean,tableName,1181,,String,
C:\Users\Seba\IdeaProjects\eam-light-backend\eam-wshub-core\src\main\java\ch\cern\eam\wshub\core\services\grids\entities\GridRequestCell.java,ch.cern.eam.wshub.core.services.grids.entities,GridRequestCell,tag,1182,,String,"@XmlAttribute(name = ""t"")"
C:\Users\Seba\IdeaProjects\eam-light-backend\eam-wshub-core\src\main\java\ch\cern\eam\wshub\core\services\grids\customfields\DataspyCustomField.java,ch.cern.eam.wshub.core.services.grids.customfields,DataspyCustomField,tagName,1183,,String,"@Column(name = ""DCF_TAGNAME"")"
C:\Users\Seba\IdeaProjects\eam-light-backend\eam-wshub-core\src\main\java\ch\cern\eam\wshub\core\services\grids\entities\DataspyField.java,ch.cern.eam.wshub.core.services.grids.entities,DataspyField,tagName,1184,,String,"@Column(name = ""GFD_TAGNAME"")"
C:\Users\Seba\IdeaProjects\eam-light-backend\eam-wshub-core\src\main\java\ch\cern\eam\wshub\core\services\workorders\entities\WorkOrder.java,ch.cern.eam.wshub.core.services.workorders.entities,WorkOrder,targetValue,1185,,BigDecimal,"@Transient, @InforField(xpath = ""TARGETVALUE"")"
C:\Users\Seba\IdeaProjects\eam-light-backend\eam-wshub-core\src\main\java\ch\cern\eam\wshub\core\services\casemanagement\entities\EAMCaseManagement.java,ch.cern.eam.wshub.core.services.casemanagement.entities,EAMCaseManagement,taskCode,1186,,String,"@InforField(xpath = ""FollowupWODetails/TASKSID/TASKCODE"", nullifyParentLevel = 1)"
C:\Users\Seba\IdeaProjects\eam-light-backend\eam-wshub-core\src\main\java\ch\cern\eam\wshub\core\services\equipment\entities\NonConformityObservation.java,ch.cern.eam.wshub.core.services.equipment.entities,NonConformityObservation,taskCode,1187,,String,"@GridField(name = ""taskplanchlist""), @InforField(xpath = ""TASKLISTID/TASKCODE"")"
C:\Users\Seba\IdeaProjects\eam-light-backend\eam-wshub-core\src\main\java\ch\cern\eam\wshub\core\services\workorders\entities\Activity.java,ch.cern.eam.wshub.core.services.workorders.entities,Activity,taskCode,1188,,String,"@Column(name = ""ACT_TASK""), @GridField(name = ""task""), @InforField(xpath = ""TASKSID/TASKCODE"")"
C:\Users\Seba\IdeaProjects\eam-light-backend\eam-wshub-core\src\main\java\ch\cern\eam\wshub\core\services\workorders\entities\InforCaseTask.java,ch.cern.eam.wshub.core.services.workorders.entities,InforCaseTask,taskCode,1189,,String,"@Id, @Column(name = ""TCM_CODE"")"
C:\Users\Seba\IdeaProjects\eam-light-backend\eam-wshub-core\src\main\java\ch\cern\eam\wshub\core\services\workorders\entities\Activity.java,ch.cern.eam.wshub.core.services.workorders.entities,Activity,taskDesc,1190,,String,"@Column(name = ""TSK_DESC""), @InforField(xpath = ""TASKSID/DESCRIPTION"")"
C:\Users\Seba\IdeaProjects\eam-light-backend\eam-wshub-core\src\main\java\ch\cern\eam\wshub\core\services\workorders\entities\InforCaseTask.java,ch.cern.eam.wshub.core.services.workorders.entities,InforCaseTask,taskPlanForChecklist,1191,,String,"@Column(name = ""TCM_CHKLST_TASK"")"
C:\Users\Seba\IdeaProjects\eam-light-backend\eam-wshub-core\src\main\java\ch\cern\eam\wshub\core\client\InforClient.java,ch.cern.eam.wshub.core.client,InforClient,taskPlanService,1192,,TaskPlanService,
C:\Users\Seba\IdeaProjects\eam-light-backend\eam-wshub-core\src\main\java\ch\cern\eam\wshub\core\services\workorders\entities\Activity.java,ch.cern.eam.wshub.core.services.workorders.entities,Activity,taskQty,1193,,BigDecimal,"@Column(name = ""ACT_QTY""), @GridField(name = ""taskqty""), @InforField(xpath = ""TASKSID/TASKQUANTITY"")"
C:\Users\Seba\IdeaProjects\eam-light-backend\eam-wshub-core\src\main\java\ch\cern\eam\wshub\core\services\workorders\entities\Activity.java,ch.cern.eam.wshub.core.services.workorders.entities,Activity,taskRev,1194,,String,"@Column(name = ""TSK_REVISION""), @GridField(name = ""taskrev"")"
C:\Users\Seba\IdeaProjects\eam-light-backend\eam-wshub-core\src\main\java\ch\cern\eam\wshub\core\services\equipment\entities\NonConformityObservation.java,ch.cern.eam.wshub.core.services.equipment.entities,NonConformityObservation,taskRevision,1195,,String,"@GridField(name = ""taskplanchlistrev\n""), @InforField(xpath = ""TASKLISTID/TASKREVISION"")"
C:\Users\Seba\IdeaProjects\eam-light-backend\eam-wshub-core\src\main\java\ch\cern\eam\wshub\core\services\workorders\entities\InforCase.java,ch.cern.eam.wshub.core.services.workorders.entities,InforCase,tasks,1196,,int,@Transient
C:\Users\Seba\IdeaProjects\eam-light-backend\eam-wshub-core\src\main\java\ch\cern\eam\wshub\core\services\contractmanagement\entities\EquipmentReservationAdjustment.java,ch.cern.eam.wshub.core.services.contractmanagement.entities,EquipmentReservationAdjustment,taxAmount,1197,,BigDecimal,"@GridField(name = ""taxamount""), @InforField(xpath = ""TAXAMOUNT"")"
C:\Users\Seba\IdeaProjects\eam-light-backend\eam-wshub-core\src\main\java\ch\cern\eam\wshub\core\services\contractmanagement\entities\EquipmentReservationAdjustment.java,ch.cern.eam.wshub.core.services.contractmanagement.entities,EquipmentReservationAdjustment,taxCode,1198,,String,"@GridField(name = ""taxcode""), @InforField(xpath = ""TAXID/TAXCODE"")"
C:\Users\Seba\IdeaProjects\eam-light-backend\eam-wshub-core\src\main\java\ch\cern\eam\wshub\core\client\InforContext.java,ch.cern.eam.wshub.core.client,InforContext,tenant,1199,,String,
C:\Users\Seba\IdeaProjects\eam-light-backend\eam-wshub-core\src\main\java\ch\cern\eam\wshub\core\services\comments\entities\Comment.java,ch.cern.eam.wshub.core.services.comments.entities,Comment,text,1200,,String,
C:\Users\Seba\IdeaProjects\eam-light-backend\eam-wshub-core\src\main\java\ch\cern\eam\wshub\core\services\equipment\entities\EquipmentWarranty.java,ch.cern.eam.wshub.core.services.equipment.entities,EquipmentWarranty,threshold,1201,,BigDecimal,@Transient
C:\Users\Seba\IdeaProjects\eam-light-backend\eam-wshub-core\src\main\java\ch\cern\eam\wshub\core\services\workorders\entities\WorkOrderActivityChecklistSignatureResult.java,ch.cern.eam.wshub.core.services.workorders.entities,WorkOrderActivityChecklistSignatureResult,time,1202,,Date,
C:\Users\Seba\IdeaProjects\eam-light-backend\eam-wshub-core\src\main\java\ch\cern\eam\wshub\core\services\workorders\entities\WorkOrderActivityChecklistDefaultResult.java,ch.cern.eam.wshub.core.services.workorders.entities,WorkOrderActivityChecklistDefaultResult,timePerf1,1203,,Date,"@InforField(xpath = ""PERFORMEDBYESIGN/ESIGNATURE/EXTERNALDATETIME"")"
C:\Users\Seba\IdeaProjects\eam-light-backend\eam-wshub-core\src\main\java\ch\cern\eam\wshub\core\services\workorders\entities\WorkOrderActivityChecklistDefaultResult.java,ch.cern.eam.wshub.core.services.workorders.entities,WorkOrderActivityChecklistDefaultResult,timePerf2,1204,,Date,"@InforField(xpath = ""PERFORMEDBYESIGN2/ESIGNATURE/EXTERNALDATETIME"")"
C:\Users\Seba\IdeaProjects\eam-light-backend\eam-wshub-core\src\main\java\ch\cern\eam\wshub\core\services\workorders\entities\WorkOrderActivityChecklistDefaultResult.java,ch.cern.eam.wshub.core.services.workorders.entities,WorkOrderActivityChecklistDefaultResult,timeRev1,1205,,Date,"@InforField(xpath = ""REVIEWEDBYESIGN/ESIGNATURE/EXTERNALDATETIME"")"
C:\Users\Seba\IdeaProjects\eam-light-backend\eam-wshub-core\src\main\java\ch\cern\eam\wshub\core\services\workorders\entities\WorkOrderActivityChecklistSignatureResponse.java,ch.cern.eam.wshub.core.services.workorders.entities,WorkOrderActivityChecklistSignatureResponse,timeStamp,1206,,Date,
C:\Users\Seba\IdeaProjects\eam-light-backend\eam-wshub-core\src\main\java\ch\cern\eam\wshub\core\services\material\entities\PhysicalInventory.java,ch.cern.eam.wshub.core.services.material.entities,PhysicalInventory,toBin,1207,,String,"@InforField(xpath = ""TOBIN/BIN"")"
C:\Users\Seba\IdeaProjects\eam-light-backend\eam-wshub-core\src\main\java\ch\cern\eam\wshub\core\services\material\entities\StoreTransactionPartLine.java,ch.cern.eam.wshub.core.services.material.entities,StoreTransactionPartLine,toBinCode,1208,,String,"@InforField(xpath = ""TOBIN/BIN"")"
C:\Users\Seba\IdeaProjects\eam-light-backend\eam-wshub-core\src\main\java\ch\cern\eam\wshub\core\client\InforClient.java,ch.cern.eam.wshub.core.client,InforClient,tools,1209,,Tools,
C:\Users\Seba\IdeaProjects\eam-light-backend\eam-wshub-core\src\main\java\ch\cern\eam\wshub\core\services\grids\customfields\GridCustomFieldHandler.java,ch.cern.eam.wshub.core.services.grids.customfields,GridCustomFieldHandler,tools,1210,,Tools,
C:\Users\Seba\IdeaProjects\eam-light-backend\eam-wshub-core\src\main\java\ch\cern\eam\wshub\core\services\grids\impl\InforGrids.java,ch.cern.eam.wshub.core.services.grids.impl,InforGrids,tools,1211,,Tools,
C:\Users\Seba\IdeaProjects\eam-light-backend\eam-wshub-core\src\main\java\ch\cern\eam\wshub\core\services\grids\impl\JPAGrids.java,ch.cern.eam.wshub.core.services.grids.impl,JPAGrids,tools,1212,,Tools,
C:\Users\Seba\IdeaProjects\eam-light-backend\eam-wshub-core\src\main\java\ch\cern\eam\wshub\core\services\equipment\entities\EquipmentGenerationEntity.java,ch.cern.eam.wshub.core.services.equipment.entities,EquipmentGenerationEntity,topLevelOnly,1213,,String,@Transient
C:\Users\Seba\IdeaProjects\eam-light-backend\eam-wshub-core\src\main\java\ch\cern\eam\wshub\core\services\equipment\entities\LinearReference.java,ch.cern.eam.wshub.core.services.equipment.entities,LinearReference,toPoint,1214,,BigDecimal,
C:\Users\Seba\IdeaProjects\eam-light-backend\eam-wshub-core\src\main\java\ch\cern\eam\wshub\core\services\material\entities\Store2StoreTransferDTO.java,ch.cern.eam.wshub.core.services.material.entities,Store2StoreTransferDTO,toStoreCode,1215,,String,"@InforField(xpath = ""TOSTOREID/STORECODE"")"
C:\Users\Seba\IdeaProjects\eam-light-backend\eam-wshub-core\src\main\java\ch\cern\eam\wshub\core\services\contractmanagement\entities\EquipmentReservationAdjustment.java,ch.cern.eam.wshub.core.services.contractmanagement.entities,EquipmentReservationAdjustment,totalAmount,1216,,BigDecimal,"@GridField(name = ""totalamount""), @InforField(xpath = ""TOTALAMOUNT"")"
C:\Users\Seba\IdeaProjects\eam-light-backend\eam-wshub-core\src\main\java\ch\cern\eam\wshub\core\services\casemanagement\entities\EAMCaseManagement.java,ch.cern.eam.wshub.core.services.casemanagement.entities,EAMCaseManagement,totalCost,1217,,BigDecimal,"@InforField(xpath = ""CaseDetails/TOTALCOST"", nullifyParentLevel = 0)"
C:\Users\Seba\IdeaProjects\eam-light-backend\eam-wshub-core\src\main\java\ch\cern\eam\wshub\core\services\casemanagement\entities\EAMCaseManagement.java,ch.cern.eam.wshub.core.services.casemanagement.entities,EAMCaseManagement,totalcost,1218,,BigDecimal,"@InforField(xpath = ""RouteCauseAnalysisDetails/TOTALCOST"", nullifyParentLevel = 0)"
C:\Users\Seba\IdeaProjects\eam-light-backend\eam-wshub-core\src\main\java\ch\cern\eam\wshub\core\services\material\entities\Part.java,ch.cern.eam.wshub.core.services.material.entities,Part,trackAsKit,1219,,Boolean,"@Transient, @InforField(xpath = ""KIT"")"
C:\Users\Seba\IdeaProjects\eam-light-backend\eam-wshub-core\src\main\java\ch\cern\eam\wshub\core\services\material\entities\NoPoReceiptPart.java,ch.cern.eam.wshub.core.services.material.entities,NoPoReceiptPart,trackByAsset,1220,431,String,"@GridField(name = ""byasset""), @InforField(xpath = ""BYASSET""), @ManyToOne"
C:\Users\Seba\IdeaProjects\eam-light-backend\eam-wshub-core\src\main\java\ch\cern\eam\wshub\core\services\material\entities\Part.java,ch.cern.eam.wshub.core.services.material.entities,Part,trackByAsset,1221,431,Boolean,"@Transient, @InforField(xpath = ""BYASSET"", booleanType = BooleanType.PLUS_MINUS), @ManyToOne"
C:\Users\Seba\IdeaProjects\eam-light-backend\eam-wshub-core\src\main\java\ch\cern\eam\wshub\core\services\material\entities\Part.java,ch.cern.eam.wshub.core.services.material.entities,Part,trackByLot,1222,,Boolean,"@Transient, @InforField(xpath = ""BYLOT"", booleanType = BooleanType.PLUS_MINUS)"
C:\Users\Seba\IdeaProjects\eam-light-backend\eam-wshub-core\src\main\java\ch\cern\eam\wshub\core\services\material\entities\Part.java,ch.cern.eam.wshub.core.services.material.entities,Part,trackCores,1223,,Boolean,"@Transient, @InforField(xpath = ""REPAIRABLE"")"
C:\Users\Seba\IdeaProjects\eam-light-backend\eam-wshub-core\src\main\java\ch\cern\eam\wshub\core\services\material\entities\Part.java,ch.cern.eam.wshub.core.services.material.entities,Part,trackingMethod,1224,,String,"@Transient, @InforField(xpath = ""TRACKMETHOD/TYPECODE"")"
C:\Users\Seba\IdeaProjects\eam-light-backend\eam-wshub-core\src\main\java\ch\cern\eam\wshub\core\services\workorders\entities\Employee.java,ch.cern.eam.wshub.core.services.workorders.entities,Employee,trade,1225,,String,"@Column(name = ""PER_TRADE"")"
C:\Users\Seba\IdeaProjects\eam-light-backend\eam-wshub-core\src\main\java\ch\cern\eam\wshub\core\services\casemanagement\entities\EAMCaseManagement.java,ch.cern.eam.wshub.core.services.casemanagement.entities,EAMCaseManagement,tradeCode,1226,,String,"@InforField(xpath = ""FollowupWODetails/TRADEID/TRADECODE"", nullifyParentLevel = 0)"
C:\Users\Seba\IdeaProjects\eam-light-backend\eam-wshub-core\src\main\java\ch\cern\eam\wshub\core\services\workorders\entities\Activity.java,ch.cern.eam.wshub.core.services.workorders.entities,Activity,tradeCode,1227,,String,"@Column(name = ""ACT_TRADE""), @GridField(name = ""trade""), @InforField(xpath = ""TRADEID/TRADECODE"")"
C:\Users\Seba\IdeaProjects\eam-light-backend\eam-wshub-core\src\main\java\ch\cern\eam\wshub\core\services\workorders\entities\LaborBooking.java,ch.cern.eam.wshub.core.services.workorders.entities,LaborBooking,tradeCode,1228,,String,"@Column(name = ""BOO_TRADE""), @GridField(name = ""emptrade"")"
C:\Users\Seba\IdeaProjects\eam-light-backend\eam-wshub-core\src\main\java\ch\cern\eam\wshub\core\services\material\entities\PhysicalInventory.java,ch.cern.eam.wshub.core.services.material.entities,PhysicalInventory,code,1229,,String,"@Id, @Column(name = ""TRA_CODE""), @InforField(xpath = ""TRANSACTIONID/TRANSACTIONCODE"")"
C:\Users\Seba\IdeaProjects\eam-light-backend\eam-wshub-core\src\main\java\ch\cern\eam\wshub\core\services\material\entities\NoPoReceiptPart.java,ch.cern.eam.wshub.core.services.material.entities,NoPoReceiptPart,transactionCode,1230,,String,"@GridField(name = ""receiptcode""), @InforField(xpath = ""TRANSACTIONLINEID/TRANSACTIONID/TRANSACTIONCODE"")"
C:\Users\Seba\IdeaProjects\eam-light-backend\eam-wshub-core\src\main\java\ch\cern\eam\wshub\core\services\material\entities\TransactionLineId.java,ch.cern.eam.wshub.core.services.material.entities,TransactionLineId,transactionCode,1231,,String,"@InforField(xpath = ""TRANSACTIONID/TRANSACTIONCODE"")"
C:\Users\Seba\IdeaProjects\eam-light-backend\eam-wshub-core\src\main\java\ch\cern\eam\wshub\core\services\material\entities\NoPoReceiptPart.java,ch.cern.eam.wshub.core.services.material.entities,NoPoReceiptPart,transactionLineId,1232,,BigInteger,"@GridField(name = ""receiptline""), @InforField(xpath = ""TRANSACTIONLINEID/TRANSACTIONLINENUM"")"
C:\Users\Seba\IdeaProjects\eam-light-backend\eam-wshub-core\src\main\java\ch\cern\eam\wshub\core\services\material\entities\TransactionLineId.java,ch.cern.eam.wshub.core.services.material.entities,TransactionLineId,transactionLineId,1233,,BigInteger,"@InforField(xpath = ""TRANSACTIONLINENUM"")"
C:\Users\Seba\IdeaProjects\eam-light-backend\eam-wshub-core\src\main\java\ch\cern\eam\wshub\core\services\material\entities\IssueReturnPartTransaction.java,ch.cern.eam.wshub.core.services.material.entities,IssueReturnPartTransaction,transactionlines,1234,,List<IssueReturnPartTransactionLine>,
C:\Users\Seba\IdeaProjects\eam-light-backend\eam-wshub-core\src\main\java\ch\cern\eam\wshub\core\services\material\entities\IssueReturnPartTransaction.java,ch.cern.eam.wshub.core.services.material.entities,IssueReturnPartTransaction,transactionOn,1235,,IssueReturnPartTransactionType,
C:\Users\Seba\IdeaProjects\eam-light-backend\eam-wshub-core\src\main\java\ch\cern\eam\wshub\core\services\material\entities\IssueReturnPartTransactionLine.java,ch.cern.eam.wshub.core.services.material.entities,IssueReturnPartTransactionLine,transactionQty,1236,,BigDecimal,"@InforField(xpath = ""TRANSACTIONQUANTITY"")"
C:\Users\Seba\IdeaProjects\eam-light-backend\eam-wshub-core\src\main\java\ch\cern\eam\wshub\core\services\material\entities\StoreTransactionPartLine.java,ch.cern.eam.wshub.core.services.material.entities,StoreTransactionPartLine,transactionQuantity,1237,,BigDecimal,"@InforField(xpath = ""TRANSACTIONQUANTITY"")"
C:\Users\Seba\IdeaProjects\eam-light-backend\eam-wshub-core\src\main\java\ch\cern\eam\wshub\core\services\material\entities\IssueReturnPartTransaction.java,ch.cern.eam.wshub.core.services.material.entities,IssueReturnPartTransaction,transactionType,1238,,String,
C:\Users\Seba\IdeaProjects\eam-light-backend\eam-wshub-core\src\main\java\ch\cern\eam\wshub\core\services\documents\entities\InforDocument.java,ch.cern.eam.wshub.core.services.documents.entities,InforDocument,type,1239,,String,"@Column(name = ""DOC_TYPE"")"
C:\Users\Seba\IdeaProjects\eam-light-backend\eam-wshub-core\src\main\java\ch\cern\eam\wshub\core\services\entities\CustomField.java,ch.cern.eam.wshub.core.services.entities,CustomField,type,1240,,String,
C:\Users\Seba\IdeaProjects\eam-light-backend\eam-wshub-core\src\main\java\ch\cern\eam\wshub\core\services\equipment\entities\Node.java,ch.cern.eam.wshub.core.services.equipment.entities,Node,type,1241,,String,
C:\Users\Seba\IdeaProjects\eam-light-backend\eam-wshub-core\src\main\java\ch\cern\eam\wshub\core\services\workorders\entities\WorkOrderActivityChecklistItem.java,ch.cern.eam.wshub.core.services.workorders.entities,WorkOrderActivityChecklistItem,type,1242,,String,
C:\Users\Seba\IdeaProjects\eam-light-backend\eam-wshub-core\src\main\java\ch\cern\eam\wshub\core\services\workorders\entities\WorkOrderActivityChecklistSignatureResult.java,ch.cern.eam.wshub.core.services.workorders.entities,WorkOrderActivityChecklistSignatureResult,type,1243,,String,
C:\Users\Seba\IdeaProjects\eam-light-backend\eam-wshub-core\src\main\java\ch\cern\eam\wshub\core\services\comments\entities\Comment.java,ch.cern.eam.wshub.core.services.comments.entities,Comment,typeCode,1244,,String,
C:\Users\Seba\IdeaProjects\eam-light-backend\eam-wshub-core\src\main\java\ch\cern\eam\wshub\core\services\contractmanagement\entities\EquipmentReservationAdjustment.java,ch.cern.eam.wshub.core.services.contractmanagement.entities,EquipmentReservationAdjustment,typeCode,1245,,String,"@GridField(name = ""adjustmenttype""), @InforField(xpath = ""ADJUSTMENTTYPE/TYPECODE"")"
C:\Users\Seba\IdeaProjects\eam-light-backend\eam-wshub-core\src\main\java\ch\cern\eam\wshub\core\services\equipment\entities\Equipment.java,ch.cern.eam.wshub.core.services.equipment.entities,Equipment,typeCode,1246,,String,"@Column(name = ""OBJ_OBTYPE""), @InforField(xpath = ""TYPE/TYPECODE"")"
C:\Users\Seba\IdeaProjects\eam-light-backend\eam-wshub-core\src\main\java\ch\cern\eam\wshub\core\services\equipment\entities\LinearReference.java,ch.cern.eam.wshub.core.services.equipment.entities,LinearReference,typeCode,1247,,String,
C:\Users\Seba\IdeaProjects\eam-light-backend\eam-wshub-core\src\main\java\ch\cern\eam\wshub\core\services\equipment\entities\NonConformityObservation.java,ch.cern.eam.wshub.core.services.equipment.entities,NonConformityObservation,typeCode,1248,,String,"@GridField(name = ""type""), @InforField(xpath = ""NONCONFORMITYTYPEID/NONCONFORMITYTYPECODE"")"
C:\Users\Seba\IdeaProjects\eam-light-backend\eam-wshub-core\src\main\java\ch\cern\eam\wshub\core\services\workorders\entities\InforCase.java,ch.cern.eam.wshub.core.services.workorders.entities,InforCase,typeCode,1249,,String,@Transient
C:\Users\Seba\IdeaProjects\eam-light-backend\eam-wshub-core\src\main\java\ch\cern\eam\wshub\core\services\workorders\entities\WorkOrder.java,ch.cern.eam.wshub.core.services.workorders.entities,WorkOrder,typeCode,1250,,String,"@Transient, @InforField(xpath = ""TYPE/TYPECODE"")"
C:\Users\Seba\IdeaProjects\eam-light-backend\eam-wshub-core\src\main\java\ch\cern\eam\wshub\core\services\equipment\entities\Equipment.java,ch.cern.eam.wshub.core.services.equipment.entities,Equipment,typeDesc,1251,,String,"@InforField(xpath = ""TYPE/DESCRIPTION"", readOnly = true)"
C:\Users\Seba\IdeaProjects\eam-light-backend\eam-wshub-core\src\main\java\ch\cern\eam\wshub\core\services\equipment\entities\NonConformityObservation.java,ch.cern.eam.wshub.core.services.equipment.entities,NonConformityObservation,typeDesc,1252,,String,"@GridField(name = ""typedesc""), @InforField(xpath = ""NONCONFORMITYTYPEID/DESCRIPTION"")"
C:\Users\Seba\IdeaProjects\eam-light-backend\eam-wshub-core\src\main\java\ch\cern\eam\wshub\core\services\workorders\entities\InforCase.java,ch.cern.eam.wshub.core.services.workorders.entities,InforCase,typeDesc,1253,,String,@Transient
C:\Users\Seba\IdeaProjects\eam-light-backend\eam-wshub-core\src\main\java\ch\cern\eam\wshub\core\services\workorders\entities\WorkOrder.java,ch.cern.eam.wshub.core.services.workorders.entities,WorkOrder,typeDesc,1254,,String,"@Transient, @InforField(xpath = ""TYPE/DESCRIPTION"", readOnly = true)"
C:\Users\Seba\IdeaProjects\eam-light-backend\eam-wshub-core\src\main\java\ch\cern\eam\wshub\core\services\workorders\entities\LaborBooking.java,ch.cern.eam.wshub.core.services.workorders.entities,LaborBooking,typeOfHours,1255,,String,"@Column(name = ""BOO_OCRTYPE""), @GridField(name = ""octype"")"
C:\Users\Seba\IdeaProjects\eam-light-backend\eam-wshub-core\src\main\java\ch\cern\eam\wshub\core\services\equipment\entities\NonConformityObservation.java,ch.cern.eam.wshub.core.services.equipment.entities,NonConformityObservation,typeOrgCode,1256,,String,"@GridField(name = ""typeorg""), @InforField(xpath = ""NONCONFORMITYTYPEID/ORGANIZATIONID/ORGANIZATIONCODE"")"
C:\Users\Seba\IdeaProjects\eam-light-backend\eam-wshub-core\src\main\java\ch\cern\eam\wshub\core\services\contractmanagement\entities\EquipmentReservationAdjustment.java,ch.cern.eam.wshub.core.services.contractmanagement.entities,EquipmentReservationAdjustment,typeRCode,1257,,String,"@GridField(name = ""adjustmentsystemtype""), @InforField(xpath = ""ADJUSTMENTRTYPE/TYPECODE"")"
C:\Users\Seba\IdeaProjects\eam-light-backend\eam-wshub-core\src\main\java\ch\cern\eam\wshub\core\services\entities\UserDefinedFields.java,ch.cern.eam.wshub.core.services.entities,UserDefinedFields,udfchar01,1258,,String,"@InforField(xpath = ""UDFCHAR01""), @GridField(name = ""udfchar01"")"
C:\Users\Seba\IdeaProjects\eam-light-backend\eam-wshub-core\src\main\java\ch\cern\eam\wshub\core\services\entities\UserDefinedFields.java,ch.cern.eam.wshub.core.services.entities,UserDefinedFields,udfchar01Desc,1259,,String,
C:\Users\Seba\IdeaProjects\eam-light-backend\eam-wshub-core\src\main\java\ch\cern\eam\wshub\core\services\entities\UserDefinedFields.java,ch.cern.eam.wshub.core.services.entities,UserDefinedFields,udfchar02,1260,,String,"@InforField(xpath = ""UDFCHAR02""), @GridField(name = ""udfchar02"")"
C:\Users\Seba\IdeaProjects\eam-light-backend\eam-wshub-core\src\main\java\ch\cern\eam\wshub\core\services\entities\UserDefinedFields.java,ch.cern.eam.wshub.core.services.entities,UserDefinedFields,udfchar02Desc,1261,,String,
C:\Users\Seba\IdeaProjects\eam-light-backend\eam-wshub-core\src\main\java\ch\cern\eam\wshub\core\services\entities\UserDefinedFields.java,ch.cern.eam.wshub.core.services.entities,UserDefinedFields,udfchar03,1262,,String,"@InforField(xpath = ""UDFCHAR03""), @GridField(name = ""udfchar03"")"
C:\Users\Seba\IdeaProjects\eam-light-backend\eam-wshub-core\src\main\java\ch\cern\eam\wshub\core\services\entities\UserDefinedFields.java,ch.cern.eam.wshub.core.services.entities,UserDefinedFields,udfchar03Desc,1263,,String,
C:\Users\Seba\IdeaProjects\eam-light-backend\eam-wshub-core\src\main\java\ch\cern\eam\wshub\core\services\entities\UserDefinedFields.java,ch.cern.eam.wshub.core.services.entities,UserDefinedFields,udfchar04,1264,,String,"@InforField(xpath = ""UDFCHAR04""), @GridField(name = ""udfchar04"")"
C:\Users\Seba\IdeaProjects\eam-light-backend\eam-wshub-core\src\main\java\ch\cern\eam\wshub\core\services\entities\UserDefinedFields.java,ch.cern.eam.wshub.core.services.entities,UserDefinedFields,udfchar04Desc,1265,,String,
C:\Users\Seba\IdeaProjects\eam-light-backend\eam-wshub-core\src\main\java\ch\cern\eam\wshub\core\services\entities\UserDefinedFields.java,ch.cern.eam.wshub.core.services.entities,UserDefinedFields,udfchar05,1266,,String,"@InforField(xpath = ""UDFCHAR05""), @GridField(name = ""udfchar05"")"
C:\Users\Seba\IdeaProjects\eam-light-backend\eam-wshub-core\src\main\java\ch\cern\eam\wshub\core\services\entities\UserDefinedFields.java,ch.cern.eam.wshub.core.services.entities,UserDefinedFields,udfchar05Desc,1267,,String,
C:\Users\Seba\IdeaProjects\eam-light-backend\eam-wshub-core\src\main\java\ch\cern\eam\wshub\core\services\entities\UserDefinedFields.java,ch.cern.eam.wshub.core.services.entities,UserDefinedFields,udfchar06,1268,,String,"@InforField(xpath = ""UDFCHAR06""), @GridField(name = ""udfchar06"")"
C:\Users\Seba\IdeaProjects\eam-light-backend\eam-wshub-core\src\main\java\ch\cern\eam\wshub\core\services\entities\UserDefinedFields.java,ch.cern.eam.wshub.core.services.entities,UserDefinedFields,udfchar06Desc,1269,,String,
C:\Users\Seba\IdeaProjects\eam-light-backend\eam-wshub-core\src\main\java\ch\cern\eam\wshub\core\services\entities\UserDefinedFields.java,ch.cern.eam.wshub.core.services.entities,UserDefinedFields,udfchar07,1270,,String,"@InforField(xpath = ""UDFCHAR07""), @GridField(name = ""udfchar07"")"
C:\Users\Seba\IdeaProjects\eam-light-backend\eam-wshub-core\src\main\java\ch\cern\eam\wshub\core\services\entities\UserDefinedFields.java,ch.cern.eam.wshub.core.services.entities,UserDefinedFields,udfchar07Desc,1271,,String,
C:\Users\Seba\IdeaProjects\eam-light-backend\eam-wshub-core\src\main\java\ch\cern\eam\wshub\core\services\entities\UserDefinedFields.java,ch.cern.eam.wshub.core.services.entities,UserDefinedFields,udfchar08,1272,,String,"@InforField(xpath = ""UDFCHAR08""), @GridField(name = ""udfchar08"")"
C:\Users\Seba\IdeaProjects\eam-light-backend\eam-wshub-core\src\main\java\ch\cern\eam\wshub\core\services\entities\UserDefinedFields.java,ch.cern.eam.wshub.core.services.entities,UserDefinedFields,udfchar08Desc,1273,,String,
C:\Users\Seba\IdeaProjects\eam-light-backend\eam-wshub-core\src\main\java\ch\cern\eam\wshub\core\services\entities\UserDefinedFields.java,ch.cern.eam.wshub.core.services.entities,UserDefinedFields,udfchar09,1274,,String,"@InforField(xpath = ""UDFCHAR09""), @GridField(name = ""udfchar09"")"
C:\Users\Seba\IdeaProjects\eam-light-backend\eam-wshub-core\src\main\java\ch\cern\eam\wshub\core\services\entities\UserDefinedFields.java,ch.cern.eam.wshub.core.services.entities,UserDefinedFields,udfchar09Desc,1275,,String,
C:\Users\Seba\IdeaProjects\eam-light-backend\eam-wshub-core\src\main\java\ch\cern\eam\wshub\core\services\entities\UserDefinedFields.java,ch.cern.eam.wshub.core.services.entities,UserDefinedFields,udfchar10,1276,,String,"@InforField(xpath = ""UDFCHAR10""), @GridField(name = ""udfchar10"")"
C:\Users\Seba\IdeaProjects\eam-light-backend\eam-wshub-core\src\main\java\ch\cern\eam\wshub\core\services\entities\UserDefinedFields.java,ch.cern.eam.wshub.core.services.entities,UserDefinedFields,udfchar10Desc,1277,,String,
C:\Users\Seba\IdeaProjects\eam-light-backend\eam-wshub-core\src\main\java\ch\cern\eam\wshub\core\services\entities\UserDefinedFields.java,ch.cern.eam.wshub.core.services.entities,UserDefinedFields,udfchar11,1278,,String,"@InforField(xpath = ""UDFCHAR11""), @GridField(name = ""udfchar11"")"
C:\Users\Seba\IdeaProjects\eam-light-backend\eam-wshub-core\src\main\java\ch\cern\eam\wshub\core\services\entities\UserDefinedFields.java,ch.cern.eam.wshub.core.services.entities,UserDefinedFields,udfchar11Desc,1279,,String,
C:\Users\Seba\IdeaProjects\eam-light-backend\eam-wshub-core\src\main\java\ch\cern\eam\wshub\core\services\entities\UserDefinedFields.java,ch.cern.eam.wshub.core.services.entities,UserDefinedFields,udfchar12,1280,,String,"@InforField(xpath = ""UDFCHAR12""), @GridField(name = ""udfchar12"")"
C:\Users\Seba\IdeaProjects\eam-light-backend\eam-wshub-core\src\main\java\ch\cern\eam\wshub\core\services\entities\UserDefinedFields.java,ch.cern.eam.wshub.core.services.entities,UserDefinedFields,udfchar12Desc,1281,,String,
C:\Users\Seba\IdeaProjects\eam-light-backend\eam-wshub-core\src\main\java\ch\cern\eam\wshub\core\services\entities\UserDefinedFields.java,ch.cern.eam.wshub.core.services.entities,UserDefinedFields,udfchar13,1282,,String,"@InforField(xpath = ""UDFCHAR13""), @GridField(name = ""udfchar13"")"
C:\Users\Seba\IdeaProjects\eam-light-backend\eam-wshub-core\src\main\java\ch\cern\eam\wshub\core\services\entities\UserDefinedFields.java,ch.cern.eam.wshub.core.services.entities,UserDefinedFields,udfchar13Desc,1283,,String,
C:\Users\Seba\IdeaProjects\eam-light-backend\eam-wshub-core\src\main\java\ch\cern\eam\wshub\core\services\entities\UserDefinedFields.java,ch.cern.eam.wshub.core.services.entities,UserDefinedFields,udfchar14,1284,,String,"@InforField(xpath = ""UDFCHAR14""), @GridField(name = ""udfchar14"")"
C:\Users\Seba\IdeaProjects\eam-light-backend\eam-wshub-core\src\main\java\ch\cern\eam\wshub\core\services\entities\UserDefinedFields.java,ch.cern.eam.wshub.core.services.entities,UserDefinedFields,udfchar14Desc,1285,,String,
C:\Users\Seba\IdeaProjects\eam-light-backend\eam-wshub-core\src\main\java\ch\cern\eam\wshub\core\services\entities\UserDefinedFields.java,ch.cern.eam.wshub.core.services.entities,UserDefinedFields,udfchar15,1286,,String,"@InforField(xpath = ""UDFCHAR15""), @GridField(name = ""udfchar15"")"
C:\Users\Seba\IdeaProjects\eam-light-backend\eam-wshub-core\src\main\java\ch\cern\eam\wshub\core\services\entities\UserDefinedFields.java,ch.cern.eam.wshub.core.services.entities,UserDefinedFields,udfchar15Desc,1287,,String,
C:\Users\Seba\IdeaProjects\eam-light-backend\eam-wshub-core\src\main\java\ch\cern\eam\wshub\core\services\entities\UserDefinedFields.java,ch.cern.eam.wshub.core.services.entities,UserDefinedFields,udfchar16,1288,,String,"@InforField(xpath = ""UDFCHAR16""), @GridField(name = ""udfchar16"")"
C:\Users\Seba\IdeaProjects\eam-light-backend\eam-wshub-core\src\main\java\ch\cern\eam\wshub\core\services\entities\UserDefinedFields.java,ch.cern.eam.wshub.core.services.entities,UserDefinedFields,udfchar16Desc,1289,,String,
C:\Users\Seba\IdeaProjects\eam-light-backend\eam-wshub-core\src\main\java\ch\cern\eam\wshub\core\services\entities\UserDefinedFields.java,ch.cern.eam.wshub.core.services.entities,UserDefinedFields,udfchar17,1290,,String,"@InforField(xpath = ""UDFCHAR17""), @GridField(name = ""udfchar17"")"
C:\Users\Seba\IdeaProjects\eam-light-backend\eam-wshub-core\src\main\java\ch\cern\eam\wshub\core\services\entities\UserDefinedFields.java,ch.cern.eam.wshub.core.services.entities,UserDefinedFields,udfchar17Desc,1291,,String,
C:\Users\Seba\IdeaProjects\eam-light-backend\eam-wshub-core\src\main\java\ch\cern\eam\wshub\core\services\entities\UserDefinedFields.java,ch.cern.eam.wshub.core.services.entities,UserDefinedFields,udfchar18,1292,,String,"@InforField(xpath = ""UDFCHAR18""), @GridField(name = ""udfchar18"")"
C:\Users\Seba\IdeaProjects\eam-light-backend\eam-wshub-core\src\main\java\ch\cern\eam\wshub\core\services\entities\UserDefinedFields.java,ch.cern.eam.wshub.core.services.entities,UserDefinedFields,udfchar18Desc,1293,,String,
C:\Users\Seba\IdeaProjects\eam-light-backend\eam-wshub-core\src\main\java\ch\cern\eam\wshub\core\services\entities\UserDefinedFields.java,ch.cern.eam.wshub.core.services.entities,UserDefinedFields,udfchar19,1294,,String,"@InforField(xpath = ""UDFCHAR19""), @GridField(name = ""udfchar19"")"
C:\Users\Seba\IdeaProjects\eam-light-backend\eam-wshub-core\src\main\java\ch\cern\eam\wshub\core\services\entities\UserDefinedFields.java,ch.cern.eam.wshub.core.services.entities,UserDefinedFields,udfchar19Desc,1295,,String,
C:\Users\Seba\IdeaProjects\eam-light-backend\eam-wshub-core\src\main\java\ch\cern\eam\wshub\core\services\entities\UserDefinedFields.java,ch.cern.eam.wshub.core.services.entities,UserDefinedFields,udfchar20,1296,,String,"@InforField(xpath = ""UDFCHAR20""), @GridField(name = ""udfchar20"")"
C:\Users\Seba\IdeaProjects\eam-light-backend\eam-wshub-core\src\main\java\ch\cern\eam\wshub\core\services\entities\UserDefinedFields.java,ch.cern.eam.wshub.core.services.entities,UserDefinedFields,udfchar20Desc,1297,,String,
C:\Users\Seba\IdeaProjects\eam-light-backend\eam-wshub-core\src\main\java\ch\cern\eam\wshub\core\services\entities\UserDefinedFields.java,ch.cern.eam.wshub.core.services.entities,UserDefinedFields,udfchar21,1298,,String,"@InforField(xpath = ""UDFCHAR21""), @GridField(name = ""udfchar21"")"
C:\Users\Seba\IdeaProjects\eam-light-backend\eam-wshub-core\src\main\java\ch\cern\eam\wshub\core\services\entities\UserDefinedFields.java,ch.cern.eam.wshub.core.services.entities,UserDefinedFields,udfchar21Desc,1299,,String,
C:\Users\Seba\IdeaProjects\eam-light-backend\eam-wshub-core\src\main\java\ch\cern\eam\wshub\core\services\entities\UserDefinedFields.java,ch.cern.eam.wshub.core.services.entities,UserDefinedFields,udfchar22,1300,,String,"@InforField(xpath = ""UDFCHAR22""), @GridField(name = ""udfchar22"")"
C:\Users\Seba\IdeaProjects\eam-light-backend\eam-wshub-core\src\main\java\ch\cern\eam\wshub\core\services\entities\UserDefinedFields.java,ch.cern.eam.wshub.core.services.entities,UserDefinedFields,udfchar22Desc,1301,,String,
C:\Users\Seba\IdeaProjects\eam-light-backend\eam-wshub-core\src\main\java\ch\cern\eam\wshub\core\services\entities\UserDefinedFields.java,ch.cern.eam.wshub.core.services.entities,UserDefinedFields,udfchar23,1302,,String,"@InforField(xpath = ""UDFCHAR23""), @GridField(name = ""udfchar23"")"
C:\Users\Seba\IdeaProjects\eam-light-backend\eam-wshub-core\src\main\java\ch\cern\eam\wshub\core\services\entities\UserDefinedFields.java,ch.cern.eam.wshub.core.services.entities,UserDefinedFields,udfchar23Desc,1303,,String,
C:\Users\Seba\IdeaProjects\eam-light-backend\eam-wshub-core\src\main\java\ch\cern\eam\wshub\core\services\entities\UserDefinedFields.java,ch.cern.eam.wshub.core.services.entities,UserDefinedFields,udfchar24,1304,,String,"@InforField(xpath = ""UDFCHAR24""), @GridField(name = ""udfchar24"")"
C:\Users\Seba\IdeaProjects\eam-light-backend\eam-wshub-core\src\main\java\ch\cern\eam\wshub\core\services\entities\UserDefinedFields.java,ch.cern.eam.wshub.core.services.entities,UserDefinedFields,udfchar24Desc,1305,,String,
C:\Users\Seba\IdeaProjects\eam-light-backend\eam-wshub-core\src\main\java\ch\cern\eam\wshub\core\services\entities\UserDefinedFields.java,ch.cern.eam.wshub.core.services.entities,UserDefinedFields,udfchar25,1306,,String,"@InforField(xpath = ""UDFCHAR25""), @GridField(name = ""udfchar25"")"
C:\Users\Seba\IdeaProjects\eam-light-backend\eam-wshub-core\src\main\java\ch\cern\eam\wshub\core\services\entities\UserDefinedFields.java,ch.cern.eam.wshub.core.services.entities,UserDefinedFields,udfchar25Desc,1307,,String,
C:\Users\Seba\IdeaProjects\eam-light-backend\eam-wshub-core\src\main\java\ch\cern\eam\wshub\core\services\entities\UserDefinedFields.java,ch.cern.eam.wshub.core.services.entities,UserDefinedFields,udfchar26,1308,,String,"@InforField(xpath = ""UDFCHAR26""), @GridField(name = ""udfchar26"")"
C:\Users\Seba\IdeaProjects\eam-light-backend\eam-wshub-core\src\main\java\ch\cern\eam\wshub\core\services\entities\UserDefinedFields.java,ch.cern.eam.wshub.core.services.entities,UserDefinedFields,udfchar26Desc,1309,,String,
C:\Users\Seba\IdeaProjects\eam-light-backend\eam-wshub-core\src\main\java\ch\cern\eam\wshub\core\services\entities\UserDefinedFields.java,ch.cern.eam.wshub.core.services.entities,UserDefinedFields,udfchar27,1310,,String,"@InforField(xpath = ""UDFCHAR27""), @GridField(name = ""udfchar27"")"
C:\Users\Seba\IdeaProjects\eam-light-backend\eam-wshub-core\src\main\java\ch\cern\eam\wshub\core\services\entities\UserDefinedFields.java,ch.cern.eam.wshub.core.services.entities,UserDefinedFields,udfchar27Desc,1311,,String,
C:\Users\Seba\IdeaProjects\eam-light-backend\eam-wshub-core\src\main\java\ch\cern\eam\wshub\core\services\entities\UserDefinedFields.java,ch.cern.eam.wshub.core.services.entities,UserDefinedFields,udfchar28,1312,,String,"@InforField(xpath = ""UDFCHAR28""), @GridField(name = ""udfchar28"")"
C:\Users\Seba\IdeaProjects\eam-light-backend\eam-wshub-core\src\main\java\ch\cern\eam\wshub\core\services\entities\UserDefinedFields.java,ch.cern.eam.wshub.core.services.entities,UserDefinedFields,udfchar28Desc,1313,,String,
C:\Users\Seba\IdeaProjects\eam-light-backend\eam-wshub-core\src\main\java\ch\cern\eam\wshub\core\services\entities\UserDefinedFields.java,ch.cern.eam.wshub.core.services.entities,UserDefinedFields,udfchar29,1314,,String,"@InforField(xpath = ""UDFCHAR29""), @GridField(name = ""udfchar29"")"
C:\Users\Seba\IdeaProjects\eam-light-backend\eam-wshub-core\src\main\java\ch\cern\eam\wshub\core\services\entities\UserDefinedFields.java,ch.cern.eam.wshub.core.services.entities,UserDefinedFields,udfchar29Desc,1315,,String,
C:\Users\Seba\IdeaProjects\eam-light-backend\eam-wshub-core\src\main\java\ch\cern\eam\wshub\core\services\entities\UserDefinedFields.java,ch.cern.eam.wshub.core.services.entities,UserDefinedFields,udfchar30,1316,,String,"@InforField(xpath = ""UDFCHAR30""), @GridField(name = ""udfchar30"")"
C:\Users\Seba\IdeaProjects\eam-light-backend\eam-wshub-core\src\main\java\ch\cern\eam\wshub\core\services\entities\UserDefinedFields.java,ch.cern.eam.wshub.core.services.entities,UserDefinedFields,udfchar30Desc,1317,,String,
C:\Users\Seba\IdeaProjects\eam-light-backend\eam-wshub-core\src\main\java\ch\cern\eam\wshub\core\services\entities\UserDefinedFields.java,ch.cern.eam.wshub.core.services.entities,UserDefinedFields,udfchar31,1318,,String,"@InforField(xpath = ""UDFCHAR31"", enforceValidXpath = false), @GridField(name = ""udfchar31"")"
C:\Users\Seba\IdeaProjects\eam-light-backend\eam-wshub-core\src\main\java\ch\cern\eam\wshub\core\services\entities\UserDefinedFields.java,ch.cern.eam.wshub.core.services.entities,UserDefinedFields,udfchar31Desc,1319,,String,
C:\Users\Seba\IdeaProjects\eam-light-backend\eam-wshub-core\src\main\java\ch\cern\eam\wshub\core\services\entities\UserDefinedFields.java,ch.cern.eam.wshub.core.services.entities,UserDefinedFields,udfchar32,1320,,String,"@InforField(xpath = ""UDFCHAR32"", enforceValidXpath = false), @GridField(name = ""udfchar32"")"
C:\Users\Seba\IdeaProjects\eam-light-backend\eam-wshub-core\src\main\java\ch\cern\eam\wshub\core\services\entities\UserDefinedFields.java,ch.cern.eam.wshub.core.services.entities,UserDefinedFields,udfchar32Desc,1321,,String,
C:\Users\Seba\IdeaProjects\eam-light-backend\eam-wshub-core\src\main\java\ch\cern\eam\wshub\core\services\entities\UserDefinedFields.java,ch.cern.eam.wshub.core.services.entities,UserDefinedFields,udfchar33,1322,,String,"@InforField(xpath = ""UDFCHAR33"", enforceValidXpath = false), @GridField(name = ""udfchar33"")"
C:\Users\Seba\IdeaProjects\eam-light-backend\eam-wshub-core\src\main\java\ch\cern\eam\wshub\core\services\entities\UserDefinedFields.java,ch.cern.eam.wshub.core.services.entities,UserDefinedFields,udfchar33Desc,1323,,String,
C:\Users\Seba\IdeaProjects\eam-light-backend\eam-wshub-core\src\main\java\ch\cern\eam\wshub\core\services\entities\UserDefinedFields.java,ch.cern.eam.wshub.core.services.entities,UserDefinedFields,udfchar34,1324,,String,"@InforField(xpath = ""UDFCHAR34"", enforceValidXpath = false), @GridField(name = ""udfchar34"")"
C:\Users\Seba\IdeaProjects\eam-light-backend\eam-wshub-core\src\main\java\ch\cern\eam\wshub\core\services\entities\UserDefinedFields.java,ch.cern.eam.wshub.core.services.entities,UserDefinedFields,udfchar34Desc,1325,,String,
C:\Users\Seba\IdeaProjects\eam-light-backend\eam-wshub-core\src\main\java\ch\cern\eam\wshub\core\services\entities\UserDefinedFields.java,ch.cern.eam.wshub.core.services.entities,UserDefinedFields,udfchar35,1326,,String,"@InforField(xpath = ""UDFCHAR35"", enforceValidXpath = false), @GridField(name = ""udfchar35"")"
C:\Users\Seba\IdeaProjects\eam-light-backend\eam-wshub-core\src\main\java\ch\cern\eam\wshub\core\services\entities\UserDefinedFields.java,ch.cern.eam.wshub.core.services.entities,UserDefinedFields,udfchar35Desc,1327,,String,
C:\Users\Seba\IdeaProjects\eam-light-backend\eam-wshub-core\src\main\java\ch\cern\eam\wshub\core\services\entities\UserDefinedFields.java,ch.cern.eam.wshub.core.services.entities,UserDefinedFields,udfchar36,1328,,String,"@InforField(xpath = ""UDFCHAR36"", enforceValidXpath = false), @GridField(name = ""udfchar36"")"
C:\Users\Seba\IdeaProjects\eam-light-backend\eam-wshub-core\src\main\java\ch\cern\eam\wshub\core\services\entities\UserDefinedFields.java,ch.cern.eam.wshub.core.services.entities,UserDefinedFields,udfchar36Desc,1329,,String,
C:\Users\Seba\IdeaProjects\eam-light-backend\eam-wshub-core\src\main\java\ch\cern\eam\wshub\core\services\entities\UserDefinedFields.java,ch.cern.eam.wshub.core.services.entities,UserDefinedFields,udfchar37,1330,,String,"@InforField(xpath = ""UDFCHAR37"", enforceValidXpath = false), @GridField(name = ""udfchar37"")"
C:\Users\Seba\IdeaProjects\eam-light-backend\eam-wshub-core\src\main\java\ch\cern\eam\wshub\core\services\entities\UserDefinedFields.java,ch.cern.eam.wshub.core.services.entities,UserDefinedFields,udfchar37Desc,1331,,String,
C:\Users\Seba\IdeaProjects\eam-light-backend\eam-wshub-core\src\main\java\ch\cern\eam\wshub\core\services\entities\UserDefinedFields.java,ch.cern.eam.wshub.core.services.entities,UserDefinedFields,udfchar38,1332,,String,"@InforField(xpath = ""UDFCHAR38"", enforceValidXpath = false), @GridField(name = ""udfchar38"")"
C:\Users\Seba\IdeaProjects\eam-light-backend\eam-wshub-core\src\main\java\ch\cern\eam\wshub\core\services\entities\UserDefinedFields.java,ch.cern.eam.wshub.core.services.entities,UserDefinedFields,udfchar38Desc,1333,,String,
C:\Users\Seba\IdeaProjects\eam-light-backend\eam-wshub-core\src\main\java\ch\cern\eam\wshub\core\services\entities\UserDefinedFields.java,ch.cern.eam.wshub.core.services.entities,UserDefinedFields,udfchar39,1334,,String,"@InforField(xpath = ""UDFCHAR39"", enforceValidXpath = false), @GridField(name = ""udfchar39"")"
C:\Users\Seba\IdeaProjects\eam-light-backend\eam-wshub-core\src\main\java\ch\cern\eam\wshub\core\services\entities\UserDefinedFields.java,ch.cern.eam.wshub.core.services.entities,UserDefinedFields,udfchar39Desc,1335,,String,
C:\Users\Seba\IdeaProjects\eam-light-backend\eam-wshub-core\src\main\java\ch\cern\eam\wshub\core\services\entities\UserDefinedFields.java,ch.cern.eam.wshub.core.services.entities,UserDefinedFields,udfchar40,1336,,String,"@InforField(xpath = ""UDFCHAR40"", enforceValidXpath = false), @GridField(name = ""udfchar40"")"
C:\Users\Seba\IdeaProjects\eam-light-backend\eam-wshub-core\src\main\java\ch\cern\eam\wshub\core\services\entities\UserDefinedFields.java,ch.cern.eam.wshub.core.services.entities,UserDefinedFields,udfchar40Desc,1337,,String,
C:\Users\Seba\IdeaProjects\eam-light-backend\eam-wshub-core\src\main\java\ch\cern\eam\wshub\core\services\entities\UserDefinedFields.java,ch.cern.eam.wshub.core.services.entities,UserDefinedFields,udfchar41,1338,,String,"@InforField(xpath = ""UDFCHAR41"", enforceValidXpath = false), @GridField(name = ""udfchar41"")"
C:\Users\Seba\IdeaProjects\eam-light-backend\eam-wshub-core\src\main\java\ch\cern\eam\wshub\core\services\entities\UserDefinedFields.java,ch.cern.eam.wshub.core.services.entities,UserDefinedFields,udfchar41Desc,1339,,String,
C:\Users\Seba\IdeaProjects\eam-light-backend\eam-wshub-core\src\main\java\ch\cern\eam\wshub\core\services\entities\UserDefinedFields.java,ch.cern.eam.wshub.core.services.entities,UserDefinedFields,udfchar42,1340,,String,"@InforField(xpath = ""UDFCHAR42"", enforceValidXpath = false), @GridField(name = ""udfchar42"")"
C:\Users\Seba\IdeaProjects\eam-light-backend\eam-wshub-core\src\main\java\ch\cern\eam\wshub\core\services\entities\UserDefinedFields.java,ch.cern.eam.wshub.core.services.entities,UserDefinedFields,udfchar42Desc,1341,,String,
C:\Users\Seba\IdeaProjects\eam-light-backend\eam-wshub-core\src\main\java\ch\cern\eam\wshub\core\services\entities\UserDefinedFields.java,ch.cern.eam.wshub.core.services.entities,UserDefinedFields,udfchar43,1342,,String,"@InforField(xpath = ""UDFCHAR43"", enforceValidXpath = false), @GridField(name = ""udfchar43"")"
C:\Users\Seba\IdeaProjects\eam-light-backend\eam-wshub-core\src\main\java\ch\cern\eam\wshub\core\services\entities\UserDefinedFields.java,ch.cern.eam.wshub.core.services.entities,UserDefinedFields,udfchar43Desc,1343,,String,
C:\Users\Seba\IdeaProjects\eam-light-backend\eam-wshub-core\src\main\java\ch\cern\eam\wshub\core\services\entities\UserDefinedFields.java,ch.cern.eam.wshub.core.services.entities,UserDefinedFields,udfchar44,1344,,String,"@InforField(xpath = ""UDFCHAR44"", enforceValidXpath = false), @GridField(name = ""udfchar44"")"
C:\Users\Seba\IdeaProjects\eam-light-backend\eam-wshub-core\src\main\java\ch\cern\eam\wshub\core\services\entities\UserDefinedFields.java,ch.cern.eam.wshub.core.services.entities,UserDefinedFields,udfchar44Desc,1345,,String,
C:\Users\Seba\IdeaProjects\eam-light-backend\eam-wshub-core\src\main\java\ch\cern\eam\wshub\core\services\entities\UserDefinedFields.java,ch.cern.eam.wshub.core.services.entities,UserDefinedFields,udfchar45,1346,,String,"@InforField(xpath = ""UDFCHAR45"", enforceValidXpath = false), @GridField(name = ""udfchar45"")"
C:\Users\Seba\IdeaProjects\eam-light-backend\eam-wshub-core\src\main\java\ch\cern\eam\wshub\core\services\entities\UserDefinedFields.java,ch.cern.eam.wshub.core.services.entities,UserDefinedFields,udfchar45Desc,1347,,String,
C:\Users\Seba\IdeaProjects\eam-light-backend\eam-wshub-core\src\main\java\ch\cern\eam\wshub\core\services\entities\UserDefinedFields.java,ch.cern.eam.wshub.core.services.entities,UserDefinedFields,udfchkbox01,1348,,Boolean,"@InforField(xpath = ""UDFCHKBOX01""), @GridField(name = ""udfchkbox01"")"
C:\Users\Seba\IdeaProjects\eam-light-backend\eam-wshub-core\src\main\java\ch\cern\eam\wshub\core\services\entities\UserDefinedFields.java,ch.cern.eam.wshub.core.services.entities,UserDefinedFields,udfchkbox02,1349,,Boolean,"@InforField(xpath = ""UDFCHKBOX02""), @GridField(name = ""udfchkbox02"")"
C:\Users\Seba\IdeaProjects\eam-light-backend\eam-wshub-core\src\main\java\ch\cern\eam\wshub\core\services\entities\UserDefinedFields.java,ch.cern.eam.wshub.core.services.entities,UserDefinedFields,udfchkbox03,1350,,Boolean,"@InforField(xpath = ""UDFCHKBOX03""), @GridField(name = ""udfchkbox03"")"
C:\Users\Seba\IdeaProjects\eam-light-backend\eam-wshub-core\src\main\java\ch\cern\eam\wshub\core\services\entities\UserDefinedFields.java,ch.cern.eam.wshub.core.services.entities,UserDefinedFields,udfchkbox04,1351,,Boolean,"@InforField(xpath = ""UDFCHKBOX04""), @GridField(name = ""udfchkbox04"")"
C:\Users\Seba\IdeaProjects\eam-light-backend\eam-wshub-core\src\main\java\ch\cern\eam\wshub\core\services\entities\UserDefinedFields.java,ch.cern.eam.wshub.core.services.entities,UserDefinedFields,udfchkbox05,1352,,Boolean,"@InforField(xpath = ""UDFCHKBOX05""), @GridField(name = ""udfchkbox05"")"
C:\Users\Seba\IdeaProjects\eam-light-backend\eam-wshub-core\src\main\java\ch\cern\eam\wshub\core\services\entities\UserDefinedFields.java,ch.cern.eam.wshub.core.services.entities,UserDefinedFields,udfchkbox06,1353,,Boolean,"@InforField(xpath = ""UDFCHKBOX06"", enforceValidXpath = false), @GridField(name = ""udfchkbox06"")"
C:\Users\Seba\IdeaProjects\eam-light-backend\eam-wshub-core\src\main\java\ch\cern\eam\wshub\core\services\entities\UserDefinedFields.java,ch.cern.eam.wshub.core.services.entities,UserDefinedFields,udfchkbox07,1354,,Boolean,"@InforField(xpath = ""UDFCHKBOX07"", enforceValidXpath = false), @GridField(name = ""udfchkbox07"")"
C:\Users\Seba\IdeaProjects\eam-light-backend\eam-wshub-core\src\main\java\ch\cern\eam\wshub\core\services\entities\UserDefinedFields.java,ch.cern.eam.wshub.core.services.entities,UserDefinedFields,udfchkbox08,1355,,Boolean,"@InforField(xpath = ""UDFCHKBOX08"", enforceValidXpath = false), @GridField(name = ""udfchkbox08"")"
C:\Users\Seba\IdeaProjects\eam-light-backend\eam-wshub-core\src\main\java\ch\cern\eam\wshub\core\services\entities\UserDefinedFields.java,ch.cern.eam.wshub.core.services.entities,UserDefinedFields,udfchkbox09,1356,,Boolean,"@InforField(xpath = ""UDFCHKBOX09"", enforceValidXpath = false), @GridField(name = ""udfchkbox09"")"
C:\Users\Seba\IdeaProjects\eam-light-backend\eam-wshub-core\src\main\java\ch\cern\eam\wshub\core\services\entities\UserDefinedFields.java,ch.cern.eam.wshub.core.services.entities,UserDefinedFields,udfchkbox10,1357,,Boolean,"@InforField(xpath = ""UDFCHKBOX10"", enforceValidXpath = false), @GridField(name = ""udfchkbox10"")"
C:\Users\Seba\IdeaProjects\eam-light-backend\eam-wshub-core\src\main\java\ch\cern\eam\wshub\core\services\entities\UserDefinedFields.java,ch.cern.eam.wshub.core.services.entities,UserDefinedFields,udfdate01,1358,,Date,"@InforField(xpath = ""UDFDATE01""), @GridField(name = ""udfdate01"")"
C:\Users\Seba\IdeaProjects\eam-light-backend\eam-wshub-core\src\main\java\ch\cern\eam\wshub\core\services\entities\UserDefinedFields.java,ch.cern.eam.wshub.core.services.entities,UserDefinedFields,udfdate02,1359,,Date,"@InforField(xpath = ""UDFDATE02""), @GridField(name = ""udfdate02"")"
C:\Users\Seba\IdeaProjects\eam-light-backend\eam-wshub-core\src\main\java\ch\cern\eam\wshub\core\services\entities\UserDefinedFields.java,ch.cern.eam.wshub.core.services.entities,UserDefinedFields,udfdate03,1360,,Date,"@InforField(xpath = ""UDFDATE03""), @GridField(name = ""udfdate03"")"
C:\Users\Seba\IdeaProjects\eam-light-backend\eam-wshub-core\src\main\java\ch\cern\eam\wshub\core\services\entities\UserDefinedFields.java,ch.cern.eam.wshub.core.services.entities,UserDefinedFields,udfdate04,1361,,Date,"@InforField(xpath = ""UDFDATE04""), @GridField(name = ""udfdate04"")"
C:\Users\Seba\IdeaProjects\eam-light-backend\eam-wshub-core\src\main\java\ch\cern\eam\wshub\core\services\entities\UserDefinedFields.java,ch.cern.eam.wshub.core.services.entities,UserDefinedFields,udfdate05,1362,,Date,"@InforField(xpath = ""UDFDATE05""), @GridField(name = ""udfdate05"")"
C:\Users\Seba\IdeaProjects\eam-light-backend\eam-wshub-core\src\main\java\ch\cern\eam\wshub\core\services\entities\UserDefinedFields.java,ch.cern.eam.wshub.core.services.entities,UserDefinedFields,udfdate06,1363,,Date,"@InforField(xpath = ""UDFDATE06"", enforceValidXpath = false), @GridField(name = ""udfdate06"")"
C:\Users\Seba\IdeaProjects\eam-light-backend\eam-wshub-core\src\main\java\ch\cern\eam\wshub\core\services\entities\UserDefinedFields.java,ch.cern.eam.wshub.core.services.entities,UserDefinedFields,udfdate07,1364,,Date,"@InforField(xpath = ""UDFDATE07"", enforceValidXpath = false), @GridField(name = ""udfdate07"")"
C:\Users\Seba\IdeaProjects\eam-light-backend\eam-wshub-core\src\main\java\ch\cern\eam\wshub\core\services\entities\UserDefinedFields.java,ch.cern.eam.wshub.core.services.entities,UserDefinedFields,udfdate08,1365,,Date,"@InforField(xpath = ""UDFDATE08"", enforceValidXpath = false), @GridField(name = ""udfdate08"")"
C:\Users\Seba\IdeaProjects\eam-light-backend\eam-wshub-core\src\main\java\ch\cern\eam\wshub\core\services\entities\UserDefinedFields.java,ch.cern.eam.wshub.core.services.entities,UserDefinedFields,udfdate09,1366,,Date,"@InforField(xpath = ""UDFDATE09"", enforceValidXpath = false), @GridField(name = ""udfdate09"")"
C:\Users\Seba\IdeaProjects\eam-light-backend\eam-wshub-core\src\main\java\ch\cern\eam\wshub\core\services\entities\UserDefinedFields.java,ch.cern.eam.wshub.core.services.entities,UserDefinedFields,udfdate10,1367,,Date,"@InforField(xpath = ""UDFDATE10"", enforceValidXpath = false), @GridField(name = ""udfdate10"")"
C:\Users\Seba\IdeaProjects\eam-light-backend\eam-wshub-core\src\main\java\ch\cern\eam\wshub\core\services\entities\UserDefinedFields.java,ch.cern.eam.wshub.core.services.entities,UserDefinedFields,udfnote01,1368,,String,"@InforField(xpath = ""UDFNOTE01"", enforceValidXpath = false), @GridField(name = ""udfnote01"")"
C:\Users\Seba\IdeaProjects\eam-light-backend\eam-wshub-core\src\main\java\ch\cern\eam\wshub\core\services\entities\UserDefinedFields.java,ch.cern.eam.wshub.core.services.entities,UserDefinedFields,udfnote02,1369,,String,"@InforField(xpath = ""UDFNOTE02"", enforceValidXpath = false), @GridField(name = ""udfnote02"")"
C:\Users\Seba\IdeaProjects\eam-light-backend\eam-wshub-core\src\main\java\ch\cern\eam\wshub\core\services\entities\UserDefinedFields.java,ch.cern.eam.wshub.core.services.entities,UserDefinedFields,udfnum01,1370,,BigDecimal,"@InforField(xpath = ""UDFNUM01""), @GridField(name = ""udfnum01"")"
C:\Users\Seba\IdeaProjects\eam-light-backend\eam-wshub-core\src\main\java\ch\cern\eam\wshub\core\services\entities\UserDefinedFields.java,ch.cern.eam.wshub.core.services.entities,UserDefinedFields,udfnum02,1371,,BigDecimal,"@InforField(xpath = ""UDFNUM02""), @GridField(name = ""udfnum02"")"
C:\Users\Seba\IdeaProjects\eam-light-backend\eam-wshub-core\src\main\java\ch\cern\eam\wshub\core\services\entities\UserDefinedFields.java,ch.cern.eam.wshub.core.services.entities,UserDefinedFields,udfnum03,1372,,BigDecimal,"@InforField(xpath = ""UDFNUM03""), @GridField(name = ""udfnum03"")"
C:\Users\Seba\IdeaProjects\eam-light-backend\eam-wshub-core\src\main\java\ch\cern\eam\wshub\core\services\entities\UserDefinedFields.java,ch.cern.eam.wshub.core.services.entities,UserDefinedFields,udfnum04,1373,,BigDecimal,"@InforField(xpath = ""UDFNUM04""), @GridField(name = ""udfnum04"")"
C:\Users\Seba\IdeaProjects\eam-light-backend\eam-wshub-core\src\main\java\ch\cern\eam\wshub\core\services\entities\UserDefinedFields.java,ch.cern.eam.wshub.core.services.entities,UserDefinedFields,udfnum05,1374,,BigDecimal,"@InforField(xpath = ""UDFNUM05""), @GridField(name = ""udfnum05"")"
C:\Users\Seba\IdeaProjects\eam-light-backend\eam-wshub-core\src\main\java\ch\cern\eam\wshub\core\services\entities\UserDefinedFields.java,ch.cern.eam.wshub.core.services.entities,UserDefinedFields,udfnum06,1375,,BigDecimal,"@InforField(xpath = ""UDFNUM06"", enforceValidXpath = false), @GridField(name = ""udfnum06"")"
C:\Users\Seba\IdeaProjects\eam-light-backend\eam-wshub-core\src\main\java\ch\cern\eam\wshub\core\services\entities\UserDefinedFields.java,ch.cern.eam.wshub.core.services.entities,UserDefinedFields,udfnum07,1376,,BigDecimal,"@InforField(xpath = ""UDFNUM07"", enforceValidXpath = false), @GridField(name = ""udfnum07"")"
C:\Users\Seba\IdeaProjects\eam-light-backend\eam-wshub-core\src\main\java\ch\cern\eam\wshub\core\services\entities\UserDefinedFields.java,ch.cern.eam.wshub.core.services.entities,UserDefinedFields,udfnum08,1377,,BigDecimal,"@InforField(xpath = ""UDFNUM08"", enforceValidXpath = false), @GridField(name = ""udfnum08"")"
C:\Users\Seba\IdeaProjects\eam-light-backend\eam-wshub-core\src\main\java\ch\cern\eam\wshub\core\services\entities\UserDefinedFields.java,ch.cern.eam.wshub.core.services.entities,UserDefinedFields,udfnum09,1378,,BigDecimal,"@InforField(xpath = ""UDFNUM09"", enforceValidXpath = false), @GridField(name = ""udfnum09"")"
C:\Users\Seba\IdeaProjects\eam-light-backend\eam-wshub-core\src\main\java\ch\cern\eam\wshub\core\services\entities\UserDefinedFields.java,ch.cern.eam.wshub.core.services.entities,UserDefinedFields,udfnum10,1379,,BigDecimal,"@InforField(xpath = ""UDFNUM10"", enforceValidXpath = false), @GridField(name = ""udfnum10"")"
C:\Users\Seba\IdeaProjects\eam-light-backend\eam-wshub-core\src\main\java\ch\cern\eam\wshub\core\services\workorders\entities\InforCase.java,ch.cern.eam.wshub.core.services.workorders.entities,InforCase,uncompletedTasks,1380,,int,@Transient
C:\Users\Seba\IdeaProjects\eam-light-backend\eam-wshub-core\src\main\java\ch\cern\eam\wshub\core\services\material\entities\NoPoReceiptPart.java,ch.cern.eam.wshub.core.services.material.entities,NoPoReceiptPart,unit,1381,,String,"@GridField(name = ""partuom""), @InforField(xpath = ""UOMID/UOMCODE"")"
C:\Users\Seba\IdeaProjects\eam-light-backend\eam-wshub-core\src\main\java\ch\cern\eam\wshub\core\services\entities\CustomField.java,ch.cern.eam.wshub.core.services.entities,CustomField,UOM,1382,,String,
C:\Users\Seba\IdeaProjects\eam-light-backend\eam-wshub-core\src\main\java\ch\cern\eam\wshub\core\services\material\entities\BuildKitPartParam.java,ch.cern.eam.wshub.core.services.material.entities,BuildKitPartParam,uom,1383,,String,
C:\Users\Seba\IdeaProjects\eam-light-backend\eam-wshub-core\src\main\java\ch\cern\eam\wshub\core\services\material\entities\Part.java,ch.cern.eam.wshub.core.services.material.entities,Part,UOM,1384,,String,"@Column(name = ""PAR_UOM""), @InforField(xpath = ""UOMID/UOMCODE"")"
C:\Users\Seba\IdeaProjects\eam-light-backend\eam-wshub-core\src\main\java\ch\cern\eam\wshub\core\services\material\entities\PartAssociation.java,ch.cern.eam.wshub.core.services.material.entities,PartAssociation,UOM,1385,,String,@Transient
C:\Users\Seba\IdeaProjects\eam-light-backend\eam-wshub-core\src\main\java\ch\cern\eam\wshub\core\services\workorders\entities\MeterReading.java,ch.cern.eam.wshub.core.services.workorders.entities,MeterReading,UOM,1386,,String,"@InforField(xpath = ""USAGEUOMID/UOMCODE"")"
C:\Users\Seba\IdeaProjects\eam-light-backend\eam-wshub-core\src\main\java\ch\cern\eam\wshub\core\services\workorders\entities\WorkOrderActivityChecklistItem.java,ch.cern.eam.wshub.core.services.workorders.entities,WorkOrderActivityChecklistItem,UOM,1387,,String,
C:\Users\Seba\IdeaProjects\eam-light-backend\eam-wshub-core\src\main\java\ch\cern\eam\wshub\core\services\workorders\entities\WorkOrderActivityChecklistItem.java,ch.cern.eam.wshub.core.services.workorders.entities,WorkOrderActivityChecklistItem,UOM2,1388,,String,
C:\Users\Seba\IdeaProjects\eam-light-backend\eam-wshub-core\src\main\java\ch\cern\eam\wshub\core\services\material\entities\PartKitTemplate.java,ch.cern.eam.wshub.core.services.material.entities,PartKitTemplate,uomCode,1389,,String,
C:\Users\Seba\IdeaProjects\eam-light-backend\eam-wshub-core\src\main\java\ch\cern\eam\wshub\core\services\material\entities\Part.java,ch.cern.eam.wshub.core.services.material.entities,Part,UOMDesc,1390,,String,"@Transient, @InforField(xpath = ""UOMID/DESCRIPTION"", readOnly = true)"
C:\Users\Seba\IdeaProjects\eam-light-backend\eam-wshub-core\src\main\java\ch\cern\eam\wshub\core\services\casemanagement\entities\EAMCaseManagement.java,ch.cern.eam.wshub.core.services.casemanagement.entities,EAMCaseManagement,updateCount,1391,,BigInteger,"@InforField(xpath = ""recordid"")"
C:\Users\Seba\IdeaProjects\eam-light-backend\eam-wshub-core\src\main\java\ch\cern\eam\wshub\core\services\comments\entities\Comment.java,ch.cern.eam.wshub.core.services.comments.entities,Comment,updateCount,1392,,String,
C:\Users\Seba\IdeaProjects\eam-light-backend\eam-wshub-core\src\main\java\ch\cern\eam\wshub\core\services\contractmanagement\entities\EquipmentReservationAdjustment.java,ch.cern.eam.wshub.core.services.contractmanagement.entities,EquipmentReservationAdjustment,updateCount,1393,,BigInteger,"@GridField(name = ""recordid""), @InforField(xpath = ""recordid"")"
C:\Users\Seba\IdeaProjects\eam-light-backend\eam-wshub-core\src\main\java\ch\cern\eam\wshub\core\services\equipment\entities\Equipment.java,ch.cern.eam.wshub.core.services.equipment.entities,Equipment,updateCount,1394,,BigInteger,"@Transient, @InforField(xpath = ""recordid"")"
C:\Users\Seba\IdeaProjects\eam-light-backend\eam-wshub-core\src\main\java\ch\cern\eam\wshub\core\services\equipment\entities\LinearReference.java,ch.cern.eam.wshub.core.services.equipment.entities,LinearReference,updateCount,1395,,String,
C:\Users\Seba\IdeaProjects\eam-light-backend\eam-wshub-core\src\main\java\ch\cern\eam\wshub\core\services\workorders\entities\InforCase.java,ch.cern.eam.wshub.core.services.workorders.entities,InforCase,updateCount,1396,,long,@Transient
C:\Users\Seba\IdeaProjects\eam-light-backend\eam-wshub-core\src\main\java\ch\cern\eam\wshub\core\services\workorders\entities\WorkOrder.java,ch.cern.eam.wshub.core.services.workorders.entities,WorkOrder,updateCount,1397,,BigInteger,"@Transient, @InforField(xpath = ""recordid"")"
C:\Users\Seba\IdeaProjects\eam-light-backend\eam-wshub-core\src\main\java\ch\cern\eam\wshub\core\services\workorders\entities\WorkOrderActivityChecklistItem.java,ch.cern.eam.wshub.core.services.workorders.entities,WorkOrderActivityChecklistItem,updateCount,1398,,String,
C:\Users\Seba\IdeaProjects\eam-light-backend\eam-wshub-core\src\main\java\ch\cern\eam\wshub\core\services\comments\entities\Comment.java,ch.cern.eam.wshub.core.services.comments.entities,Comment,updated,1399,,boolean,@XmlTransient
C:\Users\Seba\IdeaProjects\eam-light-backend\eam-wshub-core\src\main\java\ch\cern\eam\wshub\core\services\comments\entities\Comment.java,ch.cern.eam.wshub.core.services.comments.entities,Comment,updateDate,1400,,String,
C:\Users\Seba\IdeaProjects\eam-light-backend\eam-wshub-core\src\main\java\ch\cern\eam\wshub\core\services\casemanagement\entities\EAMCaseManagement.java,ch.cern.eam.wshub.core.services.casemanagement.entities,EAMCaseManagement,updatedby,1401,,String,"@InforField(xpath = ""UPDATEDBY/USERCODE"")"
C:\Users\Seba\IdeaProjects\eam-light-backend\eam-wshub-core\src\main\java\ch\cern\eam\wshub\core\services\equipment\entities\EquipmentConfigurationEntity.java,ch.cern.eam.wshub.core.services.equipment.entities,EquipmentConfigurationEntity,updatedBy,1402,,String,"@Transient, @InforField(xpath = ""ConfigurationDetails/UPDATEDBY/USERCODE"")"
C:\Users\Seba\IdeaProjects\eam-light-backend\eam-wshub-core\src\main\java\ch\cern\eam\wshub\core\services\equipment\entities\EquipmentGenerationEntity.java,ch.cern.eam.wshub.core.services.equipment.entities,EquipmentGenerationEntity,updatedBy,1403,,String,@Transient
C:\Users\Seba\IdeaProjects\eam-light-backend\eam-wshub-core\src\main\java\ch\cern\eam\wshub\core\services\equipment\entities\NonConformityObservation.java,ch.cern.eam.wshub.core.services.equipment.entities,NonConformityObservation,updatedBy,1404,,String,"@GridField(name = ""updatedby""), @InforField(xpath = ""TrackingDetails/UPDATEDBY/USERCODE"")"
C:\Users\Seba\IdeaProjects\eam-light-backend\eam-wshub-core\src\main\java\ch\cern\eam\wshub\core\services\workorders\entities\InforCase.java,ch.cern.eam.wshub.core.services.workorders.entities,InforCase,updatedBy,1405,,String,@Transient
C:\Users\Seba\IdeaProjects\eam-light-backend\eam-wshub-core\src\main\java\ch\cern\eam\wshub\core\services\workorders\entities\InforCaseTask.java,ch.cern.eam.wshub.core.services.workorders.entities,InforCaseTask,updatedBy,1406,,String,@Transient
C:\Users\Seba\IdeaProjects\eam-light-backend\eam-wshub-core\src\main\java\ch\cern\eam\wshub\core\services\workorders\entities\InforCase.java,ch.cern.eam.wshub.core.services.workorders.entities,InforCase,updatedByName,1407,,String,@Transient
C:\Users\Seba\IdeaProjects\eam-light-backend\eam-wshub-core\src\main\java\ch\cern\eam\wshub\core\services\equipment\entities\NonConformityObservation.java,ch.cern.eam.wshub.core.services.equipment.entities,NonConformityObservation,updatedDate,1408,,Date,"@Setter, @GridField(name = ""updated""), @InforField(xpath = ""TrackingDetails/DATEUPDATED"")"
C:\Users\Seba\IdeaProjects\eam-light-backend\eam-wshub-core\src\main\java\ch\cern\eam\wshub\core\services\workorders\entities\InforCase.java,ch.cern.eam.wshub.core.services.workorders.entities,InforCase,updatedDate,1409,,Date,@Transient
C:\Users\Seba\IdeaProjects\eam-light-backend\eam-wshub-core\src\main\java\ch\cern\eam\wshub\core\services\comments\entities\Comment.java,ch.cern.eam.wshub.core.services.comments.entities,Comment,updateUserCode,1410,,String,
C:\Users\Seba\IdeaProjects\eam-light-backend\eam-wshub-core\src\main\java\ch\cern\eam\wshub\core\services\comments\entities\Comment.java,ch.cern.eam.wshub.core.services.comments.entities,Comment,updateUserDesc,1411,,String,
C:\Users\Seba\IdeaProjects\eam-light-backend\eam-wshub-core\src\main\java\ch\cern\eam\wshub\core\services\grids\entities\GridRequestFilter.java,ch.cern.eam.wshub.core.services.grids.entities,GridRequestFilter,upperCase,1412,,Boolean,
C:\Users\Seba\IdeaProjects\eam-light-backend\eam-wshub-core\src\main\java\ch\cern\eam\wshub\core\services\grids\impl\JPAGrids.java,ch.cern.eam.wshub.core.services.grids.impl,JPAGrids,USE_CUSTOM_FIELDS,1413,,Boolean,
C:\Users\Seba\IdeaProjects\eam-light-backend\eam-wshub-core\src\main\java\ch\cern\eam\wshub\core\services\grids\entities\GridRequest.java,ch.cern.eam.wshub.core.services.grids.entities,GridRequest,useNative,1414,,Boolean,
C:\Users\Seba\IdeaProjects\eam-light-backend\eam-wshub-core\src\main\java\ch\cern\eam\wshub\core\services\administration\entities\EAMUser.java,ch.cern.eam.wshub.core.services.administration.entities,EAMUser,userCode,1415,,String,"@Id, @Column(name = ""USR_CODE""), @InforField(xpath = ""USERID/USERCODE"")"
C:\Users\Seba\IdeaProjects\eam-light-backend\eam-wshub-core\src\main\java\ch\cern\eam\wshub\core\services\workorders\entities\Employee.java,ch.cern.eam.wshub.core.services.workorders.entities,Employee,userCode,1416,,String,"@Column(name = ""PER_USER""), @InforField(xpath = ""USERCODE"")"
C:\Users\Seba\IdeaProjects\eam-light-backend\eam-wshub-core\src\main\java\ch\cern\eam\wshub\core\services\workorders\entities\WorkOrderActivityChecklistSignature.java,ch.cern.eam.wshub.core.services.workorders.entities,WorkOrderActivityChecklistSignature,userCode,1417,,String,
C:\Users\Seba\IdeaProjects\eam-light-backend\eam-wshub-core\src\main\java\ch\cern\eam\wshub\core\services\administration\entities\EAMUser.java,ch.cern.eam.wshub.core.services.administration.entities,EAMUser,userDefinedFields,1418,,UserDefinedFields,"@Transient, @InforField(xpath = ""StandardUserDefinedFields"")"
C:\Users\Seba\IdeaProjects\eam-light-backend\eam-wshub-core\src\main\java\ch\cern\eam\wshub\core\services\casemanagement\entities\EAMCaseManagement.java,ch.cern.eam.wshub.core.services.casemanagement.entities,EAMCaseManagement,userDefinedFields,1419,,UserDefinedFields,"@InforField(xpath = ""StandardUserDefinedFields"")"
C:\Users\Seba\IdeaProjects\eam-light-backend\eam-wshub-core\src\main\java\ch\cern\eam\wshub\core\services\contractmanagement\entities\EquipmentReservationAdjustment.java,ch.cern.eam.wshub.core.services.contractmanagement.entities,EquipmentReservationAdjustment,userDefinedFields,1420,,UserDefinedFields,"@InforField(xpath = ""StandardUserDefinedFields"")"
C:\Users\Seba\IdeaProjects\eam-light-backend\eam-wshub-core\src\main\java\ch\cern\eam\wshub\core\services\equipment\entities\Equipment.java,ch.cern.eam.wshub.core.services.equipment.entities,Equipment,userDefinedFields,1421,,UserDefinedFields,"@Transient, @InforField(xpath = ""UserDefinedFields"")"
C:\Users\Seba\IdeaProjects\eam-light-backend\eam-wshub-core\src\main\java\ch\cern\eam\wshub\core\services\equipment\entities\EquipmentConfigurationEntity.java,ch.cern.eam.wshub.core.services.equipment.entities,EquipmentConfigurationEntity,userDefinedFields,1422,,UserDefinedFields,"@Transient, @InforField(xpath = ""UserDefinedFields"")"
C:\Users\Seba\IdeaProjects\eam-light-backend\eam-wshub-core\src\main\java\ch\cern\eam\wshub\core\services\equipment\entities\EquipmentDepreciation.java,ch.cern.eam.wshub.core.services.equipment.entities,EquipmentDepreciation,userDefinedFields,1423,,UserDefinedFields,"@Transient, @InforField(xpath = ""StandardUserDefinedFields"")"
C:\Users\Seba\IdeaProjects\eam-light-backend\eam-wshub-core\src\main\java\ch\cern\eam\wshub\core\services\equipment\entities\EquipmentPMSchedule.java,ch.cern.eam.wshub.core.services.equipment.entities,EquipmentPMSchedule,userDefinedFields,1424,,UserDefinedFields,"@Transient, @InforField(xpath = ""StandardUserDefinedFields"")"
C:\Users\Seba\IdeaProjects\eam-light-backend\eam-wshub-core\src\main\java\ch\cern\eam\wshub\core\services\equipment\entities\Location.java,ch.cern.eam.wshub.core.services.equipment.entities,Location,userDefinedFields,1425,,UserDefinedFields,"@Transient, @InforField(xpath = ""UserDefinedFields"")"
C:\Users\Seba\IdeaProjects\eam-light-backend\eam-wshub-core\src\main\java\ch\cern\eam\wshub\core\services\material\entities\IssueReturnPartTransaction.java,ch.cern.eam.wshub.core.services.material.entities,IssueReturnPartTransaction,userDefinedFields,1426,,UserDefinedFields,
C:\Users\Seba\IdeaProjects\eam-light-backend\eam-wshub-core\src\main\java\ch\cern\eam\wshub\core\services\material\entities\IssueReturnPartTransactionLine.java,ch.cern.eam.wshub.core.services.material.entities,IssueReturnPartTransactionLine,userDefinedFields,1427,,UserDefinedFields,"@InforField(xpath = ""StandardUserDefinedFields"")"
C:\Users\Seba\IdeaProjects\eam-light-backend\eam-wshub-core\src\main\java\ch\cern\eam\wshub\core\services\material\entities\NoPoReceipt.java,ch.cern.eam.wshub.core.services.material.entities,NoPoReceipt,userDefinedFields,1428,,UserDefinedFields,"@InforField(xpath = ""StandardUserDefinedFields"")"
C:\Users\Seba\IdeaProjects\eam-light-backend\eam-wshub-core\src\main\java\ch\cern\eam\wshub\core\services\material\entities\NoPoReceiptPart.java,ch.cern.eam.wshub.core.services.material.entities,NoPoReceiptPart,userDefinedFields,1429,,UserDefinedFields,"@InforField(xpath = ""StandardUserDefinedFields"")"
C:\Users\Seba\IdeaProjects\eam-light-backend\eam-wshub-core\src\main\java\ch\cern\eam\wshub\core\services\material\entities\Part.java,ch.cern.eam.wshub.core.services.material.entities,Part,userDefinedFields,1430,,UserDefinedFields,"@Transient, @InforField(xpath = ""UserDefinedFields"")"
C:\Users\Seba\IdeaProjects\eam-light-backend\eam-wshub-core\src\main\java\ch\cern\eam\wshub\core\services\material\entities\PhysicalInventory.java,ch.cern.eam.wshub.core.services.material.entities,PhysicalInventory,userDefinedFields,1431,,UserDefinedFields,"@Transient, @InforField(xpath = ""StandardUserDefinedFields"")"
C:\Users\Seba\IdeaProjects\eam-light-backend\eam-wshub-core\src\main\java\ch\cern\eam\wshub\core\services\material\entities\PurchaseOrder.java,ch.cern.eam.wshub.core.services.material.entities,PurchaseOrder,userDefinedFields,1432,,UserDefinedFields,
C:\Users\Seba\IdeaProjects\eam-light-backend\eam-wshub-core\src\main\java\ch\cern\eam\wshub\core\services\workorders\entities\Employee.java,ch.cern.eam.wshub.core.services.workorders.entities,Employee,userDefinedFields,1433,,UserDefinedFields,"@InforField(xpath = ""StandardUserDefinedFields"")"
C:\Users\Seba\IdeaProjects\eam-light-backend\eam-wshub-core\src\main\java\ch\cern\eam\wshub\core\services\workorders\entities\InforCase.java,ch.cern.eam.wshub.core.services.workorders.entities,InforCase,userDefinedFields,1434,,UserDefinedFields,"@Transient, @InforField(xpath = ""StandardUserDefinedFields"")"
C:\Users\Seba\IdeaProjects\eam-light-backend\eam-wshub-core\src\main\java\ch\cern\eam\wshub\core\services\workorders\entities\InforCaseTask.java,ch.cern.eam.wshub.core.services.workorders.entities,InforCaseTask,userDefinedFields,1435,,UserDefinedFields,@Embedded
C:\Users\Seba\IdeaProjects\eam-light-backend\eam-wshub-core\src\main\java\ch\cern\eam\wshub\core\services\workorders\entities\WorkOrder.java,ch.cern.eam.wshub.core.services.workorders.entities,WorkOrder,userDefinedFields,1436,,UserDefinedFields,"@Transient, @InforField(xpath = ""UserDefinedFields"")"
C:\Users\Seba\IdeaProjects\eam-light-backend\eam-wshub-core\src\main\java\ch\cern\eam\wshub\core\services\workorders\entities\WorkOrderActivityChecklist.java,ch.cern.eam.wshub.core.services.workorders.entities,WorkOrderActivityChecklist,userDefinedFields,1437,,UserDefinedFields,"@InforField(xpath = ""StandardUserDefinedFields"")"
C:\Users\Seba\IdeaProjects\eam-light-backend\eam-wshub-core\src\main\java\ch\cern\eam\wshub\core\services\workorders\impl\Safety.java,ch.cern.eam.wshub.core.services.workorders.impl,Safety,userDefinedFields,1438,,UserDefinedFields,"@InforField(xpath = ""StandardUserDefinedFields""), @GridField(name = """")"
C:\Users\Seba\IdeaProjects\eam-light-backend\eam-wshub-core\src\main\java\ch\cern\eam\wshub\core\services\equipment\entities\Equipment.java,ch.cern.eam.wshub.core.services.equipment.entities,Equipment,userDefinedList,1439,,"HashMap<String,ArrayList<UDLValue>>",@Transient
C:\Users\Seba\IdeaProjects\eam-light-backend\eam-wshub-core\src\main\java\ch\cern\eam\wshub\core\services\material\entities\Part.java,ch.cern.eam.wshub.core.services.material.entities,Part,userDefinedList,1440,,"HashMap<String,ArrayList<UDLValue>>",@Transient
C:\Users\Seba\IdeaProjects\eam-light-backend\eam-wshub-core\src\main\java\ch\cern\eam\wshub\core\services\workorders\entities\WorkOrder.java,ch.cern.eam.wshub.core.services.workorders.entities,WorkOrder,userDefinedList,1441,,"HashMap<String,ArrayList<UDLValue>>",@Transient
C:\Users\Seba\IdeaProjects\eam-light-backend\eam-wshub-core\src\main\java\ch\cern\eam\wshub\core\client\InforClient.java,ch.cern.eam.wshub.core.client,InforClient,userDefinedListService,1442,,UserDefinedListService,
C:\Users\Seba\IdeaProjects\eam-light-backend\eam-wshub-core\src\main\java\ch\cern\eam\wshub\core\client\InforClient.java,ch.cern.eam.wshub.core.client,InforClient,userDefinedScreenService,1443,,UserDefinedScreenService,
C:\Users\Seba\IdeaProjects\eam-light-backend\eam-wshub-core\src\main\java\ch\cern\eam\wshub\core\client\InforClient.java,ch.cern.eam.wshub.core.client,InforClient,userDefinedTableServices,1444,,UserDefinedTableService,
C:\Users\Seba\IdeaProjects\eam-light-backend\eam-wshub-core\src\main\java\ch\cern\eam\wshub\core\services\administration\entities\EAMUser.java,ch.cern.eam.wshub.core.services.administration.entities,EAMUser,userDesc,1445,,String,"@Column(name = ""USR_DESC""), @InforField(xpath = ""USERID/DESCRIPTION"")"
C:\Users\Seba\IdeaProjects\eam-light-backend\eam-wshub-core\src\main\java\ch\cern\eam\wshub\core\services\grids\entities\GridRequest.java,ch.cern.eam.wshub.core.services.grids.entities,GridRequest,userFunctionName,1446,,String,
C:\Users\Seba\IdeaProjects\eam-light-backend\eam-wshub-core\src\main\java\ch\cern\eam\wshub\core\services\administration\entities\EAMUser.java,ch.cern.eam.wshub.core.services.administration.entities,EAMUser,userGroup,1447,,String,"@Column(name = ""USR_GROUP""), @InforField(xpath = ""USERGROUP"")"
C:\Users\Seba\IdeaProjects\eam-light-backend\eam-wshub-core\src\main\java\ch\cern\eam\wshub\core\client\InforClient.java,ch.cern.eam.wshub.core.client,InforClient,userGroupMenuService,1448,,UserGroupMenuService,
C:\Users\Seba\IdeaProjects\eam-light-backend\eam-wshub-core\src\main\java\ch\cern\eam\wshub\core\services\administration\entities\EAMUser.java,ch.cern.eam.wshub.core.services.administration.entities,EAMUser,userIDExpirationDate,1449,,Date,"@Column(name = ""USR_EXPUSER""), @Temporal(TemporalType.DATE), @InforField(xpath = ""USEREXPIREDATE"")"
C:\Users\Seba\IdeaProjects\eam-light-backend\eam-wshub-core\src\main\java\ch\cern\eam\wshub\core\services\entities\Credentials.java,ch.cern.eam.wshub.core.services.entities,Credentials,username,1450,,String,
C:\Users\Seba\IdeaProjects\eam-light-backend\eam-wshub-core\src\main\java\ch\cern\eam\wshub\core\services\workorders\entities\WorkOrderActivityChecklistDefaultResult.java,ch.cern.eam.wshub.core.services.workorders.entities,WorkOrderActivityChecklistDefaultResult,userQualifications,1451,,List<UserQualification>,"@InforField(xpath = ""USERRESPONSIBILITY"")"
C:\Users\Seba\IdeaProjects\eam-light-backend\eam-wshub-core\src\main\java\ch\cern\eam\wshub\core\client\InforClient.java,ch.cern.eam.wshub.core.client,InforClient,userSetupService,1452,,UserSetupService,
C:\Users\Seba\IdeaProjects\eam-light-backend\eam-wshub-core\src\main\java\ch\cern\eam\wshub\core\services\entities\CustomField.java,ch.cern.eam.wshub.core.services.entities,CustomField,value,1453,,String,
C:\Users\Seba\IdeaProjects\eam-light-backend\eam-wshub-core\src\main\java\ch\cern\eam\wshub\core\services\entities\InstallParameters.java,ch.cern.eam.wshub.core.services.entities,InstallParameters,value,1454,,String,"@Column(name = ""ins_desc"")"
C:\Users\Seba\IdeaProjects\eam-light-backend\eam-wshub-core\src\main\java\ch\cern\eam\wshub\core\services\userdefinedscreens\entities\UDLEntry.java,ch.cern.eam.wshub.core.services.userdefinedscreens.entities,UDLEntry,value,1455,,UDLValue,
C:\Users\Seba\IdeaProjects\eam-light-backend\eam-wshub-core\src\main\java\ch\cern\eam\wshub\core\services\entities\CustomField.java,ch.cern.eam.wshub.core.services.entities,CustomField,valueDesc,1456,,String,
C:\Users\Seba\IdeaProjects\eam-light-backend\eam-wshub-core\src\main\java\ch\cern\eam\wshub\core\services\grids\customfields\GridCustomFieldHandler.java,ch.cern.eam.wshub.core.services.grids.customfields,GridCustomFieldHandler,VARCHAR_VALUE,1457,,String,
C:\Users\Seba\IdeaProjects\eam-light-backend\eam-wshub-core\src\main\java\ch\cern\eam\wshub\core\services\equipment\entities\Equipment.java,ch.cern.eam.wshub.core.services.equipment.entities,Equipment,variable1,1458,,String,"@Transient, @InforField(xpath = ""Variables/VARIABLE1"", nullifyParentLevel = 0)"
C:\Users\Seba\IdeaProjects\eam-light-backend\eam-wshub-core\src\main\java\ch\cern\eam\wshub\core\services\equipment\entities\Equipment.java,ch.cern.eam.wshub.core.services.equipment.entities,Equipment,variable2,1459,,String,"@Transient, @InforField(xpath = ""Variables/VARIABLE2"", nullifyParentLevel = 0)"
C:\Users\Seba\IdeaProjects\eam-light-backend\eam-wshub-core\src\main\java\ch\cern\eam\wshub\core\services\equipment\entities\Equipment.java,ch.cern.eam.wshub.core.services.equipment.entities,Equipment,variable3,1460,,String,"@Transient, @InforField(xpath = ""Variables/VARIABLE3"", nullifyParentLevel = 0)"
C:\Users\Seba\IdeaProjects\eam-light-backend\eam-wshub-core\src\main\java\ch\cern\eam\wshub\core\services\equipment\entities\Equipment.java,ch.cern.eam.wshub.core.services.equipment.entities,Equipment,variable4,1461,,String,"@Transient, @InforField(xpath = ""Variables/VARIABLE4"", nullifyParentLevel = 0)"
C:\Users\Seba\IdeaProjects\eam-light-backend\eam-wshub-core\src\main\java\ch\cern\eam\wshub\core\services\equipment\entities\Equipment.java,ch.cern.eam.wshub.core.services.equipment.entities,Equipment,variable5,1462,,String,"@Transient, @InforField(xpath = ""Variables/VARIABLE5"", nullifyParentLevel = 0)"
C:\Users\Seba\IdeaProjects\eam-light-backend\eam-wshub-core\src\main\java\ch\cern\eam\wshub\core\services\equipment\entities\Equipment.java,ch.cern.eam.wshub.core.services.equipment.entities,Equipment,variable6,1463,,String,"@Transient, @InforField(xpath = ""Variables/VARIABLE6"", nullifyParentLevel = 0)"
C:\Users\Seba\IdeaProjects\eam-light-backend\eam-wshub-core\src\main\java\ch\cern\eam\wshub\core\services\equipment\entities\Equipment.java,ch.cern.eam.wshub.core.services.equipment.entities,Equipment,vehicle,1464,,Boolean,"@Transient, @InforField(xpath = ""FleetVehicleInfo/ISVEHICLE"", nullifyParentLevel = 0)"
C:\Users\Seba\IdeaProjects\eam-light-backend\eam-wshub-core\src\main\java\ch\cern\eam\wshub\core\services\equipment\entities\Equipment.java,ch.cern.eam.wshub.core.services.equipment.entities,Equipment,vehicleTypeCode,1465,,String,"@Transient, @InforField(xpath = ""FleetVehicleInfo/VEHICLETYPE/TYPECODE"", nullifyParentLevel = 1)"
C:\Users\Seba\IdeaProjects\eam-light-backend\eam-wshub-core\src\main\java\ch\cern\eam\wshub\core\services\equipment\entities\Equipment.java,ch.cern.eam.wshub.core.services.equipment.entities,Equipment,vendor,1466,,String,"@Transient, @InforField(xpath = ""VENDOR"", nullifyParentLevel = 0)"
C:\Users\Seba\IdeaProjects\eam-light-backend\eam-wshub-core\src\main\java\ch\cern\eam\wshub\core\services\workorders\entities\WorkOrder.java,ch.cern.eam.wshub.core.services.workorders.entities,WorkOrder,vendor,1467,,String,"@Transient, @InforField(xpath = ""VENDOR"")"
C:\Users\Seba\IdeaProjects\eam-light-backend\eam-wshub-core\src\main\java\ch\cern\eam\wshub\core\services\workorders\entities\WorkOrderActivityChecklistSignatureResult.java,ch.cern.eam.wshub.core.services.workorders.entities,WorkOrderActivityChecklistSignatureResult,viewAsPerformer,1468,,Boolean,
C:\Users\Seba\IdeaProjects\eam-light-backend\eam-wshub-core\src\main\java\ch\cern\eam\wshub\core\services\workorders\entities\WorkOrderActivityChecklistSignatureResult.java,ch.cern.eam.wshub.core.services.workorders.entities,WorkOrderActivityChecklistSignatureResult,viewAsReviewer,1469,,Boolean,
C:\Users\Seba\IdeaProjects\eam-light-backend\eam-wshub-core\src\main\java\ch\cern\eam\wshub\core\services\workorders\entities\WorkOrderActivityChecklistSignatureResult.java,ch.cern.eam.wshub.core.services.workorders.entities,WorkOrderActivityChecklistSignatureResult,viewAsViewer,1470,,Boolean,
C:\Users\Seba\IdeaProjects\eam-light-backend\eam-wshub-core\src\main\java\ch\cern\eam\wshub\core\services\grids\customfields\DataspyCustomField.java,ch.cern.eam.wshub.core.services.grids.customfields,DataspyCustomField,viewType,1471,,String,"@Column(name = ""DCF_VIEWTYPE"")"
C:\Users\Seba\IdeaProjects\eam-light-backend\eam-wshub-core\src\main\java\ch\cern\eam\wshub\core\services\grids\entities\GridField.java,ch.cern.eam.wshub.core.services.grids.entities,GridField,visible,1472,,Boolean,@Transient
C:\Users\Seba\IdeaProjects\eam-light-backend\eam-wshub-core\src\main\java\ch\cern\eam\wshub\core\services\workorders\entities\WorkOrder.java,ch.cern.eam.wshub.core.services.workorders.entities,WorkOrder,warranty,1473,,Boolean,"@Transient, @InforField(xpath = ""WARRANTY"", booleanType = BooleanType.TRUE_FALSE)"
C:\Users\Seba\IdeaProjects\eam-light-backend\eam-wshub-core\src\main\java\ch\cern\eam\wshub\core\services\equipment\entities\EquipmentWarranty.java,ch.cern.eam.wshub.core.services.equipment.entities,EquipmentWarranty,warrantyCode,1474,,String,"@Column(name = ""WCV_WARRANTY"")"
C:\Users\Seba\IdeaProjects\eam-light-backend\eam-wshub-core\src\main\java\ch\cern\eam\wshub\core\services\casemanagement\entities\EAMCaseManagement.java,ch.cern.eam.wshub.core.services.casemanagement.entities,EAMCaseManagement,whathappened,1475,,String,"@InforField(xpath = ""RouteCauseAnalysisDetails/WHATHAPPENED"", nullifyParentLevel = 0)"
C:\Users\Seba\IdeaProjects\eam-light-backend\eam-wshub-core\src\main\java\ch\cern\eam\wshub\core\services\userdefinedscreens\entities\UDTOpBean.java,ch.cern.eam.wshub.core.services.userdefinedscreens.entities,UDTOpBean,whereFilters,1476,,UDTRow,
C:\Users\Seba\IdeaProjects\eam-light-backend\eam-wshub-core\src\main\java\ch\cern\eam\wshub\core\services\casemanagement\entities\EAMCaseManagement.java,ch.cern.eam.wshub.core.services.casemanagement.entities,EAMCaseManagement,why1,1477,,String,"@InforField(xpath = ""RouteCauseAnalysisDetails/WHY1"", nullifyParentLevel = 0)"
C:\Users\Seba\IdeaProjects\eam-light-backend\eam-wshub-core\src\main\java\ch\cern\eam\wshub\core\services\casemanagement\entities\EAMCaseManagement.java,ch.cern.eam.wshub.core.services.casemanagement.entities,EAMCaseManagement,why2,1478,,String,"@InforField(xpath = ""RouteCauseAnalysisDetails/WHY2"", nullifyParentLevel = 0)"
C:\Users\Seba\IdeaProjects\eam-light-backend\eam-wshub-core\src\main\java\ch\cern\eam\wshub\core\services\casemanagement\entities\EAMCaseManagement.java,ch.cern.eam.wshub.core.services.casemanagement.entities,EAMCaseManagement,why3,1479,,String,"@InforField(xpath = ""RouteCauseAnalysisDetails/WHY3"", nullifyParentLevel = 0)"
C:\Users\Seba\IdeaProjects\eam-light-backend\eam-wshub-core\src\main\java\ch\cern\eam\wshub\core\services\casemanagement\entities\EAMCaseManagement.java,ch.cern.eam.wshub.core.services.casemanagement.entities,EAMCaseManagement,why4,1480,,String,"@InforField(xpath = ""RouteCauseAnalysisDetails/WHY4"", nullifyParentLevel = 0)"
C:\Users\Seba\IdeaProjects\eam-light-backend\eam-wshub-core\src\main\java\ch\cern\eam\wshub\core\services\casemanagement\entities\EAMCaseManagement.java,ch.cern.eam.wshub.core.services.casemanagement.entities,EAMCaseManagement,why5,1481,,String,"@InforField(xpath = ""RouteCauseAnalysisDetails/WHY5"", nullifyParentLevel = 0)"
C:\Users\Seba\IdeaProjects\eam-light-backend\eam-wshub-core\src\main\java\ch\cern\eam\wshub\core\services\grids\customfields\DataspyCustomField.java,ch.cern.eam.wshub.core.services.grids.customfields,DataspyCustomField,width,1482,,String,"@Column(name = ""DCF_WIDTH"")"
C:\Users\Seba\IdeaProjects\eam-light-backend\eam-wshub-core\src\main\java\ch\cern\eam\wshub\core\services\grids\entities\GridField.java,ch.cern.eam.wshub.core.services.grids.entities,GridField,width,1483,,String,"@Column(name = ""DQF_COLUMNWIDTH"")"
C:\Users\Seba\IdeaProjects\eam-light-backend\eam-wshub-core\src\main\java\ch\cern\eam\wshub\core\services\casemanagement\entities\EAMCaseManagement.java,ch.cern.eam.wshub.core.services.casemanagement.entities,EAMCaseManagement,woDescription,1484,,String,"@InforField(xpath = ""FollowupWODetails/WODESCRIPTION"", nullifyParentLevel = 0)"
C:\Users\Seba\IdeaProjects\eam-light-backend\eam-wshub-core\src\main\java\ch\cern\eam\wshub\core\services\workorders\entities\MeterReading.java,ch.cern.eam.wshub.core.services.workorders.entities,MeterReading,woNumber,1485,769,String,"@InforField(xpath = ""WORKORDERID/JOBNUM""), @ManyToOne"
C:\Users\Seba\IdeaProjects\eam-light-backend\eam-wshub-core\src\main\java\ch\cern\eam\wshub\core\services\casemanagement\entities\EAMCaseManagement.java,ch.cern.eam.wshub.core.services.casemanagement.entities,EAMCaseManagement,woPriority,1486,,String,"@InforField(xpath = ""FollowupWODetails/WOPRIORITY/PRIORITYCODE"", nullifyParentLevel = 1)"
C:\Users\Seba\IdeaProjects\eam-light-backend\eam-wshub-core\src\main\java\ch\cern\eam\wshub\core\services\casemanagement\entities\EAMCaseManagement.java,ch.cern.eam.wshub.core.services.casemanagement.entities,EAMCaseManagement,workaddress,1487,,String,"@InforField(xpath = ""CaseDetails/WORKADDRESS"", nullifyParentLevel = 0)"
C:\Users\Seba\IdeaProjects\eam-light-backend\eam-wshub-core\src\main\java\ch\cern\eam\wshub\core\services\workorders\entities\InforCase.java,ch.cern.eam.wshub.core.services.workorders.entities,InforCase,workaddress,1488,,String,@Transient
C:\Users\Seba\IdeaProjects\eam-light-backend\eam-wshub-core\src\main\java\ch\cern\eam\wshub\core\services\equipment\entities\EquipmentPMSchedule.java,ch.cern.eam.wshub.core.services.equipment.entities,EquipmentPMSchedule,workOrder,1489,769,String,"@Transient, @ManyToOne"
C:\Users\Seba\IdeaProjects\eam-light-backend\eam-wshub-core\src\main\java\ch\cern\eam\wshub\core\services\equipment\entities\EquipmentPMSchedule.java,ch.cern.eam.wshub.core.services.equipment.entities,EquipmentPMSchedule,workOrderClass,1490,769,String,"@Transient, @ManyToOne"
C:\Users\Seba\IdeaProjects\eam-light-backend\eam-wshub-core\src\main\java\ch\cern\eam\wshub\core\services\casemanagement\entities\EAMCaseManagement.java,ch.cern.eam.wshub.core.services.casemanagement.entities,EAMCaseManagement,workorderClassCode,1491,769,String,"@InforField(xpath = ""FollowupWODetails/WORKORDERCLASSID/CLASSCODE"", nullifyParentLevel = 1), @ManyToOne"
C:\Users\Seba\IdeaProjects\eam-light-backend\eam-wshub-core\src\main\java\ch\cern\eam\wshub\core\services\casemanagement\entities\EAMCaseManagement.java,ch.cern.eam.wshub.core.services.casemanagement.entities,EAMCaseManagement,workOrderCode,1492,769,String,"@InforField(xpath = ""CaseDetails/WORKORDERID/JOBNUM"", nullifyParentLevel = 1), @ManyToOne"
C:\Users\Seba\IdeaProjects\eam-light-backend\eam-wshub-core\src\main\java\ch\cern\eam\wshub\core\services\material\entities\PickTicket.java,ch.cern.eam.wshub.core.services.material.entities,PickTicket,workorderCode,1493,769,String,"@InforField(xpath = ""WORKORDERACTIVITY/ACTIVITYID/WORKORDERID""), @ManyToOne"
C:\Users\Seba\IdeaProjects\eam-light-backend\eam-wshub-core\src\main\java\ch\cern\eam\wshub\core\services\workorders\entities\WorkOrderActivityChecklist.java,ch.cern.eam.wshub.core.services.workorders.entities,WorkOrderActivityChecklist,workOrderCode,1494,769,String,"@NonNull, @InforField(xpath = ""ACTIVITYID/WORKORDERID/JOBNUM""), @ManyToOne"
C:\Users\Seba\IdeaProjects\eam-light-backend\eam-wshub-core\src\main\java\ch\cern\eam\wshub\core\services\workorders\entities\WorkOrderActivityChecklistItem.java,ch.cern.eam.wshub.core.services.workorders.entities,WorkOrderActivityChecklistItem,workOrderCode,1495,769,String,@ManyToOne
C:\Users\Seba\IdeaProjects\eam-light-backend\eam-wshub-core\src\main\java\ch\cern\eam\wshub\core\services\workorders\entities\WorkOrderActivityChecklistSignature.java,ch.cern.eam.wshub.core.services.workorders.entities,WorkOrderActivityChecklistSignature,workOrderCode,1496,769,String,"@InforField(xpath = ""ACTIVITYID/WORKORDERID/JOBNUM""), @ManyToOne"
C:\Users\Seba\IdeaProjects\eam-light-backend\eam-wshub-core\src\main\java\ch\cern\eam\wshub\core\services\material\entities\IssueReturnPartTransaction.java,ch.cern.eam.wshub.core.services.material.entities,IssueReturnPartTransaction,workOrderDesc,1497,769,String,@ManyToOne
C:\Users\Seba\IdeaProjects\eam-light-backend\eam-wshub-core\src\main\java\ch\cern\eam\wshub\core\client\InforClient.java,ch.cern.eam.wshub.core.client,InforClient,workOrderMiscService,1498,769,WorkOrderMiscService,@ManyToOne
C:\Users\Seba\IdeaProjects\eam-light-backend\eam-wshub-core\src\main\java\ch\cern\eam\wshub\core\services\material\entities\IssueReturnPartTransaction.java,ch.cern.eam.wshub.core.services.material.entities,IssueReturnPartTransaction,workOrderNumber,1499,769,String,@ManyToOne
C:\Users\Seba\IdeaProjects\eam-light-backend\eam-wshub-core\src\main\java\ch\cern\eam\wshub\core\services\workorders\entities\Activity.java,ch.cern.eam.wshub.core.services.workorders.entities,Activity,workOrderNumber,1500,769,String,"@Column(name = ""ACT_EVENT""), @GridField(name = ""workordernum""), @InforField(xpath = ""ACTIVITYID/WORKORDERID/JOBNUM""), @ManyToOne"
C:\Users\Seba\IdeaProjects\eam-light-backend\eam-wshub-core\src\main\java\ch\cern\eam\wshub\core\services\workorders\entities\LaborBooking.java,ch.cern.eam.wshub.core.services.workorders.entities,LaborBooking,workOrderNumber,1501,769,String,"@Column(name = ""BOO_EVENT""), @GridField(name = ""event""), @ManyToOne"
C:\Users\Seba\IdeaProjects\eam-light-backend\eam-wshub-core\src\main\java\ch\cern\eam\wshub\core\client\InforClient.java,ch.cern.eam.wshub.core.client,InforClient,workOrderService,1502,769,WorkOrderService,@ManyToOne
C:\Users\Seba\IdeaProjects\eam-light-backend\eam-wshub-core\src\main\java\ch\cern\eam\wshub\core\services\casemanagement\entities\EAMCaseManagement.java,ch.cern.eam.wshub.core.services.casemanagement.entities,EAMCaseManagement,workorderStatus,1503,769,String,"@InforField(xpath = ""FollowupWODetails/WORKORDERSTATUS/STATUSCODE"", nullifyParentLevel = 1), @ManyToOne"
C:\Users\Seba\IdeaProjects\eam-light-backend\eam-wshub-core\src\main\java\ch\cern\eam\wshub\core\services\casemanagement\entities\EAMCaseManagement.java,ch.cern.eam.wshub.core.services.casemanagement.entities,EAMCaseManagement,workOrderType,1504,769,String,"@InforField(xpath = ""FollowupWODetails/WORKORDERTYPE/TYPECODE"", nullifyParentLevel = 1), @ManyToOne"
C:\Users\Seba\IdeaProjects\eam-light-backend\eam-wshub-core\src\main\java\ch\cern\eam\wshub\core\services\equipment\entities\Equipment.java,ch.cern.eam.wshub.core.services.equipment.entities,Equipment,workspaceNo,1505,,String,"@InforField(xpath = ""WORKSPACEID/WORKSPACENUMBER"")"
C:\Users\Seba\IdeaProjects\eam-light-backend\eam-wshub-core\src\main\java\ch\cern\eam\wshub\core\services\equipment\entities\Equipment.java,ch.cern.eam.wshub.core.services.equipment.entities,Equipment,xCoordinate,1506,,BigDecimal,"@Transient, @InforField(xpath = ""ManufacturerInfo/XCOORDINATE"", nullifyParentLevel = 0)"
C:\Users\Seba\IdeaProjects\eam-light-backend\eam-wshub-core\src\main\java\ch\cern\eam\wshub\core\services\equipment\entities\Equipment.java,ch.cern.eam.wshub.core.services.equipment.entities,Equipment,xLocation,1507,679,BigDecimal,"@Transient, @InforField(xpath = ""XLOCATION""), @ManyToOne"
C:\Users\Seba\IdeaProjects\eam-light-backend\eam-wshub-core\src\main\java\ch\cern\eam\wshub\core\services\equipment\entities\Equipment.java,ch.cern.eam.wshub.core.services.equipment.entities,Equipment,yCoordinate,1508,,BigDecimal,"@Transient, @InforField(xpath = ""ManufacturerInfo/YCOORDINATE"", nullifyParentLevel = 0)"
C:\Users\Seba\IdeaProjects\eam-light-backend\eam-wshub-core\src\main\java\ch\cern\eam\wshub\core\services\equipment\entities\Equipment.java,ch.cern.eam.wshub.core.services.equipment.entities,Equipment,yearBuilt,1509,,BigDecimal,"@Transient, @InforField(xpath = ""FacilityConditionIndex/YEARBUILT"", nullifyParentLevel = 0)"
C:\Users\Seba\IdeaProjects\eam-light-backend\eam-wshub-core\src\main\java\ch\cern\eam\wshub\core\services\equipment\entities\Equipment.java,ch.cern.eam.wshub.core.services.equipment.entities,Equipment,yLocation,1510,679,BigDecimal,"@Transient, @InforField(xpath = ""YLOCATION""), @ManyToOne"
C:\Users\Seba\IdeaProjects\eam-light-backend\eam-wshub-core\src\main\java\ch\cern\eam\wshub\core\services\equipment\entities\Equipment.java,ch.cern.eam.wshub.core.services.equipment.entities,Equipment,zCoordinate,1511,,BigDecimal,"@Transient, @InforField(xpath = ""ManufacturerInfo/ZCOORDINATE"", nullifyParentLevel = 0)"
